{"type":"FeatureCollection","features":[{"type":"Feature","properties":{"code":"9268","name":"Άνδρου","pe":"Π.Ε. Άνδρου"},"geometry":{"type":"MultiPolygon","coordinates":[[[[24.7929,37.9895],[24.7851,37.983],[24.7943,37.977],[24.7926,37.9691],[24.8214,37.9661],[24.832,37.9594],[24.8261,37.9366],[24.8384,37.9236],[24.8399,37.9097],[24.8492,37.9122],[24.8554,37.9109],[24.8555,37.9059],[24.863,37.9089],[24.8699,37.9055],[24.8714,37.9091],[24.8763,37.9056],[24.8741,37.9021],[24.8814,37.9004],[24.9002,37.9038],[24.9084,37.9036],[24.9088,37.8998],[24.9304,37.9039],[24.9375,37.901],[24.9428,37.9042],[24.9576,37.8971],[24.9513,37.8954],[24.9571,37.8914],[24.955,37.8866],[24.9586,37.8829],[24.9541,37.8773],[24.9572,37.8705],[24.9483,37.8654],[24.951,37.8603],[24.94,37.8561],[24.9421,37.8497],[24.9348,37.8425],[24.9377,37.8394],[24.9441,37.8426],[24.9433,37.8352],[24.9515,37.8401],[24.9473,37.8335],[24.9565,37.8354],[24.955,37.8309],[24.9606,37.834],[24.9595,37.8221],[24.9689,37.8273],[24.9737,37.8212],[24.9718,37.8161],[24.9783,37.8171],[24.9807,37.8133],[24.9648,37.7961],[24.9735,37.7916],[24.9631,37.7887],[24.9587,37.7833],[24.961,37.7794],[24.9515,37.7726],[24.9558,37.767],[24.9773,37.774],[25.0005,37.7699],[24.9933,37.7613],[24.9967,37.7575],[24.9881,37.7535],[24.99,37.7483],[24.9839,37.7439],[24.9876,37.7415],[24.9739,37.72],[24.9608,37.7069],[24.9529,37.7052],[24.954,37.6983],[24.9603,37.6948],[24.9554,37.689],[24.9626,37.6868],[24.9615,37.6824],[24.9514,37.6829],[24.9472,37.6888],[24.9304,37.6963],[24.9299,37.7025],[24.9247,37.7014],[24.923,37.7086],[24.9105,37.718],[24.9139,37.7263],[24.9046,37.733],[24.8886,37.7659],[24.8702,37.7664],[24.8588,37.7783],[24.8491,37.7763],[24.8514,37.7828],[24.8483,37.7827],[24.846,37.793],[24.8254,37.7969],[24.8271,37.811],[24.8166,37.8203],[24.8032,37.8229],[24.7955,37.8165],[24.799,37.8327],[24.7886,37.841],[24.7905,37.8465],[24.785,37.858],[24.7776,37.8537],[24.7764,37.8638],[24.7668,37.8752],[24.7582,37.8754],[24.7563,37.8719],[24.7542,37.8777],[24.7439,37.8809],[24.7332,37.8776],[24.7363,37.8857],[24.7317,37.8877],[24.7272,37.8747],[24.7096,37.8712],[24.7119,37.8818],[24.7048,37.8814],[24.7035,37.8868],[24.7107,37.8895],[24.7105,37.8957],[24.7042,37.8954],[24.6954,37.9027],[24.6975,37.9139],[24.692,37.9155],[24.6931,37.9223],[24.6841,37.9211],[24.6799,37.9249],[24.6827,37.9276],[24.6914,37.9249],[24.6925,37.9417],[24.6855,37.9442],[24.6843,37.9511],[24.6924,37.9658],[24.7259,37.9764],[24.7309,37.9797],[24.73,37.9846],[24.7471,37.9925],[24.7614,37.9948],[24.7631,37.9918],[24.7645,37.9955],[24.7893,37.9996],[24.7929,37.9895]]],[[[24.7495,37.8547],[24.7517,37.8492],[24.7494,37.8436],[24.7495,37.8547]]],[[[24.7336,37.8525],[24.736,37.8533],[24.7363,37.8524],[24.7336,37.8525]]],[[[24.7457,37.8534],[24.7454,37.852],[24.7445,37.8519],[24.7457,37.8534]]],[[[24.7458,37.8573],[24.7473,37.8573],[24.747,37.8558],[24.7458,37.8573]]],[[[24.7386,37.859],[24.7391,37.8589],[24.7387,37.8582],[24.7386,37.859]]],[[[24.9082,37.9041],[24.9079,37.9045],[24.9083,37.905],[24.9082,37.9041]]],[[[24.8743,37.908],[24.8739,37.908],[24.8742,37.9085],[24.8743,37.908]]],[[[24.9589,37.6911],[24.9599,37.6909],[24.9592,37.6904],[24.9589,37.6911]]],[[[24.9881,37.7426],[24.9876,37.7429],[24.9883,37.7429],[24.9881,37.7426]]],[[[24.9888,37.7427],[24.9888,37.7433],[24.9894,37.7432],[24.9888,37.7427]]],[[[24.9582,37.8752],[24.9563,37.8756],[24.9578,37.876],[24.9582,37.8752]]],[[[24.9573,37.8869],[24.9572,37.8873],[24.958,37.8873],[24.9573,37.8869]]],[[[24.9568,37.8925],[24.9576,37.8928],[24.9576,37.892],[24.9568,37.8925]]],[[[24.9468,37.9031],[24.9466,37.9034],[24.9471,37.9035],[24.9468,37.9031]]]]}},{"type":"Feature","properties":{"code":"9076","name":"Νικολάου Σκουφά","pe":"Π.Ε. Άρτας"},"geometry":{"type":"MultiPolygon","coordinates":[[[[20.9157,39.0067],[20.9179,39.0119],[20.9228,39.0052],[20.9263,39.0133],[20.9257,39.0066],[20.9229,39.0048],[20.9157,39.0067]]],[[[20.9266,39.0137],[20.9301,39.017],[20.9298,39.0163],[20.9266,39.0137]]],[[[20.9242,39.0139],[20.9215,39.0099],[20.9095,39.0242],[20.9242,39.0139]]],[[[20.9294,39.0175],[20.9329,39.0221],[20.9338,39.0212],[20.9294,39.0175]]],[[[20.9357,39.0225],[20.9342,39.0215],[20.9399,39.0279],[20.9357,39.0225]]],[[[20.9197,39.038],[20.9203,39.0373],[20.9163,39.0367],[20.9197,39.038]]],[[[20.9197,39.0404],[20.9187,39.0394],[20.9182,39.0396],[20.9197,39.0404]]],[[[20.9289,39.0452],[20.9276,39.0456],[20.9288,39.0461],[20.9289,39.0452]]],[[[21.0698,39.0086],[21.0673,39.0101],[21.0715,39.0111],[21.0726,39.0076],[21.0698,39.0086]]],[[[20.9776,39.0182],[20.977,39.0184],[20.9774,39.0198],[20.9776,39.0182]]],[[[20.9708,39.0212],[20.9717,39.0193],[20.9701,39.0199],[20.9708,39.0212]]],[[[21.0805,39.0453],[21.0815,39.0457],[21.077,39.0428],[21.0805,39.0453]]],[[[21.0874,39.0485],[21.0897,39.0481],[21.0819,39.0456],[21.0874,39.0485]]],[[[21.083,39.0478],[21.0827,39.0481],[21.0829,39.0487],[21.083,39.0478]]],[[[21.0944,39.1005],[21.1091,39.0863],[21.0872,39.0808],[21.1086,39.0461],[21.0905,39.0483],[21.1072,39.0468],[21.101,39.0517],[21.104,39.0487],[21.0802,39.0531],[21.0731,39.0454],[21.0769,39.0422],[21.0747,39.0238],[21.0687,39.0426],[21.0649,39.0421],[21.0692,39.0393],[21.0685,39.0341],[21.0681,39.0387],[21.0612,39.0413],[21.0546,39.0381],[21.0611,39.0327],[21.0572,39.0285],[21.0416,39.0252],[21.0548,39.0167],[21.0766,39.0136],[21.0668,39.0116],[21.0664,39.0092],[21.0694,39.0051],[21.0341,39.0194],[21.0332,39.0168],[21.0639,39.0033],[21.0458,39.0067],[21.0484,39.0028],[21.0426,39.0073],[21.0356,39.0099],[21.048,39.0022],[21.0473,39.0002],[21.0423,39.005],[21.0399,39.0061],[21.0416,39.0024],[21.0004,39.0122],[20.9869,39.0042],[20.9844,39.0109],[20.9885,39.0058],[21.0008,39.013],[20.9985,39.0172],[20.9854,39.0149],[20.9805,39.0261],[20.9794,39.021],[20.9785,39.0255],[20.9699,39.0232],[20.9726,39.0321],[20.9673,39.0364],[20.9549,39.0362],[20.9712,39.0867],[20.9662,39.0981],[20.9727,39.103],[20.9712,39.1078],[21.0077,39.1101],[21.0097,39.1222],[21.0194,39.1156],[21.0265,39.0979],[21.0457,39.105],[21.0491,39.1025],[21.0555,39.1102],[21.0498,39.1231],[21.0344,39.1248],[21.0303,39.1307],[21.0353,39.1338],[21.0035,39.1574],[21.0036,39.1653],[21.0145,39.1803],[21.0288,39.1847],[21.0201,39.2129],[21.0234,39.218],[21.0137,39.2239],[21.0137,39.2327],[21.0398,39.2491],[21.0718,39.2494],[21.0712,39.2576],[21.0919,39.2658],[21.1,39.2756],[21.1279,39.2644],[21.1172,39.2455],[21.1103,39.2421],[21.1176,39.2331],[21.1189,39.2128],[21.1129,39.1986],[21.0768,39.168],[21.0727,39.1532],[21.0892,39.1417],[21.101,39.1439],[21.1076,39.1512],[21.1235,39.1572],[21.121,39.1446],[21.1332,39.136],[21.1273,39.1243],[21.0944,39.1005]]]]}},{"type":"Feature","properties":{"code":"9073","name":"Αρταίων","pe":"Π.Ε. Άρτας"},"geometry":{"type":"MultiPolygon","coordinates":[[[[20.8347,39.0353],[20.8498,39.0332],[20.8288,39.0356],[20.8258,39.048],[20.8347,39.0353]]],[[[20.8407,39.0413],[20.8383,39.0403],[20.8395,39.0414],[20.8407,39.0413]]],[[[20.8409,39.0426],[20.8421,39.0426],[20.8411,39.0416],[20.8409,39.0426]]],[[[20.8479,39.0463],[20.8497,39.0437],[20.8511,39.0436],[20.8493,39.0427],[20.8479,39.0463]]],[[[20.8458,39.045],[20.844,39.0461],[20.8446,39.0462],[20.8458,39.045]]],[[[20.8255,39.0481],[20.8231,39.0513],[20.8246,39.0516],[20.8255,39.0481]]],[[[20.851,39.0541],[20.8516,39.0551],[20.8528,39.0544],[20.851,39.0541]]],[[[20.8236,39.0536],[20.8239,39.0519],[20.8084,39.0616],[20.7853,39.0562],[20.8005,39.0634],[20.8113,39.0614],[20.8236,39.0536]]],[[[20.8362,39.0635],[20.8352,39.0646],[20.836,39.0642],[20.8362,39.0635]]],[[[20.8472,39.0654],[20.8478,39.0648],[20.8466,39.064],[20.8472,39.0654]]],[[[20.7621,39.0881],[20.7627,39.1011],[20.7911,39.1112],[20.8116,39.107],[20.8023,39.1017],[20.8012,39.1069],[20.7951,39.1098],[20.7909,39.1046],[20.7854,39.1079],[20.7882,39.1031],[20.7921,39.1048],[20.7954,39.1088],[20.7995,39.1055],[20.7998,39.1],[20.7936,39.0957],[20.7793,39.105],[20.7726,39.1037],[20.7728,39.0973],[20.7821,39.1002],[20.7808,39.095],[20.7888,39.0968],[20.7905,39.0913],[20.7722,39.0833],[20.7914,39.0837],[20.787,39.0801],[20.8119,39.0777],[20.7882,39.0747],[20.7905,39.0643],[20.7811,39.0582],[20.7866,39.0539],[20.7795,39.0461],[20.772,39.0513],[20.7729,39.0595],[20.7621,39.0881]]],[[[20.7917,39.0889],[20.7908,39.0916],[20.7977,39.0871],[20.7917,39.0889]]],[[[20.9065,39.0281],[20.9098,39.0248],[20.8951,39.0327],[20.9065,39.0281]]],[[[20.8908,39.0357],[20.8941,39.0334],[20.8857,39.0332],[20.8908,39.0357]]],[[[20.8758,39.0356],[20.8798,39.0366],[20.8858,39.0346],[20.8758,39.0356]]],[[[20.8534,39.0404],[20.8537,39.0417],[20.8544,39.0412],[20.8534,39.0404]]],[[[20.8532,39.0427],[20.8503,39.044],[20.8527,39.0445],[20.8532,39.0427]]],[[[20.9126,39.0475],[20.9125,39.0469],[20.9105,39.0492],[20.9126,39.0475]]],[[[20.8545,39.0524],[20.8545,39.0537],[20.8554,39.0531],[20.8545,39.0524]]],[[[20.8797,39.0547],[20.8774,39.0533],[20.8777,39.0558],[20.8797,39.0547]]],[[[20.8937,39.0639],[20.8948,39.0631],[20.8943,39.063],[20.8937,39.0639]]],[[[20.8956,39.0652],[20.8913,39.0686],[20.8926,39.0694],[20.8956,39.0652]]],[[[20.9411,39.0274],[20.9427,39.0346],[20.9482,39.0343],[20.9431,39.0402],[20.9418,39.0362],[20.9329,39.0497],[20.9396,39.0581],[20.9313,39.0551],[20.9473,39.0679],[20.9297,39.0589],[20.9261,39.0647],[20.9201,39.0598],[20.9175,39.0658],[20.912,39.0612],[20.9116,39.0668],[20.8921,39.0773],[20.8865,39.0656],[20.8927,39.0573],[20.877,39.0627],[20.866,39.0552],[20.8694,39.0516],[20.8619,39.0435],[20.8754,39.0359],[20.8723,39.0322],[20.8507,39.0335],[20.8594,39.0347],[20.8596,39.0433],[20.8553,39.0458],[20.8602,39.0459],[20.8604,39.0518],[20.8565,39.0519],[20.8632,39.0631],[20.8491,39.0613],[20.8527,39.0675],[20.8437,39.0704],[20.8452,39.0577],[20.8357,39.0688],[20.8408,39.0731],[20.8376,39.0731],[20.8386,39.0769],[20.8222,39.0728],[20.824,39.0671],[20.8185,39.0758],[20.8126,39.0757],[20.8293,39.078],[20.8414,39.0929],[20.8204,39.1139],[20.8132,39.1059],[20.803,39.117],[20.8084,39.1233],[20.8079,39.1328],[20.8167,39.1415],[20.8225,39.1417],[20.8346,39.1301],[20.8802,39.1717],[20.8923,39.1627],[20.8963,39.1766],[20.8916,39.1816],[20.8985,39.1835],[20.9015,39.1908],[20.8994,39.202],[20.8774,39.2167],[20.8749,39.229],[20.8587,39.2479],[20.8693,39.2602],[20.8801,39.2601],[20.8852,39.2517],[20.8915,39.2585],[20.9,39.2577],[20.9072,39.267],[20.9255,39.2717],[20.9286,39.2846],[20.9556,39.2932],[20.9629,39.3187],[20.9905,39.345],[20.988,39.3487],[20.971,39.3464],[20.9717,39.3618],[20.992,39.3931],[21.0213,39.4114],[21.0446,39.3976],[21.0426,39.3915],[21.0531,39.3812],[21.0538,39.3734],[21.0507,39.3641],[21.0435,39.3633],[21.0429,39.3543],[21.0362,39.3504],[21.0395,39.3357],[21.0312,39.3302],[21.0391,39.3209],[21.0257,39.3148],[21.0274,39.3032],[21.0192,39.2915],[21.0114,39.2934],[21.0171,39.2865],[21.0056,39.2794],[21.0135,39.2764],[21.0072,39.2631],[21.0131,39.2574],[21.0092,39.2491],[21.0219,39.2371],[21.0137,39.2327],[21.0133,39.2251],[21.0234,39.218],[21.0201,39.2129],[21.0288,39.1854],[21.0145,39.1803],[21.0033,39.1592],[21.0353,39.1338],[21.0303,39.1307],[21.0344,39.1248],[21.0498,39.1231],[21.0557,39.1113],[21.0491,39.1025],[21.0457,39.105],[21.0265,39.0979],[21.0194,39.1156],[21.0097,39.1222],[21.0077,39.1101],[20.9712,39.1078],[20.9727,39.103],[20.9662,39.0981],[20.9712,39.0867],[20.9527,39.0328],[20.9411,39.0274]]]]}},{"type":"Feature","properties":{"code":"9075","name":"Κεντρικών Τζουμέρκων","pe":"Π.Ε. Άρτας"},"geometry":{"type":"Polygon","coordinates":[[[21.0279,39.4245],[21.0222,39.4402],[21.0336,39.4526],[21.0317,39.4573],[21.0405,39.4684],[21.0473,39.4919],[21.0598,39.5058],[21.0567,39.5108],[21.0594,39.5285],[21.0561,39.533],[21.0663,39.532],[21.0674,39.5252],[21.0756,39.5211],[21.0894,39.4972],[21.1005,39.4932],[21.1196,39.499],[21.1381,39.5159],[21.141,39.5207],[21.1324,39.5309],[21.1474,39.5399],[21.1538,39.5342],[21.1531,39.5296],[21.1716,39.5205],[21.1816,39.499],[21.1962,39.4955],[21.2154,39.4989],[21.2155,39.4812],[21.1944,39.4746],[21.2282,39.437],[21.2425,39.4327],[21.2674,39.416],[21.2774,39.3948],[21.2715,39.3782],[21.2889,39.3677],[21.2941,39.3687],[21.294,39.3639],[21.3056,39.3578],[21.3765,39.3584],[21.3898,39.3545],[21.3919,39.3477],[21.3982,39.3458],[21.3956,39.3392],[21.4026,39.3335],[21.4007,39.3293],[21.4064,39.3285],[21.3863,39.3275],[21.3762,39.3315],[21.374,39.3218],[21.3489,39.3136],[21.3315,39.3181],[21.3063,39.3412],[21.2937,39.3369],[21.2845,39.3227],[21.2753,39.3198],[21.268,39.3055],[21.2434,39.2971],[21.2289,39.3031],[21.2084,39.3005],[21.2076,39.3055],[21.1954,39.3116],[21.1842,39.3084],[21.1682,39.3118],[21.1258,39.2788],[21.1247,39.2736],[21.1302,39.2671],[21.1279,39.2644],[21.1129,39.2733],[21.0991,39.2755],[21.0919,39.2658],[21.0712,39.2576],[21.0718,39.2494],[21.0398,39.2491],[21.0219,39.2371],[21.0092,39.2491],[21.0131,39.2574],[21.0072,39.2631],[21.0135,39.2764],[21.0056,39.2794],[21.0171,39.2865],[21.0114,39.2934],[21.0192,39.2915],[21.0274,39.3032],[21.0257,39.3148],[21.0391,39.3209],[21.0312,39.3302],[21.0395,39.3357],[21.0362,39.3504],[21.0429,39.3543],[21.0435,39.3633],[21.0507,39.3641],[21.0538,39.3734],[21.0531,39.3812],[21.0426,39.3915],[21.0446,39.3976],[21.0213,39.4114],[21.0279,39.4245]]]}},{"type":"Feature","properties":{"code":"9074","name":"Γεωργίου Καραϊσκάκη","pe":"Π.Ε. Άρτας"},"geometry":{"type":"Polygon","coordinates":[[[21.4154,39.3171],[21.412,39.3044],[21.4147,39.2996],[21.4284,39.2965],[21.4269,39.2838],[21.4115,39.2619],[21.3972,39.254],[21.3954,39.2475],[21.3827,39.2455],[21.3788,39.2381],[21.3673,39.2345],[21.3654,39.2248],[21.3496,39.2091],[21.3509,39.1982],[21.3561,39.1947],[21.3539,39.1898],[21.3633,39.1864],[21.3654,39.1798],[21.3711,39.1805],[21.3736,39.1747],[21.3235,39.1606],[21.3246,39.1458],[21.2968,39.1333],[21.2907,39.1268],[21.2688,39.1173],[21.2277,39.1321],[21.2099,39.1223],[21.1986,39.1262],[21.1911,39.1359],[21.1843,39.1346],[21.178,39.1256],[21.1605,39.1282],[21.1464,39.1224],[21.1342,39.1232],[21.1273,39.1243],[21.1331,39.1367],[21.1202,39.1467],[21.1235,39.1572],[21.1076,39.1512],[21.101,39.1439],[21.0892,39.1417],[21.0727,39.1532],[21.0768,39.168],[21.1153,39.2033],[21.119,39.2138],[21.1176,39.2331],[21.1103,39.2421],[21.1172,39.2455],[21.1299,39.2657],[21.1251,39.2778],[21.1682,39.3118],[21.1842,39.3084],[21.1954,39.3116],[21.2076,39.3055],[21.2084,39.3005],[21.2289,39.3031],[21.2434,39.2971],[21.268,39.3055],[21.2753,39.3198],[21.2845,39.3227],[21.2937,39.3369],[21.3063,39.3412],[21.3315,39.3181],[21.3489,39.3136],[21.374,39.3218],[21.3762,39.3315],[21.3863,39.3275],[21.4064,39.3285],[21.4154,39.3171]]]}},{"type":"Feature","properties":{"code":"9009","name":"Σαμοθράκης","pe":"Π.Ε. Έβρου"},"geometry":{"type":"Polygon","coordinates":[[[25.4951,40.4948],[25.5255,40.5047],[25.5629,40.5103],[25.5942,40.5022],[25.6168,40.503],[25.6376,40.4936],[25.6568,40.4934],[25.699,40.4651],[25.6934,40.4354],[25.6969,40.4222],[25.6685,40.412],[25.6409,40.4083],[25.6016,40.3936],[25.5848,40.3913],[25.5681,40.397],[25.5598,40.3956],[25.5415,40.4144],[25.5089,40.4247],[25.4866,40.4434],[25.4586,40.4577],[25.4535,40.4683],[25.4435,40.4753],[25.4684,40.4717],[25.4951,40.4948]]]}},{"type":"Feature","properties":{"code":"9006","name":"Αλεξανδρούπολης","pe":"Π.Ε. Έβρου"},"geometry":{"type":"MultiPolygon","coordinates":[[[[26.03,40.759],[26.0297,40.7517],[26.0247,40.7709],[26.03,40.759]]],[[[26.029,40.7842],[26.0295,40.7835],[26.0281,40.7838],[26.029,40.7842]]],[[[26.0268,40.7778],[26.0266,40.7758],[26.0158,40.7941],[26.0239,40.7874],[26.0268,40.7778]]],[[[26.0026,40.7902],[26.0026,40.7898],[26.0006,40.7897],[26.0026,40.7902]]],[[[26.3267,40.9871],[26.326,40.9781],[26.348,40.9634],[26.3596,40.9488],[26.3568,40.9433],[26.3246,40.9421],[26.3047,40.9275],[26.2884,40.9309],[26.2852,40.9226],[26.3022,40.9038],[26.2926,40.894],[26.2759,40.8941],[26.2654,40.9025],[26.2624,40.9148],[26.2546,40.9051],[26.2497,40.8812],[26.2342,40.886],[26.227,40.8826],[26.2248,40.8865],[26.2296,40.8869],[26.2295,40.8907],[26.2228,40.8903],[26.2228,40.8666],[26.206,40.8663],[26.2047,40.8633],[26.2127,40.8589],[26.2141,40.8532],[26.2052,40.855],[26.203,40.85],[26.2053,40.8459],[26.2158,40.8464],[26.2176,40.8426],[26.212,40.8391],[26.2193,40.834],[26.2106,40.8369],[26.2089,40.8287],[26.201,40.8287],[26.2022,40.8204],[26.1918,40.8266],[26.1898,40.8209],[26.1798,40.8198],[26.1791,40.8125],[26.1748,40.8178],[26.1502,40.8025],[26.1265,40.7706],[26.1237,40.7426],[26.0875,40.7346],[26.0728,40.7268],[26.0296,40.7323],[26.0349,40.7457],[26.0317,40.7517],[26.0371,40.7597],[26.0342,40.7647],[26.0381,40.7674],[26.034,40.7728],[26.0382,40.773],[26.0347,40.7742],[26.0357,40.7792],[26.0196,40.7967],[25.9987,40.7941],[26.0004,40.8078],[25.9959,40.8164],[25.95,40.8414],[25.9102,40.8473],[25.9019,40.8437],[25.8877,40.8457],[25.8851,40.8419],[25.8862,40.8451],[25.877,40.8438],[25.8838,40.8397],[25.8149,40.8503],[25.7309,40.8448],[25.6324,40.8628],[25.6189,40.9592],[25.6291,40.9682],[25.6459,40.9695],[25.6883,40.9469],[25.7007,40.9566],[25.6775,40.9726],[25.6818,40.9789],[25.7173,40.9763],[25.732,40.9796],[25.7482,40.9855],[25.7524,40.9959],[25.7656,41.0003],[25.778,40.9926],[25.824,40.9985],[25.8187,41.0248],[25.8275,41.031],[25.8405,41.0307],[25.8588,41.0374],[25.8633,41.0443],[25.8587,41.048],[25.8588,41.057],[25.8727,41.0737],[25.882,41.106],[25.8988,41.1103],[25.925,41.1046],[25.9686,41.1081],[25.9733,41.0998],[25.9807,41.0979],[25.9822,41.0834],[25.9986,41.0751],[26.0252,41.0729],[26.0229,41.0605],[26.0419,41.0417],[26.0635,41.0073],[26.1217,41.0083],[26.1357,41.012],[26.1464,40.9979],[26.1603,40.9906],[26.1728,40.9734],[26.1781,40.9825],[26.1837,40.9793],[26.1901,40.9839],[26.1955,40.991],[26.1938,40.9969],[26.2033,41.003],[26.2045,40.9979],[26.2193,40.9925],[26.2246,40.9851],[26.2423,40.997],[26.2455,40.9954],[26.2454,40.9733],[26.2512,40.9698],[26.2621,40.9751],[26.2856,40.9743],[26.287,40.9849],[26.3019,40.9847],[26.3022,40.9918],[26.3457,40.9896],[26.3267,40.9871]]]]}},{"type":"Feature","properties":{"code":"9010","name":"Σουφλίου","pe":"Π.Ε. Έβρου"},"geometry":{"type":"Polygon","coordinates":[[[25.9372,41.1213],[25.9219,41.1355],[25.9226,41.1557],[25.9027,41.1757],[25.8941,41.1947],[25.8981,41.1975],[25.8953,41.1998],[25.8981,41.2083],[25.9121,41.2167],[25.903,41.2294],[25.9199,41.2579],[25.9259,41.2783],[25.9076,41.3075],[25.9352,41.321],[25.9758,41.3183],[25.9989,41.327],[26.0092,41.3433],[26.0321,41.3497],[26.0898,41.3463],[26.0994,41.3571],[26.0995,41.354],[26.1068,41.358],[26.1126,41.3538],[26.1205,41.3571],[26.1302,41.3541],[26.1363,41.364],[26.1366,41.3752],[26.1456,41.3767],[26.1561,41.3894],[26.1773,41.3796],[26.1851,41.3636],[26.2336,41.3539],[26.2518,41.3633],[26.2939,41.3719],[26.3007,41.364],[26.3199,41.3585],[26.3114,41.353],[26.3185,41.3397],[26.3146,41.3135],[26.3341,41.3149],[26.3306,41.3319],[26.3525,41.3237],[26.3757,41.306],[26.3976,41.3124],[26.4038,41.3252],[26.4552,41.3302],[26.4599,41.3283],[26.4617,41.3114],[26.4699,41.3048],[26.4601,41.2849],[26.4373,41.2798],[26.4018,41.2529],[26.3594,41.2499],[26.3431,41.2604],[26.3265,41.2557],[26.3175,41.2446],[26.319,41.234],[26.3305,41.2189],[26.3206,41.204],[26.3243,41.1859],[26.3089,41.1806],[26.3078,41.1729],[26.3134,41.16],[26.3361,41.145],[26.332,41.1383],[26.3216,41.1354],[26.3236,41.1249],[26.3076,41.1197],[26.304,41.1132],[26.3111,41.1085],[26.3307,41.1118],[26.336,41.107],[26.3311,41.0971],[26.3108,41.0798],[26.3147,41.0681],[26.3299,41.0516],[26.3265,41.0424],[26.3393,41.0396],[26.3464,41.0302],[26.3643,41.0213],[26.3576,41.0011],[26.3465,40.9898],[26.3022,40.9918],[26.3019,40.9847],[26.287,40.9849],[26.2856,40.9743],[26.2621,40.9751],[26.2512,40.9698],[26.2454,40.9733],[26.2455,40.9954],[26.2423,40.997],[26.2246,40.9851],[26.2193,40.9925],[26.2045,40.9979],[26.2033,41.003],[26.1938,40.9969],[26.1955,40.991],[26.1901,40.9839],[26.1837,40.9793],[26.1781,40.9825],[26.1728,40.9734],[26.1603,40.9906],[26.1464,40.9979],[26.1357,41.012],[26.1217,41.0083],[26.0635,41.0073],[26.0419,41.0417],[26.0229,41.0605],[26.0252,41.0729],[25.9986,41.0751],[25.9822,41.0834],[25.9807,41.0979],[25.9372,41.1213]]]}},{"type":"Feature","properties":{"code":"9007","name":"Διδυμοτείχου","pe":"Π.Ε. Έβρου"},"geometry":{"type":"Polygon","coordinates":[[[26.1643,41.4079],[26.1597,41.4205],[26.1744,41.4342],[26.1997,41.438],[26.1747,41.4635],[26.1552,41.4742],[26.1531,41.4859],[26.194,41.4905],[26.2075,41.4799],[26.2386,41.4666],[26.2617,41.4938],[26.2758,41.4915],[26.2822,41.4982],[26.2999,41.4967],[26.3098,41.5111],[26.3313,41.515],[26.3698,41.4972],[26.3642,41.4862],[26.3811,41.4724],[26.394,41.4686],[26.4318,41.4667],[26.4314,41.4722],[26.4495,41.4699],[26.4902,41.4491],[26.5554,41.4275],[26.5647,41.4281],[26.5913,41.4441],[26.5957,41.4448],[26.5967,41.439],[26.6117,41.4398],[26.6137,41.4235],[26.6297,41.4167],[26.6352,41.3846],[26.6282,41.3475],[26.595,41.3256],[26.577,41.3226],[26.5499,41.3416],[26.5297,41.3367],[26.5206,41.3404],[26.5125,41.3281],[26.497,41.327],[26.4871,41.3058],[26.4698,41.303],[26.4617,41.3114],[26.4599,41.3283],[26.4552,41.3302],[26.4038,41.3252],[26.3976,41.3124],[26.3757,41.306],[26.3525,41.3237],[26.3306,41.3319],[26.3341,41.3149],[26.3146,41.3135],[26.3185,41.3397],[26.3114,41.353],[26.3199,41.3585],[26.3007,41.364],[26.2939,41.3719],[26.2518,41.3633],[26.2336,41.3539],[26.1851,41.3636],[26.1773,41.3796],[26.1561,41.3894],[26.1643,41.4079]]]}},{"type":"Feature","properties":{"code":"9008","name":"Ορεστιάδας","pe":"Π.Ε. Έβρου"},"geometry":{"type":"Polygon","coordinates":[[[26.1717,41.4928],[26.1726,41.504],[26.1857,41.5195],[26.1761,41.5546],[26.1468,41.5548],[26.1527,41.6054],[26.1375,41.6133],[26.1378,41.6313],[26.1233,41.6305],[26.1197,41.6235],[26.0957,41.6261],[26.09,41.6422],[26.0814,41.6412],[26.0693,41.6508],[26.0637,41.6628],[26.0685,41.6724],[26.061,41.6879],[26.0609,41.6981],[26.0699,41.6993],[26.0706,41.7095],[26.0832,41.7161],[26.1127,41.7131],[26.1227,41.7303],[26.1698,41.7482],[26.1755,41.7484],[26.1823,41.7393],[26.2158,41.7316],[26.226,41.7389],[26.2284,41.7482],[26.2485,41.7226],[26.2822,41.7123],[26.3125,41.7103],[26.33,41.7173],[26.3593,41.7092],[26.3677,41.7111],[26.3832,41.6963],[26.422,41.6848],[26.4453,41.6853],[26.4561,41.6745],[26.4705,41.6695],[26.4896,41.6728],[26.4962,41.6623],[26.4882,41.6545],[26.5298,41.6213],[26.593,41.6093],[26.6028,41.5985],[26.5951,41.5831],[26.6016,41.5712],[26.5927,41.5587],[26.603,41.5436],[26.5931,41.5358],[26.5915,41.5262],[26.6047,41.4942],[26.5999,41.4809],[26.6128,41.4639],[26.6117,41.4398],[26.5967,41.439],[26.5957,41.4448],[26.5913,41.4441],[26.5647,41.4281],[26.5554,41.4275],[26.4902,41.4491],[26.4495,41.4699],[26.4314,41.4722],[26.4318,41.4667],[26.394,41.4686],[26.3811,41.4724],[26.3642,41.4862],[26.3698,41.4972],[26.3323,41.5149],[26.3098,41.5111],[26.2999,41.4967],[26.2822,41.4982],[26.2758,41.4915],[26.2617,41.4938],[26.2386,41.4666],[26.2075,41.4799],[26.194,41.4905],[26.1586,41.4868],[26.1717,41.4928]]]}},{"type":"Feature","properties":{"code":"9129","name":"Ξηρομέρου","pe":"Π.Ε. Αιτωλοακαρνανίας"},"geometry":{"type":"MultiPolygon","coordinates":[[[[21.1102,38.4146],[21.1107,38.4147],[21.1104,38.4143],[21.1102,38.4146]]],[[[21.1093,38.4156],[21.1101,38.4156],[21.1104,38.4153],[21.1093,38.4156]]],[[[21.1088,38.4184],[21.1085,38.4164],[21.1079,38.4165],[21.1088,38.4184]]],[[[21.1114,38.419],[21.1115,38.4183],[21.1108,38.4181],[21.1114,38.419]]],[[[21.106,38.4203],[21.1068,38.4203],[21.1066,38.4198],[21.106,38.4203]]],[[[21.1128,38.4201],[21.1084,38.4199],[21.1095,38.4211],[21.1128,38.4201]]],[[[21.0366,38.5049],[21.0366,38.5053],[21.0373,38.505],[21.0366,38.5049]]],[[[21.1105,38.4538],[21.0999,38.4553],[21.1043,38.4579],[21.0971,38.4674],[21.0958,38.4614],[21.092,38.4641],[21.0939,38.4706],[21.0979,38.4686],[21.1027,38.4734],[21.1029,38.4805],[21.0837,38.4728],[21.0887,38.4787],[21.0836,38.4855],[21.0791,38.4819],[21.0728,38.4842],[21.0807,38.486],[21.0798,38.4894],[21.0932,38.486],[21.0915,38.483],[21.0961,38.4884],[21.1004,38.4868],[21.0972,38.4921],[21.083,38.493],[21.0896,38.4992],[21.0853,38.4988],[21.0857,38.5094],[21.0961,38.5316],[21.0837,38.5356],[21.0442,38.503],[21.0366,38.5053],[21.0315,38.5069],[21.0325,38.5006],[21.0267,38.5032],[21.0205,38.5179],[21.0233,38.5255],[21.0087,38.5346],[21.0148,38.5359],[21.0163,38.5441],[21.0112,38.5452],[21.0172,38.552],[21.021,38.5927],[21.0244,38.594],[21.0194,38.5993],[21.0233,38.6042],[21.0071,38.6217],[21.0052,38.6313],[20.989,38.6451],[20.9885,38.669],[20.9669,38.6734],[20.9444,38.6661],[20.9349,38.6771],[20.9218,38.6699],[20.9144,38.6737],[20.9149,38.6788],[20.8949,38.7079],[20.9121,38.7085],[20.9216,38.7149],[20.9288,38.7494],[20.9245,38.7602],[20.9486,38.7595],[20.9539,38.7488],[20.9628,38.7483],[20.9691,38.7392],[21.0024,38.7459],[21.0269,38.7269],[21.0488,38.7353],[21.0671,38.7228],[21.0637,38.7011],[21.0709,38.6901],[21.08,38.6854],[21.1174,38.6802],[21.1311,38.6809],[21.1381,38.688],[21.1435,38.7092],[21.1554,38.7081],[21.1575,38.72],[21.1496,38.7323],[21.1518,38.7454],[21.1667,38.7479],[21.1788,38.7576],[21.2038,38.754],[21.2203,38.7607],[21.2322,38.7603],[21.2334,38.7489],[21.2438,38.7343],[21.2573,38.6997],[21.2534,38.6957],[21.2599,38.6787],[21.2587,38.6694],[21.2709,38.6623],[21.2704,38.658],[21.2606,38.6516],[21.2578,38.6433],[21.226,38.6448],[21.2422,38.6355],[21.2405,38.6332],[21.2117,38.6237],[21.1939,38.6241],[21.2007,38.6171],[21.2022,38.6079],[21.2158,38.6018],[21.259,38.605],[21.2586,38.602],[21.2261,38.5995],[21.2154,38.5929],[21.2149,38.5843],[21.2158,38.5772],[21.2242,38.5779],[21.2348,38.5677],[21.2535,38.5647],[21.2505,38.5437],[21.2567,38.5351],[21.2513,38.528],[21.2649,38.5123],[21.2571,38.5089],[21.256,38.5026],[21.2393,38.5081],[21.2185,38.5237],[21.209,38.5228],[21.1781,38.5059],[21.1875,38.4927],[21.1875,38.4826],[21.1685,38.4749],[21.1602,38.4615],[21.147,38.4508],[21.1395,38.4468],[21.1235,38.4491],[21.1107,38.4453],[21.1105,38.4538]]]]}},{"type":"Feature","properties":{"code":"9124","name":"Άκτιου - Βόνιτσας","pe":"Π.Ε. Αιτωλοακαρνανίας"},"geometry":{"type":"MultiPolygon","coordinates":[[[[20.7284,38.8439],[20.7261,38.8426],[20.7218,38.8426],[20.7243,38.843],[20.7284,38.8439]]],[[[20.7204,38.8453],[20.7209,38.8429],[20.7183,38.8444],[20.7204,38.8453]]],[[[20.7457,38.8552],[20.7463,38.8552],[20.7461,38.8544],[20.7457,38.8552]]],[[[20.7462,38.8558],[20.7458,38.8558],[20.7464,38.8565],[20.7462,38.8558]]],[[[20.7432,38.8604],[20.7492,38.8592],[20.7217,38.843],[20.731,38.8501],[20.7419,38.8689],[20.7434,38.8701],[20.7469,38.8704],[20.7419,38.868],[20.7353,38.853],[20.7432,38.8604]]],[[[20.748,38.8575],[20.7483,38.8566],[20.7475,38.8564],[20.748,38.8575]]],[[[20.7447,38.8645],[20.7464,38.8628],[20.746,38.8626],[20.7447,38.8645]]],[[[20.7945,38.7547],[20.7946,38.7529],[20.7931,38.7537],[20.7945,38.7547]]],[[[20.8168,38.7675],[20.8173,38.7683],[20.8177,38.7681],[20.8168,38.7675]]],[[[20.8207,38.7691],[20.8212,38.7691],[20.821,38.768],[20.8207,38.7691]]],[[[20.8935,38.7349],[20.8882,38.739],[20.8787,38.7645],[20.8807,38.7783],[20.8719,38.7949],[20.8507,38.796],[20.8351,38.7898],[20.8048,38.7597],[20.8079,38.7651],[20.801,38.7678],[20.7869,38.7632],[20.7808,38.7542],[20.7832,38.7638],[20.7736,38.7554],[20.7626,38.7572],[20.7573,38.7724],[20.7607,38.7777],[20.7499,38.7905],[20.729,38.7948],[20.7334,38.7995],[20.7268,38.8143],[20.7357,38.8234],[20.7305,38.8277],[20.7418,38.8359],[20.7369,38.8455],[20.7311,38.8425],[20.7353,38.8497],[20.7413,38.8538],[20.7469,38.853],[20.7419,38.8502],[20.7454,38.8514],[20.762,38.8626],[20.7877,38.8636],[20.7902,38.8698],[20.7995,38.865],[20.8012,38.8687],[20.7856,38.8782],[20.7878,38.8707],[20.7838,38.8732],[20.7779,38.884],[20.7543,38.9048],[20.7474,38.9207],[20.7466,38.9248],[20.7602,38.9324],[20.7611,38.9455],[20.7668,38.9521],[20.7645,38.9573],[20.7712,38.9533],[20.7852,38.9266],[20.7992,38.919],[20.8387,38.9203],[20.8394,38.9271],[20.849,38.9306],[20.8456,38.938],[20.8595,38.9388],[20.8586,38.9504],[20.8627,38.957],[20.8698,38.9492],[20.8649,38.9433],[20.8745,38.9346],[20.8649,38.9367],[20.8636,38.9327],[20.8823,38.925],[20.8608,38.9181],[20.8705,38.9171],[20.8813,38.9231],[20.907,38.9209],[20.9101,38.932],[20.9181,38.9329],[20.9228,38.9396],[20.9164,38.9448],[20.9197,38.9487],[20.9408,38.9326],[20.9788,38.9453],[20.9884,38.939],[20.997,38.9203],[21.0246,38.929],[21.0312,38.915],[21.0272,38.9069],[21.0201,38.9047],[21.0187,38.8978],[21.0662,38.8771],[21.0795,38.8636],[21.0832,38.8635],[21.0827,38.8679],[21.0873,38.8658],[21.0955,38.8538],[21.0991,38.8568],[21.1136,38.851],[21.1117,38.8431],[21.1468,38.8165],[21.159,38.776],[21.1551,38.7713],[21.1788,38.7576],[21.1667,38.7479],[21.1512,38.7445],[21.1499,38.7306],[21.1575,38.72],[21.157,38.7121],[21.1554,38.7081],[21.1435,38.7092],[21.1406,38.6923],[21.1311,38.6809],[21.0856,38.6842],[21.0709,38.6901],[21.0637,38.7011],[21.0671,38.7228],[21.0488,38.7353],[21.0269,38.7269],[21.0024,38.7459],[20.9691,38.7392],[20.9628,38.7483],[20.9539,38.7488],[20.9486,38.7595],[20.9355,38.7621],[20.9239,38.7593],[20.9288,38.7494],[20.9209,38.7136],[20.9107,38.7083],[20.8949,38.7079],[20.8935,38.7349]]],[[[20.9009,38.9262],[20.8995,38.9237],[20.899,38.9273],[20.9009,38.9262]]],[[[20.8702,38.9656],[20.873,38.9648],[20.8727,38.9637],[20.8702,38.9656]]]]}},{"type":"Feature","properties":{"code":"9125","name":"Αμφιλοχίας","pe":"Π.Ε. Αιτωλοακαρνανίας"},"geometry":{"type":"MultiPolygon","coordinates":[[[[21.08,38.8761],[21.0915,38.8781],[21.0887,38.8878],[21.0928,38.8907],[21.0871,38.9022],[21.0964,38.9069],[21.0945,38.9115],[21.0976,38.9135],[21.1145,38.9126],[21.1112,38.9047],[21.1262,38.9037],[21.122,38.9021],[21.1274,38.898],[21.124,38.8967],[21.1301,38.8976],[21.1387,38.8916],[21.1507,38.8928],[21.1635,38.8658],[21.1753,38.8683],[21.1655,38.9055],[21.1465,38.9141],[21.1395,38.9226],[21.1433,38.9368],[21.1408,38.9629],[21.1482,38.9654],[21.1543,38.9832],[21.156,38.9777],[21.1653,38.9742],[21.165,38.9772],[21.16,38.9883],[21.155,38.9861],[21.1547,38.9912],[21.1543,38.9836],[21.153,38.9948],[21.1423,39.0103],[21.0956,39.0621],[21.0982,39.0651],[21.0872,39.0808],[21.1091,39.0863],[21.0944,39.1005],[21.1188,39.1209],[21.1294,39.1251],[21.145,39.1222],[21.16,39.1282],[21.178,39.1256],[21.1843,39.1346],[21.1911,39.1359],[21.2023,39.124],[21.2099,39.1223],[21.2211,39.1304],[21.2337,39.1317],[21.2712,39.1173],[21.3242,39.1456],[21.3235,39.1606],[21.3736,39.1747],[21.38,39.1669],[21.3969,39.1645],[21.3958,39.1376],[21.4082,39.121],[21.4222,39.1095],[21.4362,39.1059],[21.4309,39.0937],[21.4245,39.0906],[21.4238,39.0821],[21.4138,39.0762],[21.4159,39.0618],[21.4113,39.0615],[21.4209,39.0528],[21.3944,39.05],[21.3926,39.0431],[21.3773,39.0324],[21.375,39.0175],[21.3951,39.0081],[21.4011,39.0128],[21.42,39.0038],[21.4288,38.9924],[21.4521,38.9842],[21.4647,38.9867],[21.4903,38.9702],[21.5031,38.971],[21.5116,38.9652],[21.5015,38.9556],[21.5007,38.9435],[21.4929,38.94],[21.5016,38.909],[21.4986,38.9015],[21.5092,38.8951],[21.5076,38.8891],[21.4967,38.8887],[21.483,38.8735],[21.464,38.8698],[21.4659,38.8572],[21.4556,38.8701],[21.441,38.8711],[21.4414,38.8627],[21.4312,38.8573],[21.4159,38.8379],[21.4239,38.8073],[21.4165,38.792],[21.3958,38.7883],[21.3861,38.7904],[21.3797,38.8018],[21.36,38.8029],[21.364,38.7584],[21.3517,38.7591],[21.3433,38.7819],[21.3415,38.8016],[21.3365,38.8022],[21.302,38.7983],[21.3055,38.7825],[21.285,38.7762],[21.2481,38.7753],[21.232,38.7683],[21.2293,38.7585],[21.2203,38.7607],[21.2015,38.7539],[21.1709,38.76],[21.1539,38.7732],[21.159,38.776],[21.1468,38.8165],[21.1117,38.8431],[21.1136,38.851],[21.0991,38.8568],[21.0955,38.8538],[21.08,38.8761]]],[[[21.1552,38.9839],[21.1554,38.9844],[21.1559,38.9827],[21.1552,38.9839]]]]}},{"type":"Feature","properties":{"code":"9123","name":"Αγρινίου","pe":"Π.Ε. Αιτωλοακαρνανίας"},"geometry":{"type":"Polygon","coordinates":[[[21.5524,38.891],[21.5608,38.8849],[21.5751,38.8886],[21.5908,38.8829],[21.61,38.8828],[21.6216,38.8727],[21.6304,38.8757],[21.6378,38.8698],[21.6359,38.8607],[21.6215,38.841],[21.6197,38.8507],[21.5743,38.8487],[21.5657,38.8323],[21.5708,38.8181],[21.5589,38.8052],[21.5478,38.8032],[21.5635,38.7827],[21.5619,38.765],[21.5709,38.7511],[21.5709,38.737],[21.5966,38.7251],[21.625,38.7201],[21.619,38.7036],[21.6204,38.6946],[21.6352,38.6754],[21.6497,38.6734],[21.6414,38.6608],[21.6388,38.6465],[21.6433,38.629],[21.6368,38.6291],[21.6373,38.6217],[21.6157,38.6162],[21.6182,38.6076],[21.6092,38.5973],[21.594,38.5976],[21.5941,38.5881],[21.5831,38.5822],[21.5792,38.563],[21.6025,38.5492],[21.6209,38.5303],[21.6315,38.5159],[21.6309,38.5006],[21.6371,38.4886],[21.6764,38.4666],[21.6803,38.4496],[21.6536,38.4509],[21.6422,38.4459],[21.6212,38.4111],[21.6143,38.4123],[21.6037,38.4037],[21.5974,38.4192],[21.5851,38.4294],[21.5512,38.449],[21.5312,38.4558],[21.5271,38.462],[21.518,38.4572],[21.5087,38.4644],[21.5038,38.4599],[21.4933,38.4758],[21.4836,38.4738],[21.4714,38.4555],[21.4738,38.4476],[21.467,38.4419],[21.4448,38.4473],[21.4471,38.4551],[21.4421,38.4568],[21.4467,38.4605],[21.4379,38.4625],[21.4329,38.4697],[21.4257,38.4649],[21.424,38.4926],[21.4333,38.5057],[21.4245,38.5078],[21.4069,38.5024],[21.4006,38.5162],[21.3784,38.5339],[21.3752,38.5263],[21.349,38.5294],[21.3308,38.5246],[21.3116,38.5362],[21.3125,38.5498],[21.3074,38.5515],[21.294,38.5486],[21.2855,38.5394],[21.2792,38.5421],[21.2799,38.5567],[21.2585,38.5577],[21.2535,38.5647],[21.2348,38.5677],[21.2242,38.5779],[21.2158,38.5772],[21.2182,38.5952],[21.2274,38.5999],[21.2586,38.602],[21.259,38.605],[21.2158,38.6018],[21.2022,38.6079],[21.2007,38.6171],[21.1939,38.6241],[21.2117,38.6237],[21.2405,38.6332],[21.2422,38.6355],[21.226,38.6448],[21.2578,38.6433],[21.2606,38.6516],[21.2704,38.658],[21.2709,38.6623],[21.2587,38.6694],[21.2599,38.6787],[21.2534,38.6957],[21.2573,38.6997],[21.2438,38.7343],[21.2334,38.7489],[21.232,38.7683],[21.2538,38.7768],[21.293,38.7775],[21.3058,38.7829],[21.302,38.7983],[21.3365,38.8022],[21.3415,38.8016],[21.3433,38.7819],[21.3517,38.7591],[21.364,38.7584],[21.36,38.8029],[21.3797,38.8018],[21.3861,38.7904],[21.3958,38.7883],[21.4165,38.792],[21.4239,38.8073],[21.4159,38.8379],[21.4312,38.8573],[21.4414,38.8627],[21.441,38.8711],[21.4556,38.8701],[21.4659,38.8572],[21.464,38.8698],[21.483,38.8735],[21.4967,38.8887],[21.5524,38.891]]]}},{"type":"Feature","properties":{"code":"9126","name":"Θέρμου","pe":"Π.Ε. Αιτωλοακαρνανίας"},"geometry":{"type":"Polygon","coordinates":[[[21.6426,38.7137],[21.6685,38.7154],[21.6833,38.7105],[21.6856,38.7027],[21.6925,38.7024],[21.7295,38.7052],[21.7625,38.715],[21.7736,38.7034],[21.7686,38.6961],[21.7729,38.6894],[21.7676,38.6823],[21.7687,38.6751],[21.8009,38.6865],[21.8055,38.6831],[21.8192,38.6945],[21.826,38.6832],[21.8206,38.6626],[21.7788,38.6473],[21.7865,38.6204],[21.7692,38.6053],[21.7552,38.6005],[21.753,38.5941],[21.7269,38.5815],[21.7296,38.5725],[21.7351,38.5731],[21.7384,38.5659],[21.7463,38.5655],[21.7405,38.5559],[21.7473,38.5487],[21.7357,38.5267],[21.7494,38.4998],[21.7433,38.4929],[21.742,38.483],[21.7171,38.4521],[21.7019,38.4517],[21.6902,38.4463],[21.6803,38.4496],[21.6764,38.4666],[21.6371,38.4886],[21.6309,38.5006],[21.6315,38.5159],[21.6209,38.5303],[21.6025,38.5492],[21.5792,38.563],[21.5831,38.5822],[21.5941,38.5881],[21.594,38.5976],[21.6092,38.5973],[21.6182,38.6076],[21.6157,38.6162],[21.6373,38.6217],[21.6368,38.6291],[21.6433,38.629],[21.6388,38.6465],[21.6414,38.6608],[21.6497,38.6734],[21.6352,38.6754],[21.6204,38.6946],[21.619,38.7036],[21.625,38.7201],[21.6426,38.7137]]]}},{"type":"Feature","properties":{"code":"9128","name":"Ναυπακτίας","pe":"Π.Ε. Αιτωλοακαρνανίας"},"geometry":{"type":"Polygon","coordinates":[[[21.8195,38.7025],[21.8279,38.7104],[21.831,38.7372],[21.8575,38.7323],[21.8758,38.7368],[21.8792,38.7313],[21.8988,38.7238],[21.9444,38.7425],[21.9463,38.7834],[21.9725,38.7694],[21.9952,38.7742],[22.0238,38.7397],[22.0264,38.7278],[21.9914,38.7102],[21.9954,38.696],[21.9827,38.6921],[21.9898,38.6834],[21.9991,38.6804],[21.9924,38.6794],[21.9822,38.6694],[21.9888,38.6613],[21.9866,38.6458],[22.0004,38.6377],[22.0044,38.6247],[21.9769,38.6196],[21.967,38.6026],[21.9858,38.6013],[22.0155,38.5881],[22.0048,38.5734],[22.0031,38.5592],[21.9942,38.5555],[21.9897,38.5324],[22.0012,38.5144],[21.9999,38.5084],[21.984,38.5066],[21.968,38.4956],[21.9524,38.4966],[21.9358,38.4911],[21.9202,38.479],[21.895,38.4741],[21.8871,38.4648],[21.8803,38.4655],[21.8861,38.4432],[21.8798,38.4374],[21.8829,38.4156],[21.8772,38.4034],[21.8671,38.398],[21.851,38.3741],[21.8478,38.3866],[21.8325,38.3925],[21.8056,38.3758],[21.7873,38.3739],[21.7778,38.3597],[21.7662,38.3264],[21.7603,38.3308],[21.7334,38.3347],[21.7164,38.3464],[21.7019,38.3504],[21.6808,38.3456],[21.6623,38.3528],[21.6514,38.3507],[21.6389,38.357],[21.6246,38.3504],[21.6187,38.342],[21.5884,38.3438],[21.5786,38.328],[21.5476,38.322],[21.541,38.3152],[21.5317,38.3139],[21.5211,38.3005],[21.5142,38.3249],[21.5456,38.3491],[21.5509,38.3584],[21.5568,38.3937],[21.5993,38.3995],[21.608,38.4092],[21.6212,38.4111],[21.6405,38.4447],[21.6488,38.4497],[21.6605,38.4479],[21.6681,38.4518],[21.6902,38.4463],[21.7019,38.4517],[21.7171,38.4521],[21.724,38.4575],[21.7494,38.4998],[21.7357,38.5267],[21.7473,38.5487],[21.7405,38.5559],[21.7463,38.5655],[21.7384,38.5659],[21.7351,38.5731],[21.7296,38.5725],[21.7269,38.5815],[21.753,38.5941],[21.7552,38.6005],[21.7692,38.6053],[21.7865,38.6204],[21.7788,38.6473],[21.8212,38.6631],[21.8269,38.6793],[21.8192,38.6945],[21.8195,38.7025]]]}},{"type":"Feature","properties":{"code":"9127","name":"Ιεράς Πόλης Μεσολογγίου","pe":"Π.Ε. Αιτωλοακαρνανίας"},"geometry":{"type":"MultiPolygon","coordinates":[[[[21.2535,38.3063],[21.2536,38.3059],[21.253,38.3059],[21.2535,38.3063]]],[[[21.2586,38.3078],[21.2591,38.3079],[21.259,38.3072],[21.2586,38.3078]]],[[[21.2404,38.3093],[21.2381,38.3137],[21.2424,38.3138],[21.2408,38.3109],[21.2404,38.3093]]],[[[21.2424,38.3106],[21.2425,38.312],[21.2429,38.312],[21.2424,38.3106]]],[[[21.23,38.311],[21.231,38.3102],[21.2293,38.31],[21.2263,38.3126],[21.23,38.311]]],[[[21.1446,38.3108],[21.1447,38.3125],[21.145,38.3122],[21.1446,38.3108]]],[[[21.2209,38.3113],[21.2204,38.3122],[21.2208,38.3124],[21.2209,38.3113]]],[[[21.2222,38.3131],[21.2231,38.3127],[21.2225,38.3126],[21.2222,38.3131]]],[[[21.2266,38.3132],[21.2324,38.313],[21.2308,38.3124],[21.2266,38.3132]]],[[[21.2375,38.3169],[21.2391,38.3149],[21.2386,38.3147],[21.2375,38.3169]]],[[[21.1675,38.3158],[21.1656,38.3149],[21.1678,38.3172],[21.1675,38.3158]]],[[[21.2572,38.316],[21.2584,38.3163],[21.2585,38.316],[21.2572,38.316]]],[[[21.2282,38.3161],[21.2243,38.3171],[21.2247,38.3174],[21.2282,38.3161]]],[[[21.2444,38.3175],[21.245,38.3176],[21.2436,38.3161],[21.2444,38.3175]]],[[[21.2277,38.318],[21.2275,38.3183],[21.2299,38.318],[21.2277,38.318]]],[[[21.2263,38.3196],[21.2268,38.3189],[21.2244,38.3178],[21.2263,38.3196]]],[[[21.1719,38.3189],[21.171,38.3178],[21.1709,38.3196],[21.1719,38.3189]]],[[[21.2401,38.3198],[21.24,38.3175],[21.2391,38.3182],[21.2401,38.3198]]],[[[21.1694,38.3188],[21.1686,38.3192],[21.1693,38.3194],[21.1694,38.3188]]],[[[21.2432,38.3194],[21.2433,38.3207],[21.244,38.3206],[21.2432,38.3194]]],[[[21.2229,38.3199],[21.222,38.32],[21.2215,38.321],[21.2229,38.3199]]],[[[21.2467,38.32],[21.2462,38.323],[21.2481,38.3218],[21.2467,38.32]]],[[[21.2507,38.3241],[21.2591,38.3227],[21.2532,38.3215],[21.2507,38.3241]]],[[[21.2393,38.3224],[21.2393,38.3227],[21.2409,38.3226],[21.2393,38.3224]]],[[[21.2619,38.3233],[21.259,38.3236],[21.2592,38.3241],[21.2636,38.3263],[21.2619,38.3233]]],[[[21.2391,38.325],[21.2384,38.325],[21.239,38.3258],[21.2391,38.325]]],[[[21.2387,38.327],[21.2391,38.3277],[21.24,38.3267],[21.2387,38.327]]],[[[21.1022,38.3298],[21.102,38.3303],[21.1039,38.3311],[21.1022,38.3298]]],[[[21.2541,38.3293],[21.2526,38.3303],[21.2528,38.3308],[21.2541,38.3293]]],[[[21.2625,38.3327],[21.2654,38.33],[21.2591,38.3279],[21.2569,38.3299],[21.2625,38.3327]]],[[[21.2428,38.3309],[21.2435,38.3316],[21.2445,38.3293],[21.2428,38.3309]]],[[[21.2462,38.3305],[21.2459,38.3307],[21.2463,38.3307],[21.2462,38.3305]]],[[[21.2568,38.3312],[21.2559,38.3316],[21.2562,38.3318],[21.2568,38.3312]]],[[[21.248,38.3321],[21.2489,38.3323],[21.2489,38.3316],[21.248,38.3321]]],[[[21.0972,38.3333],[21.098,38.333],[21.0974,38.3328],[21.0972,38.3333]]],[[[21.0957,38.3364],[21.0948,38.3366],[21.0957,38.3371],[21.0957,38.3364]]],[[[21.1147,38.3732],[21.1144,38.3742],[21.1149,38.3738],[21.1147,38.3732]]],[[[21.1178,38.3842],[21.1178,38.3847],[21.1186,38.3845],[21.1178,38.3842]]],[[[21.1239,38.3942],[21.1225,38.3914],[21.1228,38.3937],[21.1237,38.3947],[21.1239,38.3942]]],[[[21.2642,38.3084],[21.263,38.3081],[21.2641,38.3086],[21.2642,38.3084]]],[[[21.2627,38.3059],[21.2605,38.3071],[21.2787,38.3115],[21.2714,38.3142],[21.2867,38.3112],[21.2627,38.3059]]],[[[21.268,38.3116],[21.2609,38.309],[21.2636,38.3106],[21.2609,38.3106],[21.2634,38.3122],[21.268,38.3116]]],[[[21.2694,38.312],[21.2706,38.3123],[21.2707,38.3117],[21.2694,38.312]]],[[[21.2705,38.3142],[21.2643,38.315],[21.2671,38.3155],[21.2705,38.3142]]],[[[21.2589,38.3161],[21.2663,38.3187],[21.2655,38.3158],[21.2589,38.3161]]],[[[21.2627,38.3195],[21.2612,38.3201],[21.2622,38.3206],[21.2627,38.3195]]],[[[21.2639,38.3209],[21.2633,38.3212],[21.2642,38.3213],[21.2639,38.3209]]],[[[21.2929,38.3275],[21.2974,38.3269],[21.2996,38.3247],[21.2929,38.3275]]],[[[21.2667,38.3267],[21.2673,38.3266],[21.2669,38.326],[21.2667,38.3267]]],[[[21.2658,38.3263],[21.2636,38.3274],[21.2647,38.3286],[21.2658,38.3263]]],[[[21.2672,38.3285],[21.2685,38.3287],[21.2685,38.3283],[21.2672,38.3285]]],[[[21.2771,38.3329],[21.2789,38.3325],[21.2691,38.324],[21.2771,38.3329]]],[[[21.268,38.3306],[21.268,38.3303],[21.2675,38.3297],[21.268,38.3306]]],[[[21.2938,38.3288],[21.2936,38.3316],[21.2957,38.3321],[21.2973,38.3294],[21.2938,38.3288]]],[[[21.2749,38.3313],[21.274,38.3321],[21.2744,38.3323],[21.2749,38.3313]]],[[[21.2926,38.3335],[21.2931,38.3311],[21.2913,38.3303],[21.2886,38.3332],[21.2926,38.3335]]],[[[21.2657,38.3321],[21.2662,38.3325],[21.2671,38.3318],[21.2657,38.3321]]],[[[21.2712,38.3329],[21.2713,38.3327],[21.2707,38.3328],[21.2712,38.3329]]],[[[21.2718,38.3337],[21.2718,38.3332],[21.2713,38.3332],[21.2718,38.3337]]],[[[21.2761,38.3336],[21.2758,38.3331],[21.2745,38.3337],[21.2761,38.3336]]],[[[21.2947,38.333],[21.2934,38.3362],[21.2952,38.3353],[21.2947,38.333]]],[[[21.2812,38.3341],[21.2783,38.3346],[21.2857,38.3344],[21.2812,38.3341]]],[[[21.2742,38.3363],[21.2772,38.3356],[21.2758,38.3348],[21.2742,38.3363]]],[[[21.2972,38.3368],[21.2977,38.3376],[21.2979,38.3369],[21.2972,38.3368]]],[[[21.2919,38.3379],[21.2929,38.3382],[21.2929,38.3379],[21.2919,38.3379]]],[[[21.272,38.3411],[21.2699,38.338],[21.2686,38.3392],[21.272,38.3411]]],[[[21.2944,38.3396],[21.2935,38.3403],[21.2946,38.3403],[21.2944,38.3396]]],[[[21.2828,38.3411],[21.2892,38.3403],[21.2921,38.3439],[21.2906,38.34],[21.2791,38.3379],[21.2828,38.3411]]],[[[21.2815,38.3429],[21.282,38.3406],[21.2738,38.3403],[21.2815,38.3429]]],[[[21.2707,38.3426],[21.2693,38.3433],[21.2724,38.3454],[21.2707,38.3426]]],[[[21.2993,38.3439],[21.2988,38.3441],[21.2988,38.3446],[21.2993,38.3439]]],[[[21.2972,38.3459],[21.2973,38.3414],[21.2944,38.3456],[21.2972,38.3459]]],[[[21.2914,38.3466],[21.2909,38.3464],[21.2909,38.3467],[21.2914,38.3466]]],[[[21.2862,38.3473],[21.2868,38.3474],[21.2867,38.3471],[21.2862,38.3473]]],[[[21.2888,38.3513],[21.2888,38.3493],[21.2867,38.3507],[21.2888,38.3513]]],[[[21.2812,38.3505],[21.2816,38.3507],[21.2816,38.3504],[21.2812,38.3505]]],[[[21.2913,38.3514],[21.2901,38.3508],[21.2896,38.3538],[21.2913,38.3514]]],[[[21.2881,38.3545],[21.2855,38.3521],[21.2697,38.3519],[21.2764,38.351],[21.2726,38.3473],[21.2621,38.3577],[21.2679,38.3609],[21.268,38.3573],[21.2881,38.3545]]],[[[21.3114,38.307],[21.3224,38.3144],[21.3093,38.303],[21.2956,38.3092],[21.3114,38.307]]],[[[21.3211,38.3165],[21.3208,38.3163],[21.3204,38.3165],[21.3211,38.3165]]],[[[21.3215,38.3171],[21.3216,38.3167],[21.3211,38.317],[21.3215,38.3171]]],[[[21.3204,38.3184],[21.3195,38.3181],[21.3192,38.3186],[21.3204,38.3184]]],[[[21.377,38.3234],[21.3752,38.3211],[21.3731,38.3208],[21.368,38.3221],[21.377,38.3234]]],[[[21.3619,38.323],[21.3613,38.3234],[21.3667,38.324],[21.3619,38.323]]],[[[21.3537,38.3251],[21.3544,38.3249],[21.3537,38.3246],[21.3537,38.3251]]],[[[21.3523,38.3243],[21.3501,38.3239],[21.3377,38.3249],[21.3523,38.3243]]],[[[21.3453,38.3275],[21.3447,38.328],[21.3456,38.3277],[21.3453,38.3275]]],[[[21.302,38.3287],[21.302,38.3291],[21.3032,38.3283],[21.302,38.3287]]],[[[21.3205,38.3304],[21.3199,38.33],[21.3196,38.3304],[21.3205,38.3304]]],[[[21.3225,38.3303],[21.3246,38.3312],[21.3246,38.3309],[21.3225,38.3303]]],[[[21.3001,38.3452],[21.2986,38.3478],[21.3013,38.3475],[21.3001,38.3452]]],[[[21.3108,38.35],[21.3115,38.3496],[21.3111,38.3493],[21.3108,38.35]]],[[[21.309,38.3503],[21.3097,38.3503],[21.3095,38.349],[21.309,38.3503]]],[[[21.3079,38.3508],[21.3109,38.3525],[21.3095,38.3516],[21.3079,38.3508]]],[[[21.3379,38.3622],[21.3361,38.3641],[21.3381,38.3633],[21.3379,38.3622]]],[[[21.3079,38.3632],[21.3074,38.3641],[21.312,38.3643],[21.3079,38.3632]]],[[[21.328,38.3668],[21.3298,38.3668],[21.3315,38.3657],[21.328,38.3668]]],[[[21.3228,38.3666],[21.309,38.3653],[21.3053,38.3703],[21.319,38.3729],[21.3228,38.3666]]],[[[21.3127,38.3731],[21.3125,38.3735],[21.3134,38.3741],[21.3127,38.3731]]],[[[21.3111,38.3743],[21.3071,38.3751],[21.3082,38.3763],[21.3156,38.3773],[21.3111,38.3743]]],[[[21.3412,38.3754],[21.3405,38.3759],[21.3407,38.3764],[21.3412,38.3754]]],[[[21.3443,38.3798],[21.3453,38.3784],[21.343,38.378],[21.3443,38.3798]]],[[[21.3407,38.3804],[21.3425,38.3803],[21.3399,38.3788],[21.3407,38.3804]]],[[[21.3435,38.3809],[21.344,38.3806],[21.3436,38.3804],[21.3435,38.3809]]],[[[21.3428,38.3813],[21.3419,38.3821],[21.343,38.3818],[21.3428,38.3813]]],[[[21.3611,38.4005],[21.3608,38.4009],[21.3617,38.4012],[21.3611,38.4005]]],[[[21.3577,38.4119],[21.3579,38.4091],[21.3533,38.4104],[21.3508,38.4133],[21.3577,38.4119]]],[[[21.3551,38.4178],[21.3495,38.4132],[21.3491,38.4158],[21.3551,38.4178]]],[[[21.3597,38.4157],[21.36,38.4159],[21.3601,38.4155],[21.3597,38.4157]]],[[[21.3586,38.4167],[21.3588,38.4221],[21.3596,38.4216],[21.3586,38.4167]]],[[[21.3523,38.4183],[21.3511,38.4192],[21.353,38.4205],[21.3523,38.4183]]],[[[21.3497,38.4205],[21.3509,38.42],[21.3506,38.419],[21.3497,38.4205]]],[[[21.3506,38.4206],[21.3499,38.4209],[21.3504,38.4214],[21.3506,38.4206]]],[[[21.356,38.4206],[21.3547,38.4222],[21.3558,38.4216],[21.356,38.4206]]],[[[21.3474,38.4247],[21.3475,38.4253],[21.3482,38.4251],[21.3474,38.4247]]],[[[21.3443,38.4253],[21.3443,38.4262],[21.3469,38.4252],[21.3443,38.4253]]],[[[21.5124,38.2986],[21.5096,38.2929],[21.5058,38.2999],[21.5086,38.3017],[21.4876,38.2992],[21.4868,38.3278],[21.4767,38.3411],[21.4864,38.3561],[21.4665,38.3528],[21.4628,38.363],[21.472,38.3669],[21.4673,38.369],[21.4515,38.3662],[21.4532,38.364],[21.4479,38.3614],[21.4412,38.3624],[21.4443,38.3661],[21.4331,38.3678],[21.4266,38.3632],[21.4273,38.3586],[21.4251,38.3626],[21.418,38.3628],[21.4207,38.3545],[21.4157,38.3286],[21.4088,38.3275],[21.4156,38.3532],[21.4129,38.3665],[21.4222,38.3672],[21.4226,38.3814],[21.4168,38.3862],[21.4146,38.384],[21.4118,38.394],[21.3997,38.3881],[21.4037,38.3857],[21.3983,38.3809],[21.3904,38.3901],[21.3865,38.3866],[21.3848,38.3917],[21.3712,38.395],[21.3687,38.3985],[21.3722,38.4034],[21.364,38.4066],[21.3611,38.4154],[21.3659,38.4283],[21.3637,38.4373],[21.3601,38.4376],[21.3637,38.4465],[21.357,38.461],[21.3442,38.4695],[21.3418,38.4784],[21.3206,38.4994],[21.3073,38.4942],[21.3005,38.4868],[21.3009,38.48],[21.3219,38.4587],[21.3339,38.4559],[21.3438,38.4382],[21.357,38.4379],[21.3567,38.4338],[21.3482,38.4361],[21.3484,38.4259],[21.3421,38.4266],[21.3466,38.4295],[21.3421,38.4323],[21.3369,38.4306],[21.3435,38.4176],[21.3357,38.4018],[21.3351,38.3883],[21.3421,38.3852],[21.3248,38.3841],[21.3239,38.389],[21.32,38.3887],[21.3213,38.3805],[21.3096,38.3766],[21.3101,38.3807],[21.3046,38.3798],[21.3063,38.3848],[21.3004,38.3807],[21.3009,38.3743],[21.2893,38.3737],[21.2933,38.3674],[21.2892,38.3601],[21.2677,38.3623],[21.2602,38.357],[21.2674,38.349],[21.2658,38.339],[21.2389,38.3303],[21.2363,38.3254],[21.2347,38.3292],[21.2301,38.3186],[21.2317,38.3238],[21.2249,38.3262],[21.2257,38.3216],[21.2234,38.3207],[21.2201,38.3242],[21.2123,38.3137],[21.2314,38.3056],[21.2567,38.3052],[21.2369,38.2993],[21.2053,38.3058],[21.1725,38.2987],[21.1605,38.2993],[21.1434,38.3038],[21.1387,38.3124],[21.1431,38.3136],[21.1412,38.3087],[21.1441,38.305],[21.1571,38.3009],[21.167,38.3102],[21.168,38.3152],[21.1733,38.3104],[21.1772,38.3122],[21.1797,38.3168],[21.1771,38.3252],[21.1748,38.3267],[21.1704,38.3271],[21.166,38.3238],[21.1634,38.3278],[21.1664,38.3318],[21.173,38.3307],[21.1745,38.3315],[21.1742,38.3337],[21.1725,38.3368],[21.1696,38.3382],[21.1668,38.3374],[21.1737,38.332],[21.1664,38.3327],[21.1622,38.3281],[21.1656,38.3229],[21.1756,38.3254],[21.1777,38.315],[21.1732,38.311],[21.1704,38.3159],[21.1754,38.3159],[21.176,38.3201],[21.1629,38.3218],[21.1634,38.3094],[21.1661,38.3113],[21.1573,38.303],[21.1605,38.3082],[21.1553,38.3102],[21.1577,38.3056],[21.1537,38.3092],[21.1541,38.3039],[21.1537,38.3052],[21.1514,38.3082],[21.1531,38.3055],[21.1528,38.3036],[21.1434,38.3086],[21.1475,38.3124],[21.1383,38.315],[21.1328,38.3219],[21.1353,38.3337],[21.1285,38.338],[21.111,38.3409],[21.0986,38.3342],[21.095,38.3407],[21.0948,38.3455],[21.0957,38.348],[21.1029,38.3492],[21.1082,38.3595],[21.0993,38.3693],[21.0923,38.3636],[21.0899,38.3671],[21.0974,38.3833],[21.1033,38.3859],[21.0999,38.3726],[21.105,38.3705],[21.1168,38.3714],[21.112,38.3785],[21.1221,38.3828],[21.1212,38.3875],[21.1231,38.3832],[21.1293,38.3811],[21.1258,38.3863],[21.1301,38.4035],[21.1211,38.3969],[21.1219,38.4102],[21.1136,38.4114],[21.112,38.4137],[21.1329,38.4155],[21.1406,38.4078],[21.1456,38.4132],[21.1486,38.4063],[21.1563,38.4143],[21.1469,38.4134],[21.1285,38.4208],[21.1139,38.4199],[21.1163,38.4226],[21.1128,38.4242],[21.1232,38.4243],[21.1171,38.4245],[21.1216,38.4286],[21.1169,38.4299],[21.1173,38.4387],[21.1123,38.4406],[21.1099,38.4361],[21.1107,38.4453],[21.1235,38.4491],[21.1416,38.4474],[21.1602,38.4615],[21.1685,38.4749],[21.1866,38.4816],[21.1875,38.4927],[21.1781,38.5059],[21.209,38.5228],[21.2185,38.5237],[21.2393,38.5081],[21.2572,38.5024],[21.2571,38.5089],[21.265,38.5137],[21.2516,38.5265],[21.2567,38.5351],[21.2505,38.5437],[21.2519,38.5574],[21.2534,38.5607],[21.2703,38.555],[21.2778,38.5574],[21.281,38.5547],[21.2778,38.5429],[21.2855,38.5394],[21.294,38.5486],[21.3074,38.5515],[21.3125,38.5498],[21.3116,38.5362],[21.3308,38.5246],[21.349,38.5294],[21.3752,38.5263],[21.3784,38.5339],[21.4006,38.5162],[21.4069,38.5024],[21.4245,38.5078],[21.4333,38.5057],[21.424,38.4926],[21.4257,38.4649],[21.4329,38.4697],[21.4379,38.4625],[21.4467,38.4605],[21.4421,38.4568],[21.4471,38.4551],[21.4448,38.4473],[21.467,38.4419],[21.4738,38.4476],[21.4714,38.4555],[21.4836,38.4738],[21.4933,38.4758],[21.5038,38.4599],[21.5087,38.4644],[21.518,38.4572],[21.5271,38.462],[21.5312,38.4558],[21.5616,38.4439],[21.5965,38.4205],[21.6037,38.4037],[21.5993,38.3995],[21.5596,38.3956],[21.5548,38.3918],[21.5521,38.3637],[21.5456,38.3491],[21.5142,38.3249],[21.5211,38.3005],[21.5182,38.2948],[21.5157,38.2992],[21.5124,38.2986]]],[[[21.5172,38.2946],[21.5171,38.2942],[21.5137,38.2937],[21.5172,38.2946]]],[[[21.4835,38.2988],[21.48,38.3008],[21.4841,38.3],[21.4835,38.2988]]],[[[21.4765,38.3138],[21.4753,38.3136],[21.4754,38.3139],[21.4765,38.3138]]],[[[21.4781,38.3142],[21.4788,38.3138],[21.4779,38.3137],[21.4781,38.3142]]],[[[21.4729,38.3147],[21.4732,38.3136],[21.4705,38.3144],[21.4729,38.3147]]],[[[21.4765,38.315],[21.4768,38.3153],[21.4771,38.3149],[21.4765,38.315]]],[[[21.4813,38.3164],[21.4817,38.3164],[21.4806,38.3151],[21.4813,38.3164]]],[[[21.4387,38.3254],[21.417,38.3255],[21.4182,38.3326],[21.4211,38.3336],[21.4206,38.3283],[21.4261,38.3341],[21.4335,38.3317],[21.4339,38.3277],[21.4446,38.3319],[21.4467,38.3258],[21.4536,38.3268],[21.4556,38.3196],[21.4658,38.3203],[21.4719,38.3156],[21.4705,38.3144],[21.4696,38.3137],[21.4846,38.3048],[21.4842,38.3239],[21.4785,38.3352],[21.4703,38.3398],[21.4724,38.3425],[21.4863,38.3277],[21.4868,38.3018],[21.4779,38.3022],[21.4674,38.312],[21.4387,38.3254]]],[[[21.4612,38.3288],[21.4591,38.3273],[21.4599,38.3287],[21.4612,38.3288]]],[[[21.3953,38.3295],[21.3956,38.3291],[21.395,38.3292],[21.3953,38.3295]]],[[[21.4617,38.3301],[21.4612,38.3304],[21.4619,38.3307],[21.4617,38.3301]]],[[[21.4351,38.3316],[21.4361,38.3317],[21.4353,38.3301],[21.4351,38.3316]]],[[[21.3938,38.3317],[21.3943,38.3312],[21.3938,38.3312],[21.3938,38.3317]]],[[[21.463,38.3328],[21.4632,38.3325],[21.4624,38.3324],[21.463,38.3328]]],[[[21.3914,38.3329],[21.3912,38.3325],[21.3909,38.3327],[21.3914,38.3329]]],[[[21.3921,38.3326],[21.3918,38.3329],[21.3921,38.3331],[21.3921,38.3326]]],[[[21.4745,38.3333],[21.4773,38.3319],[21.4734,38.3334],[21.4745,38.3333]]],[[[21.4476,38.3341],[21.4467,38.3356],[21.4471,38.3378],[21.4476,38.3341]]],[[[21.4642,38.3373],[21.4647,38.3372],[21.4648,38.3365],[21.4642,38.3373]]],[[[21.4632,38.3404],[21.4668,38.3396],[21.4594,38.3355],[21.4511,38.3343],[21.4632,38.3404]]],[[[21.4665,38.3372],[21.4658,38.3371],[21.4654,38.3377],[21.4665,38.3372]]],[[[21.468,38.3373],[21.4673,38.3381],[21.4684,38.3383],[21.468,38.3373]]],[[[21.4697,38.3385],[21.4702,38.3386],[21.4705,38.3379],[21.4697,38.3385]]],[[[21.4473,38.3394],[21.4475,38.339],[21.4469,38.3391],[21.4473,38.3394]]],[[[21.3842,38.3396],[21.3847,38.3395],[21.3843,38.3391],[21.3842,38.3396]]],[[[21.4489,38.3438],[21.449,38.3443],[21.4495,38.3445],[21.4489,38.3438]]],[[[21.4483,38.3466],[21.4483,38.347],[21.4489,38.3469],[21.4483,38.3466]]],[[[21.435,38.3495],[21.4362,38.3498],[21.4364,38.3495],[21.435,38.3495]]],[[[21.4448,38.3525],[21.4449,38.3514],[21.4437,38.3524],[21.4448,38.3525]]],[[[21.4425,38.3548],[21.4426,38.3531],[21.4394,38.3544],[21.4425,38.3548]]],[[[21.4404,38.3585],[21.4417,38.361],[21.4435,38.3601],[21.4404,38.3585]]],[[[21.4479,38.3604],[21.4485,38.3607],[21.4482,38.3586],[21.4479,38.3604]]],[[[21.445,38.3608],[21.4451,38.3613],[21.4465,38.3611],[21.445,38.3608]]],[[[21.3923,38.3614],[21.392,38.3612],[21.3918,38.3615],[21.3923,38.3614]]],[[[21.3886,38.3725],[21.3883,38.3727],[21.389,38.3732],[21.3886,38.3725]]],[[[21.3995,38.3777],[21.3998,38.3784],[21.4009,38.3778],[21.3995,38.3777]]],[[[21.4115,38.381],[21.4078,38.3746],[21.4073,38.3758],[21.4115,38.381]]],[[[21.4051,38.3848],[21.4074,38.3834],[21.4071,38.38],[21.4028,38.381],[21.4051,38.3848]]],[[[21.4048,38.388],[21.4056,38.3878],[21.4047,38.3867],[21.4048,38.388]]]]}},{"type":"Feature","properties":{"code":"9216","name":"Βάρης - Βούλας - Βουλιαγμένης","pe":"Π.Ε. Ανατολικής Αττικής"},"geometry":{"type":"MultiPolygon","coordinates":[[[[23.7626,37.7624],[23.7636,37.7627],[23.7637,37.7621],[23.7626,37.7624]]],[[[23.768,37.766],[23.7628,37.7634],[23.7568,37.7629],[23.7517,37.77],[23.7592,37.7693],[23.7547,37.7723],[23.7619,37.7768],[23.7671,37.777],[23.768,37.766]]],[[[23.7679,37.7801],[23.768,37.7784],[23.7668,37.7785],[23.7679,37.7801]]],[[[23.7539,37.8139],[23.7531,37.814],[23.7541,37.8144],[23.7539,37.8139]]],[[[23.7611,37.8182],[23.7614,37.8177],[23.7607,37.8177],[23.7611,37.8182]]],[[[23.7679,37.8337],[23.7676,37.8337],[23.7677,37.8342],[23.7679,37.8337]]],[[[23.7418,37.836],[23.7426,37.836],[23.7419,37.8358],[23.7418,37.836]]],[[[23.7452,37.838],[23.7484,37.8363],[23.7439,37.8347],[23.7452,37.838]]],[[[23.7315,37.8401],[23.7312,37.8403],[23.7321,37.8405],[23.7315,37.8401]]],[[[23.8229,37.7904],[23.8235,37.7916],[23.824,37.7915],[23.8229,37.7904]]],[[[23.7691,37.7939],[23.7688,37.7938],[23.7683,37.7945],[23.7691,37.7939]]],[[[23.8081,37.7945],[23.8074,37.7945],[23.8076,37.7948],[23.8081,37.7945]]],[[[23.8099,37.7976],[23.8099,37.7971],[23.8093,37.7973],[23.8099,37.7976]]],[[[23.8441,37.8058],[23.8438,37.8064],[23.8454,37.807],[23.8441,37.8058]]],[[[23.7689,37.8319],[23.7685,37.8318],[23.7686,37.8323],[23.7689,37.8319]]],[[[23.7681,37.8326],[23.7679,37.8331],[23.7682,37.8332],[23.7681,37.8326]]],[[[23.8149,37.8204],[23.8033,37.8188],[23.798,37.8009],[23.7887,37.8003],[23.7881,37.7963],[23.7817,37.8116],[23.7767,37.8128],[23.7719,37.8015],[23.7746,37.7979],[23.7708,37.7975],[23.7654,37.8041],[23.7723,37.8064],[23.7729,37.8104],[23.7561,37.8137],[23.7686,37.8196],[23.7693,37.8339],[23.7489,37.8502],[23.7394,37.8494],[23.7436,37.8538],[23.7737,37.8542],[23.7985,37.8752],[23.8053,37.8615],[23.8155,37.856],[23.811,37.8497],[23.8141,37.845],[23.8197,37.8425],[23.8387,37.8486],[23.8423,37.8425],[23.8271,37.8259],[23.8271,37.8097],[23.8149,37.8204]]]]}},{"type":"Feature","properties":{"code":"9218","name":"Κρωπίας","pe":"Π.Ε. Ανατολικής Αττικής"},"geometry":{"type":"Polygon","coordinates":[[[23.7912,37.881],[23.8104,37.8936],[23.8006,37.909],[23.8067,37.9198],[23.8004,37.9359],[23.8142,37.9462],[23.8225,37.9312],[23.83,37.9283],[23.8494,37.9391],[23.8534,37.9474],[23.8646,37.9474],[23.8895,37.9222],[23.9231,37.9197],[23.9319,37.9133],[23.9216,37.9073],[23.9126,37.8933],[23.9151,37.8772],[23.9056,37.8711],[23.8852,37.8673],[23.8848,37.8491],[23.8914,37.8498],[23.8925,37.8451],[23.891,37.8308],[23.8821,37.8258],[23.8652,37.8014],[23.8486,37.8058],[23.8422,37.8146],[23.8363,37.8139],[23.8363,37.8183],[23.8334,37.8106],[23.8271,37.8097],[23.8271,37.8259],[23.842,37.8432],[23.8387,37.8486],[23.8197,37.8425],[23.8141,37.845],[23.811,37.8497],[23.8152,37.8564],[23.8053,37.8615],[23.7993,37.8749],[23.7943,37.873],[23.7912,37.881]]]}},{"type":"Feature","properties":{"code":"9222","name":"Παιανίας","pe":"Π.Ε. Ανατολικής Αττικής"},"geometry":{"type":"Polygon","coordinates":[[[23.82,37.9707],[23.8289,37.9933],[23.8406,38.005],[23.8395,38.0116],[23.8672,38.0063],[23.8653,37.9931],[23.8593,37.9967],[23.8566,37.99],[23.849,37.9929],[23.8538,37.9768],[23.864,37.9763],[23.8737,37.9927],[23.8885,37.985],[23.8971,37.9879],[23.8983,37.9825],[23.8933,37.9819],[23.8972,37.9781],[23.8825,37.9673],[23.8903,37.9637],[23.8914,37.958],[23.9144,37.9494],[23.9443,37.9261],[23.9374,37.9121],[23.9231,37.9197],[23.8907,37.9217],[23.8646,37.9474],[23.8534,37.9474],[23.8494,37.9391],[23.8288,37.9283],[23.82,37.9342],[23.8142,37.9462],[23.82,37.9707]]]}},{"type":"Feature","properties":{"code":"9223","name":"Παλλήνης","pe":"Π.Ε. Ανατολικής Αττικής"},"geometry":{"type":"Polygon","coordinates":[[[23.8481,38.0228],[23.8401,38.0241],[23.8535,38.0483],[23.8538,38.0441],[23.8599,38.0426],[23.8927,38.0421],[23.8922,38.0296],[23.8975,38.0169],[23.9122,38.0198],[23.9127,38.0121],[23.929,37.9988],[23.9184,37.9911],[23.8889,37.9849],[23.8737,37.9927],[23.864,37.9763],[23.8538,37.9768],[23.849,37.9929],[23.8566,37.99],[23.8593,37.9967],[23.8653,37.9931],[23.8672,38.0063],[23.8443,38.0108],[23.8481,38.0228]]]}},{"type":"Feature","properties":{"code":"9224","name":"Ραφήνας - Πικερμίου","pe":"Π.Ε. Ανατολικής Αττικής"},"geometry":{"type":"Polygon","coordinates":[[[23.9382,38.0381],[23.9465,38.0339],[23.9649,38.0417],[23.9862,38.0356],[24.0022,38.0405],[24.0004,38.0329],[24.0099,38.0263],[24.0092,38.0206],[24.0192,38.016],[24.0254,38.0038],[24.024,38.0002],[23.9968,37.9988],[23.9712,38.0105],[23.957,38.007],[23.9464,37.9972],[23.929,37.9988],[23.9127,38.0121],[23.9122,38.0198],[23.8975,38.0169],[23.8922,38.0296],[23.8927,38.0421],[23.9382,38.0381]]]}},{"type":"Feature","properties":{"code":"9220","name":"Μαραθώνος","pe":"Π.Ε. Ανατολικής Αττικής"},"geometry":{"type":"MultiPolygon","coordinates":[[[[24.1149,38.1143],[24.1165,38.1124],[24.1155,38.1126],[24.1149,38.1143]]],[[[23.9287,38.0658],[23.9063,38.0698],[23.9333,38.0723],[23.9325,38.0895],[23.9208,38.1016],[23.9334,38.1162],[23.9461,38.1232],[23.9434,38.1297],[23.9339,38.135],[23.9321,38.1507],[23.906,38.162],[23.902,38.1916],[23.9066,38.2016],[23.9018,38.2102],[23.9027,38.23],[23.9111,38.2413],[23.9106,38.2581],[23.9141,38.2656],[23.9356,38.2824],[23.9376,38.2891],[23.957,38.2835],[24.0006,38.2428],[24.017,38.2359],[24.0306,38.2209],[24.0456,38.2161],[24.0482,38.2076],[24.0721,38.1994],[24.0732,38.1913],[24.0641,38.1909],[24.0572,38.1822],[24.0654,38.1705],[24.0798,38.1645],[24.0794,38.1614],[24.0706,38.1631],[24.0603,38.1578],[24.0637,38.1497],[24.0554,38.1415],[24.0615,38.13],[24.0573,38.1217],[24.0525,38.1416],[24.0347,38.1413],[24.0063,38.1289],[23.9816,38.1084],[23.983,38.0896],[24.0015,38.0676],[23.9979,38.0651],[23.9968,38.0513],[24.0022,38.0405],[23.9852,38.0357],[23.9594,38.0441],[23.9287,38.0658]]],[[[24.108,38.1822],[24.1081,38.1818],[24.1071,38.1817],[24.108,38.1822]]],[[[24.102,38.1822],[24.1011,38.184],[24.1015,38.1844],[24.1049,38.1827],[24.102,38.1822]]],[[[24.0994,38.185],[24.0964,38.1837],[24.0955,38.1871],[24.0994,38.185]]],[[[24.0924,38.1896],[24.0935,38.1885],[24.0931,38.1884],[24.0924,38.1896]]]]}},{"type":"Feature","properties":{"code":"9217","name":"Διονύσου","pe":"Π.Ε. Ανατολικής Αττικής"},"geometry":{"type":"Polygon","coordinates":[[[23.8958,38.0714],[23.8456,38.1001],[23.8587,38.1128],[23.8553,38.1176],[23.858,38.1226],[23.8446,38.1157],[23.8353,38.1206],[23.8227,38.1174],[23.8224,38.1389],[23.8375,38.1508],[23.8371,38.1557],[23.87,38.1557],[23.8854,38.1506],[23.9095,38.1607],[23.9321,38.1507],[23.9339,38.135],[23.9434,38.1297],[23.9461,38.1232],[23.9334,38.1162],[23.9208,38.1016],[23.9325,38.0895],[23.9336,38.0729],[23.8958,38.0714]]]}},{"type":"Feature","properties":{"code":"9215","name":"Αχαρνών","pe":"Π.Ε. Ανατολικής Αττικής"},"geometry":{"type":"Polygon","coordinates":[[[23.8073,38.1047],[23.7866,38.0997],[23.7494,38.0657],[23.7417,38.053],[23.7353,38.0499],[23.7286,38.053],[23.7202,38.0626],[23.724,38.0779],[23.7159,38.0782],[23.7173,38.0905],[23.7123,38.107],[23.7299,38.1172],[23.7297,38.1272],[23.7043,38.1382],[23.693,38.1497],[23.6994,38.1556],[23.699,38.1629],[23.6878,38.1765],[23.6858,38.1937],[23.6789,38.1965],[23.6789,38.2093],[23.6719,38.2172],[23.6869,38.2267],[23.6977,38.2215],[23.7389,38.2184],[23.7465,38.2091],[23.7627,38.2156],[23.792,38.2193],[23.7932,38.2091],[23.7847,38.1904],[23.7935,38.188],[23.7937,38.1822],[23.8013,38.1811],[23.8069,38.1706],[23.8177,38.1697],[23.837,38.1569],[23.8375,38.1508],[23.8224,38.1389],[23.824,38.1162],[23.8073,38.1047]]]}},{"type":"Feature","properties":{"code":"9227","name":"Ωρωπού","pe":"Π.Ε. Ανατολικής Αττικής"},"geometry":{"type":"Polygon","coordinates":[[[23.6582,38.2068],[23.6334,38.212],[23.6406,38.2259],[23.6344,38.2302],[23.6388,38.2391],[23.6321,38.2401],[23.6376,38.2786],[23.645,38.2846],[23.6486,38.2963],[23.6651,38.2999],[23.6595,38.3136],[23.6641,38.3205],[23.6849,38.324],[23.6904,38.3403],[23.7126,38.335],[23.7284,38.3409],[23.7342,38.332],[23.7687,38.3391],[23.7773,38.3354],[23.7863,38.3218],[23.7988,38.3224],[23.8073,38.3284],[23.8337,38.312],[23.8685,38.3081],[23.8916,38.2953],[23.9069,38.2985],[23.9356,38.2884],[23.9356,38.2824],[23.9269,38.2724],[23.9133,38.2646],[23.9083,38.2489],[23.9111,38.2413],[23.9027,38.23],[23.9018,38.2102],[23.9066,38.2016],[23.902,38.1916],[23.9054,38.1844],[23.903,38.1718],[23.9095,38.1607],[23.8863,38.1507],[23.87,38.1557],[23.84,38.1546],[23.8177,38.1697],[23.8069,38.1706],[23.8013,38.1811],[23.7937,38.1822],[23.7935,38.188],[23.7847,38.1904],[23.7935,38.2102],[23.7907,38.2199],[23.7451,38.2091],[23.7389,38.2184],[23.6977,38.2215],[23.6869,38.2267],[23.6719,38.2172],[23.6789,38.2093],[23.6789,38.1965],[23.6582,38.2068]]]}},{"type":"Feature","properties":{"code":"9226","name":"Σπάτων - Αρτέμιδος","pe":"Π.Ε. Ανατολικής Αττικής"},"geometry":{"type":"MultiPolygon","coordinates":[[[[24.0313,37.9925],[24.0151,37.9871],[24.0089,37.9793],[24.0117,37.9742],[24.0065,37.9651],[24.0175,37.9429],[24.0097,37.9303],[23.9786,37.9287],[23.9535,37.936],[23.9443,37.9261],[23.9144,37.9494],[23.8914,37.958],[23.8903,37.9637],[23.8825,37.9673],[23.896,37.9767],[23.8933,37.9819],[23.8983,37.9825],[23.8988,37.9888],[23.9184,37.9911],[23.9253,37.9989],[23.9464,37.9972],[23.957,38.007],[23.9689,38.0102],[23.9968,37.9988],[24.0244,37.9998],[24.0313,37.9925]]],[[[24.0331,37.9883],[24.0332,37.9867],[24.0319,37.9879],[24.0331,37.9883]]],[[[24.0353,37.9891],[24.0368,37.9881],[24.0356,37.988],[24.0353,37.9891]]]]}},{"type":"Feature","properties":{"code":"9221","name":"Μαρκοπούλου Μεσογαίας","pe":"Π.Ε. Ανατολικής Αττικής"},"geometry":{"type":"MultiPolygon","coordinates":[[[[24.0506,37.8381],[24.0512,37.838],[24.0509,37.8376],[24.0506,37.8381]]],[[[24.048,37.8679],[24.0479,37.8681],[24.0497,37.8709],[24.048,37.8679]]],[[[24.021,37.8818],[24.0241,37.8812],[24.022,37.8801],[24.021,37.8818]]],[[[24.0416,37.8837],[24.0452,37.8842],[24.0459,37.8819],[24.0416,37.8837]]],[[[24.0345,37.8856],[24.0339,37.8858],[24.0345,37.8869],[24.0345,37.8856]]],[[[24.0004,37.9251],[24.0317,37.9224],[24.0461,37.9023],[24.0425,37.8951],[24.031,37.8907],[24.0114,37.8934],[24.008,37.8899],[24.022,37.8842],[24.014,37.8824],[24.0238,37.8706],[24.0374,37.8679],[24.0338,37.8691],[24.0363,37.8741],[24.0443,37.8748],[24.0456,37.8682],[24.0399,37.8638],[24.0575,37.8571],[24.0439,37.8487],[24.0328,37.8502],[24.0295,37.8559],[23.9969,37.8594],[23.9647,37.8497],[23.9519,37.8554],[23.9122,37.859],[23.8922,37.8676],[23.9151,37.8772],[23.9126,37.8933],[23.9236,37.9093],[23.9374,37.9121],[23.9503,37.9348],[23.9786,37.9287],[24.0097,37.9303],[24.0004,37.9251]]],[[[24.0407,37.9177],[24.0395,37.9195],[24.0427,37.9186],[24.0407,37.9177]]],[[[24.0369,37.9189],[24.0375,37.9184],[24.0366,37.9181],[24.0369,37.9189]]],[[[24.038,37.9197],[24.0386,37.9192],[24.038,37.9192],[24.038,37.9197]]],[[[24.0155,37.93],[24.0127,37.9302],[24.0136,37.9309],[24.0155,37.93]]]]}},{"type":"Feature","properties":{"code":"9219","name":"Λαυρεωτικής","pe":"Π.Ε. Ανατολικής Αττικής"},"geometry":{"type":"MultiPolygon","coordinates":[[[[23.9435,37.4612],[23.9444,37.461],[23.9444,37.4607],[23.9435,37.4612]]],[[[23.9329,37.4793],[23.9416,37.4603],[23.9217,37.4676],[23.9158,37.4799],[23.8973,37.4913],[23.9053,37.4919],[23.9329,37.4793]]],[[[23.9223,37.4845],[23.9218,37.4848],[23.9223,37.4848],[23.9223,37.4845]]],[[[23.9649,37.649],[23.9636,37.6447],[23.9431,37.6442],[23.9363,37.6497],[23.9422,37.6567],[23.9585,37.6564],[23.9649,37.649]]],[[[24.0152,37.6524],[24.0157,37.6521],[24.0146,37.6516],[24.0152,37.6524]]],[[[24.0475,37.8371],[24.0582,37.8335],[24.0601,37.8286],[24.0501,37.8275],[24.0459,37.8218],[24.0632,37.8147],[24.062,37.8056],[24.073,37.8046],[24.0854,37.7923],[24.08,37.7896],[24.0855,37.7873],[24.0857,37.7786],[24.0774,37.7682],[24.0813,37.7653],[24.0764,37.7616],[24.0793,37.7581],[24.0734,37.757],[24.0812,37.7443],[24.065,37.7445],[24.0706,37.7344],[24.0606,37.738],[24.0528,37.732],[24.0537,37.7252],[24.0634,37.7227],[24.0671,37.713],[24.0562,37.7123],[24.067,37.6988],[24.0591,37.6996],[24.0563,37.6958],[24.0719,37.6879],[24.0722,37.6821],[24.0643,37.6811],[24.0671,37.6758],[24.0572,37.6742],[24.0529,37.6782],[24.052,37.6696],[24.0434,37.6686],[24.0331,37.6593],[24.0348,37.6541],[24.0287,37.6513],[24.0306,37.6484],[24.0233,37.6496],[24.0213,37.6575],[24.006,37.6556],[23.9931,37.6623],[23.9836,37.6611],[23.9806,37.6563],[23.9719,37.6664],[23.9639,37.6654],[23.9666,37.6866],[23.982,37.7028],[23.9862,37.7209],[23.9796,37.7341],[23.963,37.7444],[23.9675,37.7469],[23.9582,37.7556],[23.9666,37.7697],[23.9703,37.7888],[23.9331,37.8122],[23.9432,37.8221],[23.9553,37.817],[23.9595,37.821],[23.9708,37.8165],[23.9749,37.8229],[23.9888,37.8183],[23.9993,37.83],[24.0155,37.8303],[24.0297,37.842],[24.0575,37.8571],[24.0475,37.8371]]],[[[24.0504,37.8253],[24.0508,37.8247],[24.0501,37.8245],[24.0504,37.8253]]]]}},{"type":"Feature","properties":{"code":"9225","name":"Σαρωνικού","pe":"Π.Ε. Ανατολικής Αττικής"},"geometry":{"type":"MultiPolygon","coordinates":[[[[23.8989,37.706],[23.8934,37.7099],[23.9053,37.7147],[23.9051,37.7086],[23.8989,37.706]]],[[[23.8969,37.7566],[23.897,37.756],[23.8965,37.7564],[23.8969,37.7566]]],[[[23.8985,37.7575],[23.899,37.7574],[23.8989,37.7567],[23.8985,37.7575]]],[[[23.8903,37.7615],[23.891,37.7615],[23.8905,37.7609],[23.8903,37.7615]]],[[[23.8736,37.7635],[23.8717,37.7639],[23.8728,37.764],[23.8736,37.7635]]],[[[23.9376,37.6729],[23.942,37.6802],[23.9364,37.6845],[23.9399,37.701],[23.9354,37.7087],[23.9457,37.7151],[23.9453,37.7216],[23.9343,37.7253],[23.9343,37.7202],[23.9231,37.7188],[23.9233,37.714],[23.9209,37.7189],[23.9109,37.7189],[23.9019,37.7344],[23.9051,37.7371],[23.9015,37.7734],[23.8916,37.7791],[23.8859,37.773],[23.8885,37.7834],[23.869,37.7941],[23.8699,37.7994],[23.8652,37.8014],[23.8821,37.8258],[23.891,37.8308],[23.8925,37.8451],[23.8914,37.8498],[23.8848,37.8491],[23.8855,37.8676],[23.9217,37.8572],[23.9526,37.8552],[23.9647,37.8497],[23.9969,37.8594],[24.0295,37.8559],[24.0328,37.8502],[24.0439,37.8487],[24.0155,37.8303],[23.9993,37.83],[23.9888,37.8183],[23.9749,37.8229],[23.9708,37.8165],[23.9595,37.821],[23.9553,37.817],[23.9432,37.8221],[23.9331,37.8122],[23.9697,37.7901],[23.9666,37.7697],[23.9582,37.7556],[23.9675,37.7469],[23.963,37.7444],[23.9796,37.7341],[23.9862,37.7209],[23.982,37.7028],[23.9666,37.6866],[23.9652,37.6667],[23.9376,37.6729]]],[[[23.8854,37.7837],[23.8843,37.7826],[23.8843,37.7836],[23.8854,37.7837]]]]}},{"type":"Feature","properties":{"code":"9236","name":"Ναυπλιέων","pe":"Π.Ε. Αργολίδας"},"geometry":{"type":"MultiPolygon","coordinates":[[[[22.9969,37.4352],[22.9661,37.4307],[22.9719,37.4421],[22.9841,37.4417],[22.9969,37.4352]]],[[[22.9249,37.4949],[22.9358,37.4915],[22.9206,37.4893],[22.9103,37.4982],[22.9151,37.5022],[22.9249,37.4949]]],[[[22.8661,37.5015],[22.8635,37.5033],[22.8647,37.5043],[22.8661,37.5015]]],[[[22.8709,37.5022],[22.8625,37.5084],[22.8586,37.5042],[22.854,37.5087],[22.8636,37.5152],[22.8763,37.505],[22.8709,37.5022]]],[[[22.8675,37.5189],[22.8673,37.5185],[22.8663,37.5188],[22.8675,37.5189]]],[[[22.8155,37.5379],[22.8163,37.538],[22.8165,37.5376],[22.8155,37.5379]]],[[[22.7903,37.5694],[22.7914,37.57],[22.7914,37.5695],[22.7903,37.5694]]],[[[23.0415,37.4804],[23.0163,37.4707],[23.0127,37.4678],[23.0166,37.4671],[23.0029,37.4595],[23.004,37.4702],[22.9925,37.4829],[22.9803,37.5143],[22.9374,37.5201],[22.9341,37.5226],[22.9384,37.5274],[22.928,37.5353],[22.8994,37.5384],[22.9058,37.5339],[22.9192,37.5337],[22.929,37.5242],[22.8979,37.5329],[22.874,37.5254],[22.8687,37.5273],[22.8535,37.5126],[22.8469,37.5205],[22.8369,37.5209],[22.8312,37.5288],[22.8205,37.5277],[22.8165,37.5323],[22.8234,37.5373],[22.8214,37.545],[22.8119,37.5464],[22.7991,37.5628],[22.7924,37.5617],[22.793,37.5665],[22.8012,37.5679],[22.8015,37.5732],[22.7811,37.5889],[22.7827,37.6107],[22.7891,37.6155],[22.7894,37.6249],[22.7984,37.6276],[22.793,37.6363],[22.7839,37.6343],[22.7837,37.6517],[22.7719,37.662],[22.8013,37.6855],[22.8228,37.6961],[22.8309,37.692],[22.8635,37.6922],[22.8643,37.6776],[22.8693,37.6753],[22.8996,37.6791],[22.9155,37.6875],[22.921,37.6987],[22.9448,37.7054],[22.9427,37.7181],[22.9468,37.7246],[22.9558,37.7093],[22.9854,37.717],[22.9994,37.7073],[23.0277,37.7119],[23.0463,37.702],[23.0442,37.6918],[23.053,37.6806],[23.0525,37.6699],[23.059,37.6561],[23.0309,37.6404],[22.9995,37.6386],[22.9967,37.6266],[22.9884,37.623],[22.9501,37.6373],[22.9271,37.6396],[22.9202,37.6299],[22.9273,37.6194],[22.9129,37.6146],[22.9129,37.6085],[22.9069,37.6035],[22.8929,37.6002],[22.9048,37.5933],[22.9318,37.5884],[22.9313,37.5746],[22.9626,37.5803],[22.9583,37.5552],[22.978,37.5502],[22.9766,37.5373],[22.9912,37.5339],[22.9994,37.5236],[23.0325,37.5334],[23.0521,37.532],[23.0729,37.5367],[23.0762,37.5273],[23.0869,37.5222],[23.0959,37.5233],[23.1085,37.5342],[23.1417,37.5281],[23.1428,37.5229],[23.1304,37.5048],[23.0909,37.4997],[23.0863,37.497],[23.0894,37.4829],[23.0851,37.4774],[23.054,37.4638],[23.0415,37.4804]]]]}},{"type":"Feature","properties":{"code":"9233","name":"Άργους - Μυκηνών","pe":"Π.Ε. Αργολίδας"},"geometry":{"type":"Polygon","coordinates":[[[22.7471,37.5846],[22.718,37.5646],[22.7237,37.5415],[22.7356,37.5233],[22.7259,37.5134],[22.7103,37.5084],[22.7058,37.4953],[22.6945,37.4845],[22.6981,37.4718],[22.6934,37.461],[22.6765,37.4679],[22.6551,37.4665],[22.6489,37.4647],[22.6406,37.4515],[22.5924,37.4538],[22.5795,37.4869],[22.5435,37.4869],[22.5223,37.4989],[22.515,37.5192],[22.5376,37.564],[22.5031,37.5943],[22.5014,37.5994],[22.5134,37.6119],[22.5135,37.6169],[22.4945,37.6151],[22.4881,37.6188],[22.4733,37.6645],[22.4743,37.6788],[22.4558,37.693],[22.4508,37.705],[22.43,37.6841],[22.4087,37.6757],[22.399,37.7104],[22.3988,37.7314],[22.4082,37.7401],[22.4028,37.7571],[22.4048,37.7655],[22.4135,37.7708],[22.4011,37.7816],[22.3997,37.7925],[22.3913,37.7993],[22.3918,37.8039],[22.409,37.8],[22.4277,37.8043],[22.4347,37.8152],[22.4437,37.8173],[22.4652,37.84],[22.4784,37.8448],[22.4926,37.8591],[22.5015,37.8608],[22.5004,37.8567],[22.5096,37.8446],[22.5215,37.8352],[22.5479,37.841],[22.5588,37.8497],[22.5636,37.8343],[22.5477,37.8259],[22.5327,37.8041],[22.5351,37.7804],[22.5698,37.7929],[22.6029,37.7815],[22.6129,37.788],[22.6165,37.777],[22.6455,37.7783],[22.6543,37.7739],[22.6568,37.7676],[22.676,37.7634],[22.685,37.7663],[22.6888,37.7734],[22.7037,37.773],[22.7193,37.7803],[22.7248,37.7697],[22.7451,37.7779],[22.7432,37.7653],[22.749,37.7506],[22.7869,37.7339],[22.8074,37.7377],[22.8271,37.7333],[22.8704,37.7388],[22.8894,37.7512],[22.9085,37.7498],[22.9164,37.7554],[22.932,37.7445],[22.9491,37.7398],[22.9569,37.742],[22.9482,37.7333],[22.943,37.7192],[22.9448,37.7054],[22.921,37.6987],[22.9166,37.6886],[22.9038,37.6807],[22.8693,37.6753],[22.8643,37.6776],[22.8635,37.6922],[22.8309,37.692],[22.8228,37.6961],[22.8013,37.6855],[22.7719,37.662],[22.7837,37.6517],[22.7839,37.6343],[22.793,37.6363],[22.7984,37.6276],[22.7894,37.6249],[22.7891,37.6155],[22.7827,37.6107],[22.7811,37.5889],[22.7471,37.5846]]]}},{"type":"Feature","properties":{"code":"9234","name":"Επιδαύρου","pe":"Π.Ε. Αργολίδας"},"geometry":{"type":"MultiPolygon","coordinates":[[[[23.0683,37.7295],[23.095,37.7209],[23.1064,37.7217],[23.1199,37.7297],[23.1415,37.7239],[23.1587,37.713],[23.1759,37.7154],[23.1687,37.706],[23.1732,37.7018],[23.151,37.6749],[23.1703,37.6489],[23.1647,37.6477],[23.17,37.64],[23.1596,37.6412],[23.1571,37.6378],[23.1694,37.6325],[23.1603,37.6316],[23.1561,37.6233],[23.1614,37.6156],[23.1749,37.612],[23.2004,37.5967],[23.1853,37.5895],[23.1902,37.5758],[23.1857,37.5677],[23.1784,37.5679],[23.1713,37.5619],[23.1643,37.5445],[23.1676,37.5338],[23.1609,37.5346],[23.1516,37.5277],[23.1256,37.5284],[23.1085,37.5342],[23.0889,37.522],[23.0762,37.5273],[23.0729,37.5367],[23.0521,37.532],[23.0325,37.5334],[22.9994,37.5236],[22.9912,37.5339],[22.9766,37.5373],[22.978,37.5502],[22.9583,37.5552],[22.9626,37.5803],[22.9313,37.5746],[22.9318,37.5884],[22.9048,37.5933],[22.8929,37.6002],[22.9069,37.6035],[22.9129,37.6085],[22.9129,37.6146],[22.9273,37.6194],[22.9202,37.6299],[22.9271,37.6396],[22.9501,37.6373],[22.9884,37.623],[22.9967,37.6266],[22.9995,37.6386],[23.0309,37.6404],[23.059,37.6561],[23.0525,37.6699],[23.053,37.6806],[23.0442,37.6918],[23.0468,37.7022],[23.0683,37.7295]]],[[[23.1764,37.7154],[23.1756,37.7166],[23.1771,37.7171],[23.1764,37.7154]]]]}},{"type":"Feature","properties":{"code":"9235","name":"Ερμιονίδας","pe":"Π.Ε. Αργολίδας"},"geometry":{"type":"MultiPolygon","coordinates":[[[[23.1366,37.3034],[23.1408,37.3031],[23.1398,37.3008],[23.1366,37.3034]]],[[[23.2031,37.3067],[23.2045,37.3056],[23.2015,37.3066],[23.2031,37.3067]]],[[[23.061,37.3597],[23.0611,37.359],[23.0604,37.3598],[23.061,37.3597]]],[[[23.0675,37.361],[23.0628,37.359],[23.0627,37.3614],[23.0675,37.361]]],[[[23.0697,37.3657],[23.0702,37.3661],[23.0708,37.3657],[23.0697,37.3657]]],[[[23.1172,37.4233],[23.1153,37.4262],[23.1245,37.4264],[23.1172,37.4233]]],[[[23.2146,37.341],[23.2152,37.3405],[23.2145,37.3391],[23.2146,37.341]]],[[[23.2653,37.3661],[23.2654,37.3657],[23.2635,37.3661],[23.2653,37.3661]]],[[[23.2683,37.3676],[23.268,37.368],[23.2689,37.3678],[23.2683,37.3676]]],[[[23.2695,37.3679],[23.2695,37.3682],[23.2702,37.3679],[23.2695,37.3679]]],[[[23.1795,37.5234],[23.2194,37.5221],[23.2247,37.5137],[23.2511,37.5017],[23.272,37.5024],[23.2704,37.4956],[23.2737,37.4933],[23.3023,37.4968],[23.3111,37.4889],[23.3097,37.471],[23.3265,37.4679],[23.3412,37.4724],[23.3465,37.4592],[23.365,37.4639],[23.4052,37.4566],[23.4261,37.4688],[23.454,37.4633],[23.4535,37.4494],[23.4256,37.4205],[23.4239,37.411],[23.4116,37.404],[23.3883,37.4112],[23.3386,37.414],[23.3254,37.4052],[23.311,37.403],[23.3093,37.3933],[23.2888,37.3953],[23.2808,37.3998],[23.2798,37.4052],[23.2682,37.4064],[23.2606,37.4002],[23.2617,37.3902],[23.2502,37.3909],[23.2465,37.3873],[23.261,37.385],[23.23,37.3829],[23.2243,37.3786],[23.2246,37.373],[23.233,37.3626],[23.2399,37.3702],[23.2455,37.3658],[23.259,37.3677],[23.2449,37.3596],[23.2464,37.3548],[23.2659,37.3561],[23.2779,37.3489],[23.2675,37.3429],[23.2298,37.3465],[23.2038,37.3392],[23.1911,37.3399],[23.1816,37.3317],[23.1787,37.3226],[23.1992,37.3054],[23.1989,37.2909],[23.183,37.2953],[23.1805,37.2868],[23.1682,37.286],[23.1633,37.2954],[23.1543,37.2927],[23.1528,37.2974],[23.1473,37.2957],[23.142,37.3005],[23.1439,37.3054],[23.1355,37.3089],[23.1452,37.3176],[23.1554,37.3175],[23.1508,37.3264],[23.1434,37.3276],[23.1439,37.3215],[23.1389,37.3217],[23.1415,37.3189],[23.1333,37.3151],[23.1279,37.318],[23.1265,37.3141],[23.1247,37.3198],[23.1174,37.3201],[23.1206,37.324],[23.1137,37.3253],[23.116,37.3277],[23.11,37.3325],[23.1165,37.3354],[23.1225,37.3326],[23.1249,37.3402],[23.1206,37.3443],[23.1071,37.3516],[23.0652,37.3522],[23.0677,37.3597],[23.0737,37.3613],[23.0732,37.3705],[23.0687,37.3716],[23.074,37.3771],[23.0631,37.3917],[23.085,37.3871],[23.0929,37.3917],[23.1002,37.39],[23.1061,37.3992],[23.111,37.3993],[23.1129,37.4101],[23.1115,37.418],[23.1076,37.4189],[23.1119,37.4225],[23.126,37.4169],[23.1305,37.4098],[23.14,37.4116],[23.1437,37.4157],[23.13,37.4235],[23.1337,37.4276],[23.1316,37.4384],[23.1196,37.4411],[23.1248,37.443],[23.1197,37.4509],[23.0913,37.4552],[23.0619,37.4493],[23.0428,37.457],[23.0874,37.4793],[23.0868,37.4978],[23.1287,37.5041],[23.1428,37.5229],[23.1417,37.5281],[23.1543,37.528],[23.1609,37.5346],[23.1717,37.5333],[23.1795,37.5234]]]]}},{"type":"Feature","properties":{"code":"9240","name":"Νότιας Κυνουρίας","pe":"Π.Ε. Αρκαδίας"},"geometry":{"type":"Polygon","coordinates":[[[22.9694,37.037],[22.9618,37.0357],[22.9541,37.0227],[22.9199,37.0153],[22.901,37.0292],[22.8768,37.0222],[22.8684,37.0071],[22.8715,36.9991],[22.8583,36.9989],[22.85,36.9934],[22.8449,37.0069],[22.8267,37.0073],[22.8157,37.0142],[22.804,37.0147],[22.793,37.0345],[22.7792,37.0387],[22.7602,37.0567],[22.7408,37.055],[22.7323,37.0403],[22.7136,37.033],[22.6877,37.0585],[22.6838,37.068],[22.6898,37.0725],[22.6906,37.0801],[22.7022,37.0861],[22.7067,37.0939],[22.6872,37.106],[22.68,37.1202],[22.6712,37.1247],[22.6643,37.1361],[22.6515,37.1427],[22.6457,37.1586],[22.6349,37.1693],[22.6385,37.1778],[22.6313,37.2045],[22.6209,37.2132],[22.635,37.2186],[22.6481,37.212],[22.6629,37.2192],[22.6726,37.218],[22.6809,37.2246],[22.699,37.2241],[22.7049,37.2267],[22.7039,37.2314],[22.7244,37.2316],[22.7449,37.2642],[22.7471,37.2744],[22.7602,37.2798],[22.7623,37.2845],[22.7927,37.2855],[22.7962,37.2897],[22.7901,37.2942],[22.793,37.2994],[22.8086,37.3047],[22.8128,37.3144],[22.8209,37.3152],[22.8226,37.311],[22.829,37.3105],[22.8264,37.3067],[22.8321,37.2954],[22.8432,37.2927],[22.8369,37.284],[22.8394,37.2783],[22.8629,37.2705],[22.8621,37.2645],[22.8541,37.2613],[22.8546,37.2555],[22.8639,37.2462],[22.8753,37.2453],[22.8744,37.2403],[22.8932,37.2187],[22.8907,37.2122],[22.8949,37.2003],[22.9029,37.1989],[22.9116,37.1897],[22.9058,37.1892],[22.9068,37.1793],[22.8996,37.1774],[22.8918,37.1444],[22.8964,37.1209],[22.9062,37.1121],[22.9184,37.1086],[22.9261,37.1097],[22.9301,37.1198],[22.944,37.1144],[22.9549,37.1193],[22.9606,37.1084],[22.954,37.1057],[22.959,37.1044],[22.9541,37.0982],[22.9647,37.0978],[22.9598,37.0921],[22.9698,37.0901],[22.9675,37.0863],[22.9705,37.0845],[22.9841,37.0853],[22.9808,37.078],[22.9845,37.0728],[22.9784,37.0687],[22.9694,37.0742],[22.9641,37.071],[22.9712,37.0647],[22.97,37.0593],[22.9779,37.0577],[22.98,37.0476],[22.9694,37.037]]]}},{"type":"Feature","properties":{"code":"9237","name":"Βόρειας Κυνουρίας","pe":"Π.Ε. Αρκαδίας"},"geometry":{"type":"Polygon","coordinates":[[[22.4945,37.32],[22.4833,37.3128],[22.4629,37.3185],[22.4367,37.3389],[22.4396,37.363],[22.4352,37.3738],[22.4442,37.3848],[22.4529,37.3787],[22.4691,37.3896],[22.4682,37.3985],[22.4797,37.4246],[22.5296,37.4457],[22.5348,37.4519],[22.559,37.434],[22.5701,37.4367],[22.5929,37.4288],[22.5991,37.4518],[22.6406,37.4515],[22.6489,37.4647],[22.6551,37.4665],[22.6765,37.4679],[22.6934,37.461],[22.6981,37.4718],[22.6945,37.4845],[22.7058,37.4953],[22.7103,37.5084],[22.7259,37.5134],[22.7356,37.5233],[22.7395,37.5129],[22.7281,37.4946],[22.7278,37.4863],[22.7502,37.4634],[22.746,37.4574],[22.7485,37.4412],[22.765,37.4254],[22.7719,37.4238],[22.7695,37.4144],[22.7659,37.4154],[22.7576,37.4068],[22.7531,37.3935],[22.7598,37.3875],[22.774,37.3874],[22.788,37.366],[22.7987,37.3599],[22.7979,37.3498],[22.804,37.3483],[22.8047,37.3409],[22.8167,37.3378],[22.8134,37.3331],[22.808,37.3341],[22.809,37.3297],[22.8161,37.3283],[22.8161,37.3229],[22.8203,37.3254],[22.8275,37.3207],[22.8115,37.3135],[22.8086,37.3047],[22.793,37.2994],[22.7901,37.2942],[22.7962,37.2897],[22.7927,37.2855],[22.7623,37.2845],[22.7602,37.2798],[22.7471,37.2744],[22.7449,37.2642],[22.7244,37.2316],[22.7039,37.2314],[22.7049,37.2267],[22.699,37.2241],[22.6809,37.2246],[22.6726,37.218],[22.6629,37.2192],[22.6481,37.212],[22.635,37.2186],[22.6209,37.2132],[22.6164,37.2243],[22.6086,37.2301],[22.6062,37.249],[22.6115,37.2805],[22.6047,37.2969],[22.5542,37.2843],[22.5416,37.2978],[22.5441,37.3051],[22.5156,37.3218],[22.4945,37.32]]]}},{"type":"Feature","properties":{"code":"9241","name":"Τρίπολης","pe":"Π.Ε. Αρκαδίας"},"geometry":{"type":"Polygon","coordinates":[[[22.4354,37.3225],[22.4184,37.3358],[22.4019,37.3247],[22.4103,37.2897],[22.4319,37.2608],[22.4309,37.2523],[22.4196,37.2398],[22.4245,37.2246],[22.4223,37.2164],[22.4133,37.2126],[22.4017,37.2144],[22.3879,37.2385],[22.3837,37.2197],[22.3767,37.2153],[22.3664,37.212],[22.3399,37.2157],[22.336,37.2185],[22.3417,37.2256],[22.3412,37.233],[22.3248,37.2432],[22.2971,37.249],[22.2964,37.2677],[22.29,37.2816],[22.2766,37.2906],[22.2504,37.3229],[22.2434,37.3218],[22.2556,37.3348],[22.2605,37.354],[22.2443,37.3567],[22.2377,37.364],[22.2101,37.3731],[22.1922,37.411],[22.2028,37.4163],[22.2018,37.4436],[22.2112,37.454],[22.2178,37.4747],[22.2287,37.4838],[22.204,37.4966],[22.1942,37.4969],[22.1722,37.5426],[22.1586,37.5421],[22.1625,37.5539],[22.1516,37.5741],[22.1497,37.5866],[22.151,37.5914],[22.1869,37.5981],[22.19,37.6273],[22.2046,37.6398],[22.1965,37.6527],[22.2292,37.6592],[22.238,37.6774],[22.216,37.6825],[22.2138,37.6875],[22.2203,37.6932],[22.2083,37.6994],[22.2057,37.705],[22.2073,37.727],[22.2163,37.7425],[22.2116,37.7488],[22.2131,37.7574],[22.2066,37.7646],[22.1999,37.7597],[22.1931,37.7605],[22.2012,37.7715],[22.1908,37.7832],[22.1951,37.7875],[22.1753,37.7955],[22.1988,37.8274],[22.2177,37.8332],[22.2294,37.8314],[22.2363,37.8393],[22.2765,37.8405],[22.2995,37.8323],[22.3047,37.8234],[22.3182,37.8178],[22.3211,37.8071],[22.3311,37.7983],[22.3555,37.7978],[22.365,37.8039],[22.3848,37.8066],[22.3918,37.8039],[22.3913,37.7993],[22.3997,37.7925],[22.4011,37.7816],[22.4135,37.7708],[22.4048,37.7655],[22.4028,37.7571],[22.4082,37.7401],[22.3988,37.7314],[22.399,37.7104],[22.4087,37.6757],[22.43,37.6841],[22.4508,37.705],[22.4558,37.693],[22.4743,37.6788],[22.4733,37.6645],[22.4881,37.6188],[22.4945,37.6151],[22.5135,37.6169],[22.5134,37.6119],[22.5014,37.5994],[22.5031,37.5943],[22.5376,37.564],[22.515,37.5192],[22.5223,37.4989],[22.5435,37.4869],[22.5795,37.4869],[22.5919,37.4542],[22.5991,37.4518],[22.5929,37.4288],[22.5701,37.4367],[22.559,37.434],[22.5348,37.4519],[22.5296,37.4457],[22.4797,37.4246],[22.4682,37.3985],[22.4691,37.3896],[22.4529,37.3787],[22.4442,37.3848],[22.4352,37.3738],[22.4396,37.363],[22.4366,37.3396],[22.4452,37.3297],[22.4354,37.3225]]]}},{"type":"Feature","properties":{"code":"9239","name":"Μεγαλόπολης","pe":"Π.Ε. Αρκαδίας"},"geometry":{"type":"Polygon","coordinates":[[[22.2516,37.2684],[22.2306,37.2762],[22.2228,37.2743],[22.2241,37.2486],[22.2371,37.2207],[22.2349,37.2077],[22.2503,37.1883],[22.252,37.1693],[22.2348,37.1658],[22.2296,37.16],[22.2146,37.1655],[22.2158,37.158],[22.2053,37.1503],[22.1999,37.1384],[22.1839,37.1377],[22.1776,37.1454],[22.1799,37.1518],[22.174,37.1661],[22.1632,37.1731],[22.148,37.1727],[22.1377,37.1787],[22.1373,37.193],[22.127,37.1959],[22.1162,37.2063],[22.1065,37.2276],[22.0779,37.2292],[22.0723,37.2367],[22.0726,37.2511],[22.0653,37.2589],[22.0437,37.2618],[22.029,37.27],[22.0193,37.2841],[22.0186,37.2971],[22.0261,37.3113],[22.0193,37.3265],[22.0086,37.3304],[22.0022,37.3416],[21.9911,37.342],[21.9743,37.3513],[21.9734,37.357],[21.9562,37.3729],[21.9602,37.3808],[21.9748,37.3828],[21.9763,37.3918],[21.9821,37.3951],[21.9937,37.4162],[21.9876,37.4304],[21.9904,37.4413],[21.9806,37.4417],[21.9744,37.4561],[21.9565,37.4565],[21.9563,37.4646],[21.948,37.4734],[21.9826,37.4946],[21.9993,37.4994],[21.9946,37.5072],[21.9609,37.5267],[21.9493,37.5399],[21.9465,37.5519],[21.964,37.5671],[21.9738,37.5524],[21.9906,37.5447],[22.004,37.5429],[22.0109,37.5461],[22.0471,37.5399],[22.041,37.514],[22.0663,37.4988],[22.0622,37.4906],[22.0945,37.4921],[22.0961,37.4757],[22.1018,37.4654],[22.1169,37.4722],[22.1308,37.4714],[22.1428,37.4641],[22.1492,37.4779],[22.1447,37.4851],[22.1568,37.4939],[22.143,37.5031],[22.1428,37.5382],[22.1722,37.5426],[22.1942,37.4969],[22.204,37.4966],[22.2287,37.4838],[22.2178,37.4747],[22.2112,37.454],[22.2018,37.4436],[22.2028,37.4163],[22.1922,37.411],[22.2101,37.3731],[22.2377,37.364],[22.2443,37.3567],[22.2605,37.354],[22.2556,37.3348],[22.2434,37.3218],[22.2504,37.3229],[22.2849,37.2835],[22.2516,37.2684]]]}},{"type":"Feature","properties":{"code":"9238","name":"Γορτυνίας","pe":"Π.Ε. Αρκαδίας"},"geometry":{"type":"Polygon","coordinates":[[[21.9186,37.5557],[21.9123,37.5538],[21.9127,37.5617],[21.9013,37.5672],[21.9015,37.5772],[21.8931,37.5806],[21.8882,37.5954],[21.8782,37.6046],[21.8538,37.6049],[21.8431,37.6003],[21.835,37.6032],[21.8069,37.5868],[21.7972,37.5864],[21.7976,37.5969],[21.792,37.6095],[21.7973,37.6235],[21.794,37.6348],[21.8064,37.6635],[21.8126,37.6911],[21.8096,37.712],[21.7959,37.7397],[21.7941,37.7883],[21.8114,37.8198],[21.8403,37.8368],[21.8544,37.8512],[21.8902,37.8658],[21.8958,37.857],[21.8909,37.8432],[21.9027,37.8325],[21.9273,37.8253],[21.9275,37.8195],[21.9364,37.8143],[21.9473,37.8227],[21.9695,37.8128],[21.984,37.7997],[21.9825,37.7966],[22.005,37.7992],[22.0106,37.7922],[22.0404,37.7889],[22.0564,37.7809],[22.0574,37.787],[22.0698,37.7966],[22.0763,37.8084],[22.0977,37.8151],[22.1036,37.8228],[22.1246,37.8244],[22.1312,37.8212],[22.1267,37.8144],[22.1374,37.8089],[22.1409,37.8018],[22.1515,37.8053],[22.1951,37.7875],[22.1908,37.7832],[22.2012,37.7715],[22.1931,37.7605],[22.2098,37.7633],[22.2116,37.7488],[22.2161,37.7439],[22.2073,37.727],[22.2066,37.7013],[22.2203,37.6932],[22.2138,37.6875],[22.216,37.6825],[22.238,37.6774],[22.2292,37.6592],[22.1965,37.6527],[22.2046,37.6398],[22.19,37.6273],[22.1852,37.5965],[22.1496,37.5909],[22.1516,37.5741],[22.1627,37.5529],[22.1586,37.5421],[22.1428,37.5382],[22.143,37.5031],[22.1568,37.4939],[22.1447,37.4851],[22.1492,37.4779],[22.1428,37.4641],[22.1308,37.4714],[22.1169,37.4722],[22.1018,37.4654],[22.0961,37.4757],[22.0945,37.4921],[22.0622,37.4906],[22.0663,37.4988],[22.041,37.514],[22.0471,37.5399],[22.0109,37.5461],[22.004,37.5429],[21.9906,37.5447],[21.9738,37.5524],[21.964,37.5671],[21.9465,37.5519],[21.9487,37.5443],[21.9186,37.5557]]]}},{"type":"Feature","properties":{"code":"9133","name":"Καλαβρύτων","pe":"Π.Ε. Αχαΐας"},"geometry":{"type":"Polygon","coordinates":[[[22.2398,37.9464],[22.2465,37.924],[22.246,37.909],[22.2185,37.8866],[22.2267,37.8845],[22.2284,37.8761],[22.2469,37.8651],[22.2643,37.8394],[22.2363,37.8393],[22.2294,37.8314],[22.2177,37.8332],[22.1988,37.8274],[22.1753,37.7955],[22.1515,37.8053],[22.1409,37.8018],[22.1374,37.8089],[22.1267,37.8144],[22.13,37.8225],[22.1036,37.8228],[22.0977,37.8151],[22.0763,37.8084],[22.0543,37.7807],[22.0404,37.7889],[22.0106,37.7922],[22.005,37.7992],[21.9825,37.7966],[21.984,37.7997],[21.9695,37.8128],[21.9473,37.8227],[21.9364,37.8143],[21.9275,37.8195],[21.9273,37.8253],[21.9027,37.8325],[21.8909,37.8432],[21.8958,37.857],[21.8864,37.8762],[21.8591,37.905],[21.8274,37.9176],[21.8308,37.9327],[21.8113,37.9566],[21.8427,37.9675],[21.8519,37.986],[21.8922,38.0101],[21.9056,38.0238],[21.914,38.0463],[21.9055,38.0417],[21.8837,38.0465],[21.879,38.0561],[21.8895,38.0765],[21.9051,38.0741],[21.9111,38.077],[21.9167,38.0895],[21.9463,38.0925],[21.9443,38.1055],[21.9492,38.1123],[21.9489,38.13],[21.9943,38.1211],[22.013,38.1239],[22.0103,38.1305],[22.0289,38.1252],[22.0522,38.1317],[22.0672,38.1266],[22.0699,38.1327],[22.0839,38.1341],[22.0874,38.1405],[22.092,38.1393],[22.1083,38.1492],[22.1324,38.1468],[22.1311,38.1372],[22.1415,38.1329],[22.1702,38.1317],[22.1899,38.1114],[22.1903,38.1007],[22.1813,38.0915],[22.1868,38.0834],[22.1879,38.0673],[22.2173,38.0656],[22.2189,38.0521],[22.217,38.0465],[22.2071,38.0459],[22.2126,38.0268],[22.2103,38.0171],[22.1896,38.0154],[22.1841,37.9988],[22.1927,37.9934],[22.2002,37.9966],[22.2051,37.9882],[22.2157,37.9831],[22.2125,37.9738],[22.2291,37.9621],[22.2393,37.9612],[22.2398,37.9464]]]}},{"type":"Feature","properties":{"code":"9132","name":"Ερυμάνθου","pe":"Π.Ε. Αχαΐας"},"geometry":{"type":"Polygon","coordinates":[[[21.7994,37.9524],[21.797,37.9391],[21.7767,37.9265],[21.7599,37.9229],[21.7444,37.9021],[21.7291,37.8937],[21.7192,37.881],[21.695,37.8678],[21.6902,37.8556],[21.692,37.8459],[21.6857,37.8366],[21.6738,37.8386],[21.662,37.85],[21.656,37.8665],[21.6486,37.8737],[21.6481,37.8835],[21.6395,37.8921],[21.6327,37.8951],[21.6287,37.8905],[21.6071,37.8977],[21.6062,37.9013],[21.5906,37.902],[21.5961,37.9063],[21.5799,37.9085],[21.5759,37.9167],[21.5965,37.9353],[21.6018,37.9455],[21.6014,37.9577],[21.6115,37.9621],[21.6141,37.9749],[21.6246,37.9815],[21.6265,38.0077],[21.651,38.0137],[21.6536,38.0231],[21.6664,38.0379],[21.6934,38.04],[21.6949,38.0443],[21.706,38.0425],[21.7126,38.047],[21.7116,38.0597],[21.6907,38.0753],[21.671,38.1024],[21.672,38.1125],[21.6962,38.1328],[21.6931,38.1355],[21.6948,38.1518],[21.7204,38.1363],[21.7335,38.1394],[21.7303,38.1486],[21.7791,38.1506],[21.7838,38.1386],[21.7958,38.13],[21.8119,38.1339],[21.8336,38.1207],[21.8447,38.1211],[21.8592,38.1149],[21.8736,38.1156],[21.8748,38.1227],[21.865,38.1216],[21.8647,38.133],[21.8893,38.1485],[21.8887,38.1657],[21.9106,38.1696],[21.9296,38.1636],[21.938,38.168],[21.96,38.1634],[21.9676,38.1577],[21.9812,38.1617],[21.9991,38.152],[22.0151,38.1525],[22.0146,38.148],[22.0009,38.1394],[22.013,38.1239],[21.9919,38.1213],[21.9489,38.13],[21.9492,38.1123],[21.9443,38.1055],[21.9463,38.0925],[21.9167,38.0895],[21.9111,38.077],[21.9051,38.0741],[21.8895,38.0765],[21.8793,38.0515],[21.8837,38.0465],[21.9055,38.0417],[21.914,38.0463],[21.9056,38.0238],[21.8922,38.0101],[21.8519,37.986],[21.8427,37.9675],[21.7994,37.9524]]]}},{"type":"Feature","properties":{"code":"9131","name":"Δυτικής Αχαΐας","pe":"Π.Ε. Αχαΐας"},"geometry":{"type":"Polygon","coordinates":[[[21.5608,37.9167],[21.5589,37.9129],[21.5502,37.9175],[21.5467,37.9142],[21.5441,37.9184],[21.5354,37.9147],[21.4966,37.9202],[21.4936,37.9263],[21.499,37.9368],[21.4774,37.9505],[21.4614,37.9549],[21.4596,37.9668],[21.4515,37.9677],[21.4403,37.9763],[21.4604,37.9923],[21.4596,37.9992],[21.447,38.0051],[21.4499,38.014],[21.4446,38.0161],[21.4511,38.0226],[21.4486,38.0259],[21.4396,38.0246],[21.428,38.0292],[21.399,38.052],[21.401,38.0578],[21.3804,38.0623],[21.3614,38.0767],[21.3622,38.0894],[21.3506,38.1],[21.3614,38.1123],[21.3684,38.1328],[21.3632,38.1802],[21.3746,38.1977],[21.3715,38.2183],[21.3791,38.2125],[21.3885,38.2147],[21.4099,38.1909],[21.423,38.19],[21.4368,38.1984],[21.4526,38.1993],[21.5305,38.1554],[21.545,38.158],[21.6052,38.1429],[21.6158,38.1373],[21.6092,38.126],[21.6032,38.1262],[21.6074,38.122],[21.6263,38.1243],[21.6254,38.1202],[21.6381,38.1274],[21.6779,38.1198],[21.6715,38.1114],[21.671,38.1024],[21.6907,38.0753],[21.7116,38.0597],[21.7126,38.047],[21.706,38.0425],[21.6949,38.0443],[21.6934,38.04],[21.6664,38.0379],[21.6536,38.0231],[21.651,38.0137],[21.6265,38.0077],[21.6246,37.9815],[21.6141,37.9749],[21.6115,37.9621],[21.6014,37.9577],[21.6018,37.9455],[21.5965,37.9353],[21.5762,37.9182],[21.5608,37.9167]]]}},{"type":"Feature","properties":{"code":"9134","name":"Πατρέων","pe":"Π.Ε. Αχαΐας"},"geometry":{"type":"Polygon","coordinates":[[[21.6273,38.1548],[21.6408,38.1559],[21.6722,38.1686],[21.6783,38.1847],[21.6876,38.1872],[21.718,38.2157],[21.7253,38.2448],[21.735,38.2512],[21.7385,38.2708],[21.7456,38.2825],[21.7529,38.2808],[21.7593,38.2847],[21.7799,38.3129],[21.7878,38.3086],[21.8141,38.319],[21.8262,38.3164],[21.8489,38.3372],[21.8471,38.3408],[21.8711,38.3345],[21.8786,38.3246],[21.8856,38.3258],[21.8758,38.3117],[21.889,38.2983],[21.9006,38.2924],[21.9087,38.2958],[21.929,38.2922],[21.9409,38.2766],[21.9114,38.2667],[21.9058,38.2609],[21.9121,38.2478],[21.875,38.223],[21.8751,38.2108],[21.8626,38.1975],[21.8695,38.1944],[21.875,38.1778],[21.8887,38.1657],[21.8893,38.1485],[21.8647,38.133],[21.865,38.1216],[21.8748,38.1227],[21.8736,38.1156],[21.8568,38.115],[21.8447,38.1211],[21.8336,38.1207],[21.8119,38.1339],[21.7958,38.13],[21.7838,38.1386],[21.7791,38.1506],[21.7303,38.1486],[21.7335,38.1394],[21.7204,38.1363],[21.6948,38.1518],[21.6931,38.1355],[21.6962,38.1328],[21.6782,38.119],[21.6381,38.1274],[21.6254,38.1202],[21.6263,38.1243],[21.6074,38.122],[21.6032,38.1262],[21.6092,38.126],[21.6158,38.1373],[21.6052,38.1429],[21.6273,38.1548]]]}},{"type":"Feature","properties":{"code":"9130","name":"Αιγιαλείας","pe":"Π.Ε. Αχαΐας"},"geometry":{"type":"Polygon","coordinates":[[[21.9173,38.324],[21.9477,38.3282],[21.9728,38.3212],[21.9866,38.3115],[22.0175,38.3112],[22.0264,38.2985],[22.0271,38.2851],[22.0374,38.282],[22.0427,38.2755],[22.0535,38.278],[22.0664,38.272],[22.077,38.2545],[22.0878,38.2551],[22.11,38.2658],[22.1276,38.2538],[22.1497,38.2284],[22.149,38.2183],[22.1748,38.2008],[22.1891,38.2042],[22.2005,38.1993],[22.2167,38.1805],[22.2319,38.1784],[22.2396,38.182],[22.2478,38.176],[22.2696,38.1709],[22.2943,38.1746],[22.3182,38.1714],[22.3355,38.1765],[22.3513,38.1518],[22.3679,38.1479],[22.3773,38.1331],[22.3721,38.1234],[22.378,38.1023],[22.3771,38.0797],[22.372,38.0714],[22.3712,38.045],[22.359,38.0371],[22.3608,38.0183],[22.3416,38.0063],[22.3235,37.9856],[22.3135,37.9904],[22.3017,37.9878],[22.3034,37.9735],[22.2921,37.9633],[22.2788,37.9617],[22.2676,37.9535],[22.2442,37.9543],[22.2383,37.9618],[22.2291,37.9621],[22.2132,37.973],[22.2157,37.9831],[22.2051,37.9882],[22.2002,37.9966],[22.1927,37.9934],[22.1841,37.9988],[22.1896,38.0154],[22.2103,38.0171],[22.2126,38.0268],[22.2069,38.045],[22.218,38.047],[22.2191,38.0636],[22.1879,38.0673],[22.1868,38.0834],[22.1813,38.0915],[22.1903,38.1007],[22.1899,38.1114],[22.1702,38.1317],[22.1415,38.1329],[22.1311,38.1372],[22.1324,38.1468],[22.1083,38.1492],[22.092,38.1393],[22.0874,38.1405],[22.0839,38.1341],[22.0699,38.1327],[22.0672,38.1266],[22.0522,38.1317],[22.0289,38.1252],[22.0087,38.1303],[22.0011,38.1382],[22.0146,38.148],[22.0151,38.1525],[21.9991,38.152],[21.9812,38.1617],[21.9676,38.1577],[21.96,38.1634],[21.938,38.168],[21.9296,38.1636],[21.9106,38.1696],[21.8857,38.167],[21.875,38.1778],[21.8695,38.1944],[21.8626,38.1975],[21.8751,38.2108],[21.8742,38.2217],[21.8837,38.2317],[21.8946,38.2343],[21.9121,38.2478],[21.9058,38.2609],[21.9148,38.2699],[21.9409,38.2766],[21.929,38.2922],[21.9087,38.2958],[21.8994,38.2926],[21.8778,38.3067],[21.8761,38.3133],[21.8856,38.3258],[21.9173,38.324]]]}},{"type":"Feature","properties":{"code":"9145","name":"Λεβαδέων","pe":"Π.Ε. Βοιωτίας"},"geometry":{"type":"MultiPolygon","coordinates":[[[[22.8825,38.1782],[22.8817,38.1816],[22.8836,38.1816],[22.8825,38.1782]]],[[[22.9074,38.1802],[22.9069,38.18],[22.9067,38.1809],[22.9074,38.1802]]],[[[22.8666,38.2265],[22.8673,38.2257],[22.8639,38.2274],[22.8666,38.2265]]],[[[22.8764,38.551],[22.8653,38.5437],[22.8789,38.5287],[22.8743,38.5171],[22.9221,38.515],[22.9281,38.5075],[22.9578,38.4938],[22.9594,38.4836],[22.9505,38.4744],[22.9522,38.4495],[22.9718,38.4251],[22.9897,38.4188],[22.9971,38.4299],[23.0263,38.4312],[23.026,38.417],[23.0056,38.4137],[22.9878,38.4007],[22.9841,38.3831],[22.9891,38.3772],[22.9806,38.3637],[22.9823,38.3448],[22.9713,38.3345],[22.9656,38.317],[22.9423,38.3186],[22.9274,38.2959],[22.8956,38.2885],[22.8658,38.2657],[22.8851,38.2399],[22.8803,38.2229],[22.8648,38.2333],[22.8326,38.2246],[22.8293,38.2287],[22.8054,38.2328],[22.8084,38.2263],[22.8049,38.2256],[22.7956,38.2287],[22.7926,38.2348],[22.7793,38.2332],[22.7707,38.2452],[22.7671,38.2421],[22.7624,38.2444],[22.7774,38.2587],[22.7866,38.2563],[22.7841,38.2648],[22.7982,38.2684],[22.7969,38.2759],[22.7623,38.2875],[22.7543,38.2858],[22.7489,38.2976],[22.6968,38.3138],[22.6794,38.3336],[22.6799,38.3438],[22.6735,38.3439],[22.686,38.345],[22.6884,38.3555],[22.6944,38.3602],[22.7131,38.3554],[22.7378,38.3796],[22.7475,38.3843],[22.7571,38.383],[22.7696,38.4179],[22.7601,38.4405],[22.777,38.464],[22.7656,38.4751],[22.7407,38.4755],[22.6963,38.491],[22.6903,38.4974],[22.6726,38.4985],[22.6409,38.5117],[22.6994,38.543],[22.7183,38.5469],[22.7233,38.5559],[22.7379,38.5595],[22.7435,38.5706],[22.7621,38.5745],[22.7702,38.5879],[22.7916,38.5814],[22.8062,38.5958],[22.8269,38.5845],[22.86,38.5897],[22.8764,38.551]]]]}},{"type":"Feature","properties":{"code":"9146","name":"Ορχομενού","pe":"Π.Ε. Βοιωτίας"},"geometry":{"type":"Polygon","coordinates":[[[22.9078,38.5588],[22.9382,38.5574],[22.9518,38.5654],[22.9699,38.5533],[23.0085,38.5408],[23.0375,38.5368],[23.0561,38.5445],[23.065,38.5792],[23.1125,38.5796],[23.1265,38.5859],[23.1377,38.5825],[23.1295,38.5723],[23.132,38.5533],[23.1485,38.5568],[23.181,38.5369],[23.207,38.5362],[23.2115,38.5285],[23.2077,38.5054],[23.2493,38.5006],[23.2568,38.5055],[23.2742,38.5047],[23.3004,38.5122],[23.3387,38.5266],[23.3778,38.5258],[23.3654,38.5203],[23.3335,38.5188],[23.3278,38.5113],[23.3268,38.4989],[23.2984,38.4871],[23.2955,38.4658],[23.279,38.4548],[23.2694,38.4328],[23.2715,38.4291],[23.2871,38.4275],[23.291,38.3969],[23.2561,38.4015],[23.2065,38.4227],[23.1938,38.422],[23.1762,38.4128],[23.1628,38.4215],[23.1534,38.4164],[23.1522,38.4627],[23.1405,38.4693],[23.1405,38.4545],[23.0833,38.455],[23.0837,38.4315],[23.0084,38.4314],[22.9945,38.4285],[22.9897,38.4188],[22.9744,38.4231],[22.9522,38.4495],[22.9505,38.4744],[22.9572,38.4785],[22.9592,38.4924],[22.9266,38.5084],[22.9221,38.515],[22.8925,38.5189],[22.8752,38.5163],[22.8789,38.5287],[22.8653,38.5437],[22.8764,38.551],[22.9078,38.5588]]]}},{"type":"Feature","properties":{"code":"9144","name":"Θηβαίων","pe":"Π.Ε. Βοιωτίας"},"geometry":{"type":"Polygon","coordinates":[[[23.3217,38.4274],[23.324,38.4332],[23.3194,38.4425],[23.397,38.4708],[23.4143,38.456],[23.4281,38.4602],[23.4419,38.4541],[23.4672,38.4562],[23.4579,38.4456],[23.4328,38.4307],[23.442,38.4145],[23.4829,38.3966],[23.4694,38.3828],[23.4674,38.3765],[23.4715,38.3737],[23.4719,38.3632],[23.4631,38.3597],[23.4666,38.3513],[23.4499,38.3435],[23.4451,38.3294],[23.4251,38.328],[23.4053,38.3172],[23.3979,38.3046],[23.4129,38.289],[23.4262,38.2659],[23.383,38.269],[23.3641,38.2599],[23.3221,38.2614],[23.3117,38.2468],[23.2942,38.2409],[23.2887,38.2344],[23.2931,38.1995],[23.2866,38.1845],[23.2413,38.1838],[23.2221,38.1899],[23.2114,38.1822],[23.1836,38.1813],[23.1262,38.1684],[23.1431,38.1827],[23.1252,38.1924],[23.1239,38.2007],[23.1109,38.2071],[23.0721,38.1705],[23.0673,38.1703],[23.0594,38.1785],[23.0288,38.1791],[23.0411,38.1906],[23.0498,38.1884],[23.0518,38.1938],[23.0276,38.2053],[23.0242,38.2137],[22.9892,38.2103],[22.9705,38.2143],[22.9685,38.2099],[22.9604,38.2145],[22.957,38.2104],[22.9512,38.224],[22.9385,38.2152],[22.9324,38.2191],[22.9239,38.2166],[22.9182,38.2026],[22.9215,38.1988],[22.9322,38.1987],[22.9365,38.2071],[22.9438,38.2082],[22.9601,38.2012],[22.9607,38.1949],[22.9693,38.1888],[22.9535,38.1891],[22.9466,38.183],[22.9397,38.1831],[22.9351,38.1892],[22.9193,38.1909],[22.913,38.1957],[22.9069,38.183],[22.894,38.2197],[22.8964,38.2347],[22.8861,38.2364],[22.8869,38.23],[22.8803,38.2229],[22.8851,38.2399],[22.8658,38.2657],[22.8956,38.2885],[22.9274,38.2959],[22.9453,38.3194],[22.9895,38.317],[22.9924,38.3225],[23.0362,38.3171],[23.0585,38.3018],[23.0825,38.2985],[23.1115,38.2786],[23.1525,38.2722],[23.1846,38.2702],[23.1852,38.2778],[23.1906,38.2814],[23.2206,38.2832],[23.2204,38.2896],[23.2126,38.297],[23.2342,38.3037],[23.1911,38.3013],[23.1818,38.3074],[23.1645,38.3079],[23.1511,38.318],[23.1564,38.3226],[23.1598,38.3359],[23.1773,38.3433],[23.1672,38.3693],[23.1678,38.3983],[23.1598,38.4035],[23.1605,38.4085],[23.1534,38.4164],[23.1628,38.4215],[23.1762,38.4128],[23.1938,38.422],[23.2065,38.4227],[23.2561,38.4015],[23.291,38.3969],[23.2885,38.4117],[23.3217,38.4274]]]}},{"type":"Feature","properties":{"code":"9147","name":"Τανάγρας","pe":"Π.Ε. Βοιωτίας"},"geometry":{"type":"Polygon","coordinates":[[[23.4967,38.3807],[23.5456,38.3642],[23.55,38.3694],[23.5881,38.3675],[23.6124,38.3587],[23.6191,38.352],[23.6415,38.3489],[23.6551,38.3525],[23.6664,38.3503],[23.6778,38.3397],[23.6909,38.3386],[23.6849,38.324],[23.6641,38.3205],[23.6595,38.3136],[23.6651,38.2999],[23.6486,38.2963],[23.645,38.2846],[23.6353,38.2737],[23.6372,38.2601],[23.6321,38.2401],[23.6388,38.2391],[23.6344,38.2302],[23.6406,38.2259],[23.6329,38.2103],[23.6393,38.2014],[23.6252,38.1867],[23.6282,38.1854],[23.6273,38.176],[23.6317,38.174],[23.5998,38.1588],[23.5799,38.1568],[23.5739,38.1448],[23.5576,38.1385],[23.5159,38.1354],[23.5162,38.1457],[23.5074,38.1539],[23.4825,38.1564],[23.4613,38.1645],[23.4598,38.1728],[23.4645,38.1793],[23.4576,38.2017],[23.4601,38.2088],[23.4467,38.2055],[23.4426,38.206],[23.4433,38.2103],[23.4201,38.2092],[23.4088,38.2056],[23.3931,38.2136],[23.3744,38.2133],[23.3699,38.2271],[23.3913,38.2361],[23.3959,38.2664],[23.4262,38.2659],[23.4129,38.289],[23.3979,38.3046],[23.4053,38.3172],[23.4251,38.328],[23.4451,38.3294],[23.4499,38.3435],[23.4666,38.3513],[23.4631,38.3597],[23.4719,38.3632],[23.4715,38.3737],[23.4674,38.3765],[23.4694,38.3828],[23.4829,38.3966],[23.4967,38.3807]]]}},{"type":"Feature","properties":{"code":"9143","name":"Διστόμου-Αράχοβας - Αντίκυρας","pe":"Π.Ε. Βοιωτίας"},"geometry":{"type":"MultiPolygon","coordinates":[[[[22.7012,38.2983],[22.6998,38.2942],[22.6984,38.2958],[22.7012,38.2983]]],[[[22.6857,38.298],[22.6833,38.2975],[22.6837,38.2981],[22.6857,38.298]]],[[[22.6782,38.3744],[22.6572,38.3862],[22.6283,38.3756],[22.6305,38.37],[22.6478,38.3673],[22.647,38.3585],[22.6364,38.3497],[22.6224,38.3542],[22.6207,38.3642],[22.6066,38.357],[22.6138,38.3706],[22.6072,38.3736],[22.613,38.4086],[22.6035,38.4216],[22.6033,38.4351],[22.5748,38.4293],[22.5382,38.4559],[22.548,38.4635],[22.5506,38.479],[22.5263,38.4963],[22.5253,38.5108],[22.5154,38.5371],[22.4879,38.5612],[22.4959,38.5808],[22.5514,38.5669],[22.5682,38.5575],[22.5815,38.5596],[22.6367,38.5118],[22.6726,38.4985],[22.6903,38.4974],[22.6963,38.491],[22.7407,38.4755],[22.7656,38.4751],[22.777,38.464],[22.7601,38.4405],[22.7696,38.4179],[22.7571,38.383],[22.7475,38.3843],[22.7378,38.3796],[22.7131,38.3554],[22.6971,38.3606],[22.6878,38.3569],[22.6782,38.3744]]]]}},{"type":"Feature","properties":{"code":"9142","name":"Αλιάρτου","pe":"Π.Ε. Βοιωτίας"},"geometry":{"type":"MultiPolygon","coordinates":[[[[22.9518,38.1728],[22.9456,38.1739],[22.9675,38.1798],[22.9709,38.1772],[22.9518,38.1728]]],[[[22.9913,38.18],[22.9912,38.1797],[22.9906,38.1799],[22.9913,38.18]]],[[[22.9963,38.1774],[22.991,38.1815],[23.0075,38.1836],[23.0156,38.1798],[22.9963,38.1774]]],[[[22.9827,38.1787],[22.9824,38.1834],[22.9891,38.183],[22.9827,38.1787]]],[[[22.9921,38.2046],[22.987,38.2016],[22.9866,38.2052],[22.9921,38.2046]]],[[[23.1678,38.3983],[23.1672,38.3693],[23.1773,38.3433],[23.1598,38.3359],[23.1564,38.3226],[23.1511,38.318],[23.1645,38.3079],[23.1818,38.3074],[23.1911,38.3013],[23.2342,38.3037],[23.2126,38.297],[23.2204,38.2896],[23.2206,38.2832],[23.1906,38.2814],[23.1852,38.2778],[23.1846,38.2702],[23.1525,38.2722],[23.1115,38.2786],[23.0825,38.2985],[23.0585,38.3018],[23.0362,38.3171],[22.9924,38.3225],[22.9895,38.317],[22.9656,38.317],[22.9713,38.3345],[22.9823,38.3448],[22.9807,38.3645],[22.9891,38.3772],[22.9841,38.3831],[22.9862,38.3977],[23.0056,38.4137],[23.0255,38.4156],[23.0263,38.4312],[23.0837,38.4315],[23.0833,38.455],[23.1405,38.4545],[23.1405,38.4693],[23.1522,38.4627],[23.1517,38.4183],[23.1678,38.3983]]]]}},{"type":"Feature","properties":{"code":"9177","name":"Φιλοθέης - Ψυχικού","pe":"Π.Ε. Βορείου Τομέα Αθηνών"},"geometry":{"type":"Polygon","coordinates":[[[23.7703,37.9989],[23.7629,38.0052],[23.7718,38.0338],[23.7897,38.0236],[23.7803,38.0099],[23.7927,38.0034],[23.7703,37.9989]]]}},{"type":"Feature","properties":{"code":"9174","name":"Νέας Ιωνίας","pe":"Π.Ε. Βορείου Τομέα Αθηνών"},"geometry":{"type":"Polygon","coordinates":[[[23.7536,38.0269],[23.7436,38.0336],[23.7509,38.0506],[23.7697,38.0389],[23.7772,38.0407],[23.7814,38.0288],[23.7718,38.0338],[23.7536,38.0269]]]}},{"type":"Feature","properties":{"code":"9173","name":"Μεταμορφώσεως","pe":"Π.Ε. Βορείου Τομέα Αθηνών"},"geometry":{"type":"Polygon","coordinates":[[[23.7451,38.0579],[23.7585,38.0745],[23.7673,38.0795],[23.7847,38.078],[23.7726,38.0686],[23.7742,38.0652],[23.7665,38.0541],[23.7509,38.0506],[23.7451,38.0579]]]}},{"type":"Feature","properties":{"code":"9171","name":"Κηφισιάς","pe":"Π.Ε. Βορείου Τομέα Αθηνών"},"geometry":{"type":"Polygon","coordinates":[[[23.7866,38.0997],[23.8073,38.1047],[23.8298,38.12],[23.8446,38.1157],[23.858,38.1226],[23.8553,38.1176],[23.8587,38.1128],[23.8452,38.1007],[23.8845,38.0794],[23.8608,38.0685],[23.8357,38.0666],[23.8291,38.0609],[23.7921,38.0695],[23.794,38.0775],[23.7673,38.0795],[23.7866,38.0997]]]}},{"type":"Feature","properties":{"code":"9176","name":"Πεντέλης","pe":"Π.Ε. Βορείου Τομέα Αθηνών"},"geometry":{"type":"Polygon","coordinates":[[[23.8958,38.0714],[23.9287,38.0658],[23.9649,38.0417],[23.9465,38.0339],[23.9013,38.0436],[23.8599,38.0426],[23.8538,38.0441],[23.8502,38.0525],[23.8298,38.0427],[23.8291,38.0609],[23.8357,38.0666],[23.8608,38.0685],[23.8845,38.0794],[23.8958,38.0714]]]}},{"type":"Feature","properties":{"code":"9169","name":"Βριλησσίων","pe":"Π.Ε. Βορείου Τομέα Αθηνών"},"geometry":{"type":"Polygon","coordinates":[[[23.8332,38.0254],[23.8223,38.0343],[23.825,38.0406],[23.847,38.0519],[23.8535,38.0483],[23.8332,38.0254]]]}},{"type":"Feature","properties":{"code":"9178","name":"Χαλανδρίου","pe":"Π.Ε. Βορείου Τομέα Αθηνών"},"geometry":{"type":"Polygon","coordinates":[[[23.851,38.0397],[23.8385,38.022],[23.8219,38.0213],[23.7927,38.0034],[23.7803,38.0099],[23.7949,38.0333],[23.8234,38.0343],[23.8332,38.0254],[23.8491,38.0428],[23.851,38.0397]]]}},{"type":"Feature","properties":{"code":"9167","name":"Αγίας Παρασκευής","pe":"Π.Ε. Βορείου Τομέα Αθηνών"},"geometry":{"type":"Polygon","coordinates":[[[23.8481,38.0228],[23.8443,38.0108],[23.8387,38.0117],[23.8406,38.005],[23.8246,37.9859],[23.8049,38.0092],[23.8219,38.0213],[23.8481,38.0228]]]}},{"type":"Feature","properties":{"code":"9175","name":"Παπάγου - Χολαργού","pe":"Π.Ε. Βορείου Τομέα Αθηνών"},"geometry":{"type":"Polygon","coordinates":[[[23.8221,37.9738],[23.8003,37.986],[23.7912,37.9791],[23.788,37.9807],[23.7908,37.9934],[23.7842,37.9989],[23.8049,38.0092],[23.8117,37.997],[23.8265,37.9853],[23.8221,37.9738]]]}},{"type":"Feature","properties":{"code":"9168","name":"Αμαρουσίου","pe":"Π.Ε. Βορείου Τομέα Αθηνών"},"geometry":{"type":"Polygon","coordinates":[[[23.8313,38.0451],[23.8223,38.0343],[23.7949,38.0333],[23.7897,38.0236],[23.7814,38.0288],[23.7761,38.0413],[23.7846,38.0504],[23.7936,38.0496],[23.8026,38.0681],[23.8075,38.0638],[23.8169,38.0662],[23.8291,38.0609],[23.8313,38.0451]]]}},{"type":"Feature","properties":{"code":"9170","name":"Ηρακλείου","pe":"Π.Ε. Βορείου Τομέα Αθηνών"},"geometry":{"type":"Polygon","coordinates":[[[23.7697,38.0389],[23.7509,38.0506],[23.7665,38.0541],[23.7742,38.0652],[23.782,38.063],[23.7868,38.0564],[23.778,38.0424],[23.7697,38.0389]]]}},{"type":"Feature","properties":{"code":"9172","name":"Λυκόβρυσης - Πεύκης","pe":"Π.Ε. Βορείου Τομέα Αθηνών"},"geometry":{"type":"Polygon","coordinates":[[[23.7856,38.0601],[23.7726,38.0686],[23.7847,38.078],[23.794,38.0775],[23.7921,38.0695],[23.8026,38.0681],[23.8019,38.0626],[23.7945,38.0568],[23.7936,38.0496],[23.7858,38.05],[23.7856,38.0601]]]}},{"type":"Feature","properties":{"code":"9062","name":"Δεσκάτης","pe":"Π.Ε. Γρεβενών"},"geometry":{"type":"Polygon","coordinates":[[[21.8726,39.9439],[21.8912,39.9425],[21.9099,39.9228],[21.9099,39.9142],[21.9004,39.903],[21.9103,39.8924],[21.9191,39.8622],[21.9187,39.8536],[21.9119,39.846],[21.9091,39.8512],[21.8884,39.8512],[21.8731,39.8579],[21.8326,39.8619],[21.7892,39.846],[21.7628,39.8565],[21.7448,39.855],[21.7434,39.8636],[21.737,39.8693],[21.7249,39.8692],[21.7192,39.8733],[21.7007,39.8567],[21.6783,39.855],[21.6698,39.8627],[21.656,39.8667],[21.653,39.8785],[21.6471,39.8727],[21.6224,39.8685],[21.6052,39.8741],[21.5833,39.8937],[21.5709,39.8872],[21.554,39.8876],[21.542,39.8922],[21.545,39.899],[21.542,39.9066],[21.5494,39.9203],[21.5455,39.936],[21.5689,39.9414],[21.5351,39.9641],[21.5415,39.9782],[21.5556,39.9874],[21.5523,40.0065],[21.5559,40.0145],[21.5621,40.0171],[21.5767,40.0112],[21.6033,39.9789],[21.6125,39.981],[21.6332,39.9747],[21.6276,39.9593],[21.6548,39.9638],[21.6714,39.9727],[21.6873,39.9634],[21.7019,39.9645],[21.7004,39.9869],[21.7081,39.9923],[21.7209,39.9896],[21.7361,39.9991],[21.7322,40.0214],[21.7607,40.0415],[21.7558,40.0473],[21.7605,40.0622],[21.7521,40.0679],[21.7605,40.0855],[21.7529,40.1013],[21.7684,40.1091],[21.7853,40.1063],[21.8028,40.0957],[21.7872,40.0943],[21.7867,40.0847],[21.7925,40.0789],[21.7899,40.0493],[21.8022,40.0382],[21.8094,40.0175],[21.8157,40.0146],[21.7989,39.9899],[21.7944,39.9874],[21.7837,39.9923],[21.7761,39.9862],[21.7949,39.9602],[21.8085,39.9643],[21.8355,39.9577],[21.8553,39.9688],[21.8726,39.9439]]]}},{"type":"Feature","properties":{"code":"9061","name":"Γρεβενών","pe":"Π.Ε. Γρεβενών"},"geometry":{"type":"Polygon","coordinates":[[[21.5237,39.9],[21.5116,39.8932],[21.4944,39.8953],[21.4854,39.8892],[21.4723,39.9006],[21.4483,39.897],[21.4423,39.8924],[21.4311,39.8956],[21.4098,39.8752],[21.4242,39.8722],[21.4159,39.8579],[21.421,39.8511],[21.4026,39.8423],[21.3905,39.8432],[21.3837,39.8323],[21.3733,39.8321],[21.3658,39.8393],[21.3405,39.8304],[21.3243,39.8447],[21.3193,39.8691],[21.3067,39.8602],[21.2953,39.858],[21.2728,39.8777],[21.2577,39.8761],[21.2519,39.8827],[21.2319,39.8893],[21.2152,39.8874],[21.1975,39.8774],[21.1816,39.8787],[21.1633,39.8584],[21.1458,39.8661],[21.1292,39.8647],[21.096,39.8782],[21.0962,39.8927],[21.0867,39.9011],[21.0908,39.909],[21.0824,39.9231],[21.0843,39.9356],[21.0769,39.9494],[21.0454,39.9681],[21.0509,39.9728],[21.0444,39.9812],[21.023,39.9939],[21.0347,40.0018],[21.0561,39.9923],[21.0687,39.9979],[21.0826,40.0156],[21.0793,40.0349],[21.0853,40.0551],[21.072,40.0633],[21.0522,40.0669],[21.0336,40.058],[21.0095,40.0563],[20.9891,40.0833],[20.9887,40.1015],[20.9741,40.1117],[20.9719,40.1208],[20.9566,40.1333],[20.9681,40.1346],[20.9758,40.1441],[21.0028,40.1543],[21.0076,40.1482],[21.0282,40.1428],[21.0449,40.146],[21.0569,40.1632],[21.0437,40.1709],[21.0602,40.1752],[21.0701,40.1831],[21.0988,40.1638],[21.0927,40.1593],[21.1085,40.1514],[21.1241,40.1541],[21.1552,40.1453],[21.1568,40.153],[21.1633,40.1529],[21.1651,40.159],[21.1902,40.1748],[21.1977,40.172],[21.1947,40.1683],[21.2021,40.163],[21.2001,40.1601],[21.2135,40.1559],[21.2279,40.1604],[21.2337,40.1575],[21.2462,40.1659],[21.243,40.1703],[21.247,40.1752],[21.2646,40.1717],[21.2671,40.1825],[21.2751,40.1916],[21.2905,40.1852],[21.2979,40.1881],[21.3049,40.1968],[21.3131,40.2257],[21.3236,40.2207],[21.3235,40.2137],[21.3367,40.2113],[21.363,40.2247],[21.3633,40.2337],[21.3779,40.2275],[21.3928,40.2333],[21.4151,40.2331],[21.4153,40.2449],[21.4201,40.2488],[21.4408,40.2411],[21.4452,40.2341],[21.483,40.2373],[21.4921,40.228],[21.4976,40.2309],[21.4951,40.2368],[21.5012,40.2324],[21.4986,40.227],[21.5193,40.22],[21.5227,40.2226],[21.5252,40.2185],[21.521,40.2121],[21.5259,40.2141],[21.5346,40.2084],[21.5299,40.2062],[21.5328,40.2024],[21.53,40.1932],[21.5345,40.1941],[21.5346,40.2021],[21.5383,40.2011],[21.5406,40.1792],[21.5538,40.1747],[21.5495,40.1684],[21.5704,40.1614],[21.5713,40.1504],[21.5961,40.1544],[21.6163,40.1754],[21.6516,40.1922],[21.67,40.1779],[21.6879,40.172],[21.7067,40.1548],[21.7035,40.1209],[21.6931,40.1128],[21.7142,40.11],[21.7352,40.0915],[21.7529,40.1013],[21.7605,40.0855],[21.7521,40.0679],[21.7605,40.0622],[21.7558,40.0473],[21.7607,40.0415],[21.7322,40.0214],[21.7361,39.9991],[21.7209,39.9896],[21.7081,39.9923],[21.7004,39.9869],[21.7019,39.9645],[21.6904,39.9627],[21.6714,39.9727],[21.6548,39.9638],[21.6276,39.9593],[21.6323,39.9755],[21.6125,39.981],[21.6033,39.9789],[21.5767,40.0112],[21.5621,40.0171],[21.5559,40.0145],[21.5523,40.0045],[21.5565,39.9894],[21.5402,39.9767],[21.5351,39.9641],[21.5689,39.9414],[21.5456,39.9364],[21.5494,39.9203],[21.542,39.9066],[21.545,39.899],[21.542,39.8922],[21.5237,39.9]]]}},{"type":"Feature","properties":{"code":"9001","name":"Δοξάτου","pe":"Π.Ε. Δράμας"},"geometry":{"type":"Polygon","coordinates":[[[24.3902,41.0906],[24.3743,41.0891],[24.3355,41.0544],[24.3014,41.0635],[24.2843,41.0468],[24.2694,41.0443],[24.2677,41.0307],[24.2406,41.0221],[24.2423,41.011],[24.2566,41.0123],[24.2576,41.0061],[24.2729,41.0077],[24.2616,40.9937],[24.2527,40.9676],[24.2402,40.9704],[24.2439,40.981],[24.2294,40.9841],[24.2278,40.9911],[24.1995,40.9966],[24.1944,40.9903],[24.1669,41.0049],[24.1622,40.9999],[24.1319,41.0001],[24.1027,41.0121],[24.1045,41.0173],[24.098,41.022],[24.1035,41.0293],[24.1001,41.0346],[24.1041,41.0414],[24.115,41.0412],[24.117,41.0572],[24.1506,41.0608],[24.1284,41.0626],[24.1242,41.0739],[24.1258,41.0878],[24.154,41.0931],[24.1587,41.0872],[24.1517,41.0817],[24.1559,41.0776],[24.187,41.0985],[24.1999,41.0961],[24.2312,41.1152],[24.2399,41.116],[24.2531,41.1073],[24.257,41.1184],[24.2721,41.1305],[24.3185,41.1514],[24.3448,41.1432],[24.3575,41.1461],[24.3729,41.134],[24.4032,41.1295],[24.4178,41.1209],[24.4208,41.1089],[24.3902,41.0906]]]}},{"type":"Feature","properties":{"code":"9005","name":"Προσοτσάνης","pe":"Π.Ε. Δράμας"},"geometry":{"type":"Polygon","coordinates":[[[24.0787,41.0293],[24.0621,41.0341],[24.0585,41.041],[24.0508,41.0414],[24.0501,41.0489],[24.0369,41.0493],[24.0331,41.069],[24.0385,41.0754],[24.033,41.0893],[24.027,41.0859],[24.0096,41.099],[24.0008,41.099],[23.9917,41.1131],[23.9806,41.1127],[23.9714,41.1069],[23.9612,41.0911],[23.9527,41.0856],[23.9248,41.0872],[23.9232,41.0955],[23.9118,41.1066],[23.893,41.1079],[23.89,41.1124],[23.8753,41.1165],[23.8612,41.1296],[23.8413,41.1284],[23.8142,41.1419],[23.7999,41.1433],[23.7931,41.155],[23.7753,41.1643],[23.7688,41.1767],[23.7494,41.1929],[23.737,41.1883],[23.7217,41.1921],[23.7214,41.2075],[23.728,41.2141],[23.758,41.2224],[23.7531,41.2321],[23.7568,41.2404],[23.7752,41.2499],[23.8053,41.2502],[23.8129,41.2616],[23.823,41.2642],[23.8416,41.2599],[23.8596,41.2671],[23.8778,41.2592],[23.8942,41.2676],[23.9316,41.266],[23.9714,41.2482],[23.9722,41.2661],[24.0024,41.2686],[24.0064,41.2792],[24.0299,41.2789],[24.026,41.2824],[24.0285,41.2895],[24.0435,41.2879],[24.0493,41.2983],[24.0585,41.3041],[24.0787,41.3066],[24.0951,41.293],[24.1101,41.2952],[24.1128,41.2882],[24.0973,41.2858],[24.0959,41.2589],[24.0661,41.2332],[24.0584,41.2189],[24.0627,41.2117],[24.0616,41.1998],[24.0687,41.1926],[24.0654,41.1667],[24.0722,41.1636],[24.0678,41.159],[24.0579,41.1598],[24.0635,41.1512],[24.0463,41.1357],[24.0477,41.1301],[24.0527,41.1315],[24.0609,41.1212],[24.0616,41.1124],[24.0533,41.1012],[24.0557,41.0878],[24.0525,41.0768],[24.1179,41.0663],[24.115,41.0412],[24.1041,41.0414],[24.1001,41.0346],[24.1035,41.0293],[24.098,41.022],[24.1045,41.0173],[24.1027,41.0121],[24.0787,41.0293]]]}},{"type":"Feature","properties":{"code":"9003","name":"Κάτω Νευροκοπίου","pe":"Π.Ε. Δράμας"},"geometry":{"type":"Polygon","coordinates":[[[23.7287,41.2179],[23.7143,41.2179],[23.7047,41.2252],[23.7103,41.2378],[23.6979,41.2498],[23.7058,41.2787],[23.7213,41.2879],[23.7135,41.309],[23.7052,41.3138],[23.6837,41.3159],[23.6509,41.3149],[23.6313,41.3253],[23.6334,41.3395],[23.6238,41.3538],[23.6275,41.3645],[23.6246,41.3764],[23.6366,41.3759],[23.6466,41.381],[23.6514,41.3973],[23.6612,41.3999],[23.6742,41.4107],[23.6931,41.4044],[23.7306,41.4085],[23.7572,41.4036],[23.7693,41.3966],[23.7899,41.4179],[23.8015,41.4371],[23.8513,41.4398],[23.8575,41.4495],[23.8696,41.4483],[23.8813,41.4542],[23.8914,41.4502],[23.9062,41.4569],[23.909,41.4776],[23.9145,41.481],[23.9328,41.4704],[23.9325,41.4639],[23.9414,41.4616],[23.943,41.4492],[23.9527,41.4488],[23.971,41.4379],[23.9944,41.4495],[23.997,41.4555],[24.008,41.4569],[24.0176,41.4679],[24.0238,41.4566],[24.0475,41.4524],[24.0742,41.4684],[24.0696,41.4822],[24.0616,41.4861],[24.0667,41.5011],[24.0597,41.5122],[24.0603,41.5231],[24.0751,41.5316],[24.0775,41.5415],[24.1007,41.5512],[24.1073,41.5434],[24.132,41.541],[24.134,41.5341],[24.15,41.539],[24.1601,41.5372],[24.1616,41.5292],[24.1754,41.5227],[24.1728,41.5136],[24.179,41.5081],[24.1841,41.491],[24.1577,41.4671],[24.1626,41.4565],[24.1793,41.4476],[24.1958,41.4472],[24.211,41.4413],[24.2159,41.422],[24.2071,41.4119],[24.2004,41.3841],[24.184,41.3904],[24.1476,41.3843],[24.1449,41.3736],[24.1294,41.3709],[24.1323,41.3624],[24.1262,41.3528],[24.131,41.3482],[24.1056,41.3262],[24.0888,41.3176],[24.0815,41.3073],[24.0565,41.3032],[24.0435,41.2879],[24.0285,41.2895],[24.026,41.2824],[24.0299,41.2789],[24.0064,41.2792],[24.0024,41.2686],[23.9722,41.2661],[23.9714,41.2482],[23.9316,41.266],[23.8942,41.2676],[23.8778,41.2592],[23.8596,41.2671],[23.8416,41.2599],[23.823,41.2642],[23.8129,41.2616],[23.8053,41.2502],[23.7731,41.2492],[23.7532,41.2353],[23.7537,41.226],[23.758,41.2224],[23.728,41.2141],[23.7287,41.2179]]]}},{"type":"Feature","properties":{"code":"9002","name":"Δράμας","pe":"Π.Ε. Δράμας"},"geometry":{"type":"Polygon","coordinates":[[[24.1914,41.5182],[24.194,41.523],[24.1899,41.5322],[24.2104,41.5451],[24.2087,41.5493],[24.2129,41.5525],[24.2298,41.5478],[24.2403,41.5573],[24.2411,41.5633],[24.2617,41.5745],[24.2754,41.5694],[24.2729,41.5584],[24.2879,41.553],[24.303,41.5393],[24.2958,41.5261],[24.3003,41.5253],[24.3039,41.5127],[24.3422,41.5276],[24.3408,41.5143],[24.3344,41.512],[24.3341,41.5074],[24.3447,41.4921],[24.3277,41.4895],[24.3273,41.4749],[24.3236,41.4726],[24.3417,41.4695],[24.3257,41.4618],[24.3263,41.4586],[24.3321,41.4466],[24.3471,41.4415],[24.3471,41.4321],[24.3542,41.4239],[24.3819,41.413],[24.3801,41.402],[24.3984,41.3878],[24.4078,41.363],[24.3856,41.3576],[24.3726,41.3612],[24.3595,41.3446],[24.3425,41.337],[24.3326,41.3386],[24.3212,41.3236],[24.3146,41.327],[24.3099,41.3239],[24.3483,41.3011],[24.3596,41.2874],[24.3594,41.2823],[24.3507,41.2743],[24.3358,41.2743],[24.3353,41.2664],[24.3261,41.2518],[24.3029,41.2432],[24.2937,41.2354],[24.2877,41.2183],[24.2777,41.2156],[24.2725,41.2051],[24.281,41.1972],[24.2701,41.1993],[24.2573,41.1872],[24.2512,41.1593],[24.2371,41.1493],[24.2336,41.1374],[24.2258,41.1295],[24.2284,41.1138],[24.1999,41.0961],[24.187,41.0985],[24.1559,41.0776],[24.1517,41.0817],[24.1587,41.0872],[24.154,41.0931],[24.1258,41.0878],[24.1242,41.0739],[24.1284,41.0626],[24.1506,41.0608],[24.117,41.0572],[24.1179,41.0663],[24.0525,41.0768],[24.0557,41.0878],[24.0533,41.1012],[24.0616,41.1124],[24.0609,41.1212],[24.0527,41.1315],[24.0477,41.1301],[24.0463,41.1357],[24.0635,41.1512],[24.0579,41.1598],[24.0678,41.159],[24.0722,41.1636],[24.0654,41.1667],[24.0687,41.1926],[24.0616,41.1998],[24.0627,41.2117],[24.0584,41.2189],[24.0661,41.2332],[24.0959,41.2589],[24.0976,41.2865],[24.1132,41.2895],[24.1101,41.2952],[24.0945,41.2933],[24.0787,41.3066],[24.131,41.3482],[24.1262,41.3528],[24.1323,41.3624],[24.1294,41.3709],[24.1449,41.3736],[24.1476,41.3843],[24.184,41.3904],[24.2004,41.3841],[24.2071,41.4119],[24.2159,41.422],[24.2108,41.4417],[24.194,41.4475],[24.182,41.4465],[24.1589,41.4612],[24.1589,41.4713],[24.1841,41.491],[24.179,41.5081],[24.1728,41.5136],[24.1914,41.5182]]]}},{"type":"Feature","properties":{"code":"9004","name":"Παρανεστίου","pe":"Π.Ε. Δράμας"},"geometry":{"type":"Polygon","coordinates":[[[24.3571,41.524],[24.3635,41.5182],[24.3845,41.5372],[24.4057,41.5415],[24.4146,41.5305],[24.4327,41.5276],[24.4401,41.5307],[24.4509,41.5236],[24.4622,41.5303],[24.4632,41.5456],[24.4829,41.558],[24.4936,41.5545],[24.4988,41.5596],[24.51,41.5585],[24.5222,41.5684],[24.5298,41.5676],[24.5358,41.5654],[24.5348,41.5566],[24.5434,41.5587],[24.554,41.5503],[24.5465,41.5402],[24.5631,41.5171],[24.5593,41.5027],[24.569,41.4906],[24.5732,41.4744],[24.5961,41.466],[24.5997,41.4556],[24.5973,41.442],[24.6088,41.4266],[24.615,41.4232],[24.6279,41.4315],[24.6422,41.4301],[24.6571,41.4345],[24.6637,41.4315],[24.6575,41.4265],[24.6591,41.4205],[24.6555,41.4182],[24.6597,41.4152],[24.6622,41.4186],[24.6736,41.4178],[24.6813,41.4245],[24.6929,41.4177],[24.7085,41.4202],[24.7299,41.4157],[24.7358,41.4103],[24.7355,41.397],[24.7427,41.3912],[24.746,41.3806],[24.7617,41.3765],[24.7605,41.3727],[24.7663,41.3676],[24.7842,41.3604],[24.761,41.3449],[24.7426,41.3426],[24.7377,41.3385],[24.7222,41.3484],[24.7202,41.3547],[24.7076,41.3584],[24.6932,41.3166],[24.6871,41.3227],[24.6696,41.3261],[24.6604,41.3232],[24.6558,41.3148],[24.6433,41.3072],[24.6277,41.3134],[24.6003,41.3086],[24.6059,41.2979],[24.5966,41.2776],[24.6087,41.2695],[24.5971,41.2645],[24.5796,41.2405],[24.5543,41.2541],[24.5526,41.2608],[24.518,41.2655],[24.509,41.261],[24.5129,41.2379],[24.5108,41.2258],[24.5002,41.2223],[24.4834,41.2318],[24.4603,41.2329],[24.4743,41.2256],[24.4828,41.2078],[24.4941,41.2018],[24.49,41.1877],[24.4929,41.1783],[24.4813,41.169],[24.4855,41.166],[24.4842,41.1584],[24.4969,41.1499],[24.4881,41.137],[24.4639,41.1396],[24.4628,41.1311],[24.4309,41.1106],[24.4208,41.1089],[24.4178,41.1209],[24.4032,41.1295],[24.3729,41.134],[24.3575,41.1461],[24.3448,41.1432],[24.321,41.1516],[24.2721,41.1305],[24.257,41.1184],[24.2531,41.1073],[24.2399,41.116],[24.2284,41.1138],[24.2258,41.1295],[24.2336,41.1374],[24.2371,41.1493],[24.2512,41.1593],[24.2573,41.1872],[24.2701,41.1993],[24.281,41.1972],[24.2725,41.2051],[24.2777,41.2156],[24.2877,41.2183],[24.2937,41.2354],[24.3029,41.2432],[24.3261,41.2518],[24.3353,41.2664],[24.3358,41.2743],[24.3507,41.2743],[24.3597,41.283],[24.3483,41.3011],[24.3099,41.3239],[24.3146,41.327],[24.3212,41.3236],[24.3326,41.3386],[24.3425,41.337],[24.3595,41.3446],[24.3726,41.3612],[24.3856,41.3576],[24.4078,41.363],[24.3984,41.3878],[24.3801,41.402],[24.3819,41.413],[24.3542,41.4239],[24.3471,41.4321],[24.3471,41.4415],[24.3321,41.4466],[24.3263,41.4586],[24.3257,41.4618],[24.3417,41.4695],[24.3236,41.4726],[24.3273,41.4749],[24.3277,41.4895],[24.3447,41.4921],[24.3341,41.5074],[24.3344,41.512],[24.3408,41.5143],[24.3432,41.5262],[24.3571,41.524]]]}},{"type":"Feature","properties":{"code":"9231","name":"Μεγαρέων","pe":"Π.Ε. Δυτικής Αττικής"},"geometry":{"type":"MultiPolygon","coordinates":[[[[23.364,37.9643],[23.3627,37.9664],[23.3682,37.9649],[23.364,37.9643]]],[[[23.4259,37.9658],[23.414,37.966],[23.4102,37.9677],[23.4259,37.9658]]],[[[23.3614,37.9693],[23.3607,37.971],[23.3615,37.971],[23.3614,37.9693]]],[[[23.4512,38.0236],[23.4398,38.011],[23.4176,37.9992],[23.416,37.9892],[23.4053,37.9834],[23.3912,37.9844],[23.3867,37.9807],[23.3887,37.9778],[23.4211,37.9707],[23.4063,37.9716],[23.3983,37.9672],[23.3978,37.9732],[23.3602,37.973],[23.355,37.978],[23.3253,37.9774],[23.3195,37.9718],[23.3052,37.9701],[23.2764,37.978],[23.2491,37.9765],[23.2211,37.9692],[23.1987,37.9546],[23.1797,37.9516],[23.1719,37.9687],[23.1164,37.9838],[23.1067,37.9952],[23.1142,38.0133],[23.1315,38.0204],[23.1164,38.0286],[23.1207,38.0544],[23.1172,38.061],[23.1691,38.0739],[23.1782,38.086],[23.1937,38.078],[23.2101,38.0814],[23.2356,38.0757],[23.2381,38.0718],[23.2655,38.0721],[23.2859,38.0886],[23.3004,38.0947],[23.2991,38.1097],[23.3027,38.1143],[23.3386,38.1074],[23.3444,38.098],[23.3581,38.0928],[23.3647,38.0738],[23.3709,38.0676],[23.4291,38.0493],[23.4365,38.0424],[23.4777,38.0365],[23.4843,38.0293],[23.4802,38.0257],[23.4512,38.0236]]]]}},{"type":"Feature","properties":{"code":"9230","name":"Μάνδρας - Ειδυλλίας","pe":"Π.Ε. Δυτικής Αττικής"},"geometry":{"type":"Polygon","coordinates":[[[23.2147,38.0989],[23.2178,38.113],[23.2069,38.1255],[23.2,38.1224],[23.1781,38.1267],[23.1755,38.1298],[23.18,38.1348],[23.1755,38.1434],[23.1845,38.141],[23.222,38.1449],[23.2225,38.1564],[23.1629,38.168],[23.1516,38.1632],[23.1302,38.1629],[23.1245,38.1642],[23.1262,38.1684],[23.1836,38.1813],[23.2114,38.1822],[23.2221,38.1899],[23.2413,38.1838],[23.2866,38.1845],[23.2928,38.1937],[23.2879,38.2301],[23.2927,38.2401],[23.3071,38.2432],[23.3243,38.2626],[23.3641,38.2599],[23.3837,38.269],[23.3959,38.2664],[23.3949,38.2534],[23.39,38.2445],[23.3913,38.2361],[23.3704,38.2283],[23.3744,38.2133],[23.3931,38.2136],[23.4088,38.2056],[23.4433,38.2103],[23.4433,38.2056],[23.4618,38.2074],[23.4576,38.2017],[23.4645,38.1793],[23.4598,38.1728],[23.4613,38.1645],[23.4825,38.1564],[23.5026,38.1556],[23.5162,38.1457],[23.5158,38.1358],[23.5039,38.1365],[23.5023,38.1278],[23.5203,38.1059],[23.5104,38.0838],[23.5199,38.0676],[23.5298,38.066],[23.5281,38.0532],[23.5182,38.0531],[23.4928,38.035],[23.4365,38.0424],[23.4291,38.0493],[23.3709,38.0676],[23.3552,38.0957],[23.3444,38.098],[23.3366,38.1087],[23.3061,38.1145],[23.2997,38.1122],[23.3004,38.0947],[23.2859,38.0886],[23.2655,38.0721],[23.2381,38.0718],[23.2356,38.0757],[23.2101,38.0814],[23.1937,38.078],[23.1782,38.086],[23.2147,38.0989]]]}},{"type":"Feature","properties":{"code":"9229","name":"Ελευσίνας","pe":"Π.Ε. Δυτικής Αττικής"},"geometry":{"type":"Polygon","coordinates":[[[23.5386,38.1339],[23.5336,38.1337],[23.5334,38.1223],[23.5467,38.116],[23.5457,38.1045],[23.5507,38.1005],[23.5601,38.0749],[23.5684,38.0736],[23.5662,38.0574],[23.5594,38.0571],[23.5581,38.0409],[23.5481,38.0345],[23.5409,38.0334],[23.5224,38.0449],[23.5116,38.0378],[23.5015,38.0388],[23.4947,38.0271],[23.4857,38.0247],[23.4777,38.0365],[23.4928,38.035],[23.5182,38.0531],[23.5252,38.0508],[23.5289,38.0546],[23.5295,38.0665],[23.5199,38.0676],[23.5104,38.0838],[23.5178,38.0938],[23.5198,38.1085],[23.5023,38.1278],[23.5039,38.1365],[23.5386,38.1339]]]}},{"type":"Feature","properties":{"code":"9228","name":"Ασπροπύργου","pe":"Π.Ε. Δυτικής Αττικής"},"geometry":{"type":"Polygon","coordinates":[[[23.5724,38.1436],[23.5799,38.1568],[23.5998,38.1588],[23.6317,38.174],[23.6412,38.1686],[23.6426,38.1601],[23.6357,38.1525],[23.6461,38.1468],[23.6401,38.1446],[23.6329,38.1484],[23.625,38.1449],[23.6165,38.1265],[23.6088,38.1226],[23.6092,38.1152],[23.6204,38.1127],[23.6187,38.1065],[23.6248,38.1005],[23.6403,38.0966],[23.6387,38.0802],[23.6433,38.0716],[23.6398,38.0534],[23.6452,38.0464],[23.6559,38.0438],[23.6535,38.0323],[23.6296,38.0252],[23.6258,38.0207],[23.597,38.0152],[23.5948,38.0319],[23.5808,38.0425],[23.5692,38.0467],[23.5583,38.0407],[23.5594,38.0571],[23.5662,38.0574],[23.5684,38.0736],[23.5601,38.0749],[23.5507,38.1005],[23.5457,38.1045],[23.5467,38.116],[23.5334,38.1223],[23.5315,38.1283],[23.5336,38.1337],[23.5385,38.1329],[23.5369,38.1356],[23.5724,38.1436]]]}},{"type":"Feature","properties":{"code":"9232","name":"Φυλής","pe":"Π.Ε. Δυτικής Αττικής"},"geometry":{"type":"Polygon","coordinates":[[[23.6273,38.176],[23.6282,38.1854],[23.6252,38.1867],[23.6393,38.2014],[23.6342,38.2113],[23.6582,38.2068],[23.6858,38.1937],[23.6878,38.1765],[23.6996,38.1597],[23.693,38.1497],[23.7043,38.1382],[23.7297,38.1272],[23.7299,38.1172],[23.7123,38.107],[23.7173,38.0905],[23.7159,38.0782],[23.724,38.0779],[23.7193,38.061],[23.7143,38.0665],[23.6856,38.0655],[23.6559,38.0438],[23.6452,38.0464],[23.6394,38.0565],[23.6433,38.0716],[23.6387,38.0802],[23.6403,38.0966],[23.6248,38.1005],[23.6187,38.1065],[23.6204,38.1127],[23.6092,38.1152],[23.6088,38.1226],[23.6165,38.1265],[23.625,38.1449],[23.6329,38.1484],[23.6401,38.1446],[23.6461,38.1468],[23.6357,38.1525],[23.6429,38.1633],[23.6273,38.176]]]}},{"type":"Feature","properties":{"code":"9179","name":"Αγίας Βαρβάρας","pe":"Π.Ε. Δυτικού Τομέα Αθηνών"},"geometry":{"type":"Polygon","coordinates":[[[23.645,37.9937],[23.6439,37.9985],[23.6679,37.9971],[23.6635,37.9831],[23.645,37.9937]]]}},{"type":"Feature","properties":{"code":"9185","name":"Χαϊδαρίου","pe":"Π.Ε. Δυτικού Τομέα Αθηνών"},"geometry":{"type":"Polygon","coordinates":[[[23.6247,37.9942],[23.6164,37.9965],[23.5932,37.9893],[23.5669,37.9923],[23.57,37.9998],[23.587,37.9983],[23.5947,38.0057],[23.5931,38.0112],[23.597,38.0152],[23.6481,38.0281],[23.656,38.0366],[23.6694,38.0342],[23.6656,38.0249],[23.6743,38.0141],[23.6679,37.9971],[23.6439,37.9985],[23.6247,37.9942]]]}},{"type":"Feature","properties":{"code":"9184","name":"Πετρούπολης","pe":"Π.Ε. Δυτικού Τομέα Αθηνών"},"geometry":{"type":"Polygon","coordinates":[[[23.6586,38.049],[23.6792,38.0608],[23.6952,38.0424],[23.6837,38.0304],[23.656,38.0366],[23.6586,38.049]]]}},{"type":"Feature","properties":{"code":"9182","name":"Ιλίου","pe":"Π.Ε. Δυτικού Τομέα Αθηνών"},"geometry":{"type":"Polygon","coordinates":[[[23.6839,38.0643],[23.6942,38.0506],[23.7043,38.046],[23.7157,38.0464],[23.7151,38.0511],[23.7209,38.0518],[23.7288,38.0453],[23.7216,38.0322],[23.7136,38.0273],[23.7107,38.0156],[23.7034,38.0232],[23.6944,38.0228],[23.685,38.0309],[23.6952,38.0424],[23.6792,38.0608],[23.6839,38.0643]]]}},{"type":"Feature","properties":{"code":"9180","name":"Αγίων Αναργύρων - Καματερού","pe":"Π.Ε. Δυτικού Τομέα Αθηνών"},"geometry":{"type":"Polygon","coordinates":[[[23.7143,38.0665],[23.7357,38.0497],[23.7349,38.0406],[23.7183,38.0123],[23.7107,38.0156],[23.7136,38.0273],[23.7216,38.0322],[23.7288,38.0453],[23.7209,38.0518],[23.7085,38.0453],[23.6962,38.0491],[23.6839,38.0643],[23.7143,38.0665]]]}},{"type":"Feature","properties":{"code":"9183","name":"Περιστερίου","pe":"Π.Ε. Δυτικού Τομέα Αθηνών"},"geometry":{"type":"Polygon","coordinates":[[[23.6929,37.9947],[23.6711,38.0091],[23.6743,38.0141],[23.666,38.0269],[23.6694,38.0342],[23.6799,38.0337],[23.7183,38.0123],[23.6929,37.9947]]]}},{"type":"Feature","properties":{"code":"9181","name":"Αιγάλεω","pe":"Π.Ε. Δυτικού Τομέα Αθηνών"},"geometry":{"type":"Polygon","coordinates":[[[23.6965,37.991],[23.6855,37.9763],[23.6676,37.9764],[23.6652,37.9921],[23.6711,38.0091],[23.6965,37.991]]]}},{"type":"Feature","properties":{"code":"9155","name":"Χαλκιδέων","pe":"Π.Ε. Ευβοίας"},"geometry":{"type":"MultiPolygon","coordinates":[[[[23.6191,38.352],[23.6124,38.3587],[23.5895,38.3673],[23.55,38.3694],[23.5469,38.3639],[23.4967,38.3807],[23.4829,38.3966],[23.442,38.4145],[23.4328,38.4307],[23.4579,38.4456],[23.4672,38.4562],[23.4419,38.4541],[23.4281,38.4602],[23.4143,38.456],[23.3961,38.4708],[23.3194,38.4425],[23.324,38.4332],[23.3217,38.4274],[23.2885,38.4117],[23.2871,38.4275],[23.2701,38.43],[23.2706,38.442],[23.279,38.4548],[23.2955,38.4658],[23.2987,38.4874],[23.3283,38.5012],[23.3313,38.497],[23.3443,38.4986],[23.3545,38.5092],[23.3561,38.5051],[23.3683,38.5107],[23.4041,38.5099],[23.4095,38.4976],[23.4137,38.4967],[23.4634,38.4999],[23.4774,38.4862],[23.4985,38.4851],[23.5127,38.4795],[23.5225,38.4849],[23.523,38.4911],[23.5356,38.5015],[23.5391,38.5114],[23.5601,38.5026],[23.5572,38.4974],[23.5746,38.4897],[23.5743,38.4838],[23.5929,38.472],[23.5892,38.4623],[23.5759,38.4626],[23.5707,38.4577],[23.57,38.4466],[23.5979,38.4418],[23.5996,38.4358],[23.5942,38.4384],[23.5934,38.434],[23.6031,38.4264],[23.5918,38.4217],[23.5954,38.4159],[23.6121,38.4177],[23.6319,38.4105],[23.6271,38.395],[23.6309,38.3772],[23.6399,38.3746],[23.6402,38.3659],[23.6551,38.3525],[23.6432,38.3494],[23.6191,38.352]]],[[[23.4999,38.4928],[23.5013,38.4954],[23.5053,38.4898],[23.5038,38.4864],[23.4999,38.4928]]],[[[23.3899,38.5221],[23.3903,38.522],[23.3846,38.5208],[23.3899,38.5221]]]]}},{"type":"Feature","properties":{"code":"9148","name":"Διρφύων - Μεσσαπίων","pe":"Π.Ε. Ευβοίας"},"geometry":{"type":"MultiPolygon","coordinates":[[[[23.6117,38.5526],[23.5959,38.5734],[23.5707,38.5727],[23.5577,38.5828],[23.5294,38.5774],[23.5118,38.5871],[23.4989,38.6082],[23.4912,38.6344],[23.4642,38.6481],[23.4488,38.6494],[23.4359,38.6754],[23.4574,38.685],[23.4742,38.7046],[23.4823,38.7052],[23.4991,38.6932],[23.5123,38.6966],[23.5276,38.7078],[23.5296,38.7171],[23.5431,38.7243],[23.5567,38.7185],[23.5862,38.717],[23.5969,38.7247],[23.6228,38.7334],[23.6533,38.7046],[23.6869,38.7108],[23.7071,38.7209],[23.7087,38.7311],[23.7254,38.7458],[23.7388,38.7342],[23.7392,38.7286],[23.7495,38.7263],[23.7548,38.7066],[23.7671,38.701],[23.77,38.7031],[23.7744,38.6976],[23.7831,38.7001],[23.8105,38.6942],[23.8277,38.6837],[23.8363,38.6851],[23.8366,38.6816],[23.8509,38.6785],[23.8595,38.6709],[23.8771,38.6723],[23.8938,38.679],[23.8985,38.6736],[23.929,38.6662],[23.9196,38.6403],[23.913,38.6354],[23.9256,38.6245],[23.9187,38.6132],[23.9198,38.6061],[23.9152,38.6031],[23.925,38.5927],[23.8988,38.5751],[23.9086,38.5668],[23.9055,38.5613],[23.921,38.5607],[23.9058,38.5454],[23.9166,38.5184],[23.8928,38.5055],[23.9027,38.49],[23.8997,38.4781],[23.8645,38.4785],[23.8616,38.4687],[23.8502,38.4618],[23.8496,38.4687],[23.8409,38.4705],[23.8106,38.4643],[23.7916,38.4652],[23.7878,38.4708],[23.78,38.4723],[23.7781,38.4824],[23.7557,38.4827],[23.7491,38.4914],[23.7275,38.4982],[23.7153,38.5147],[23.7026,38.5077],[23.6895,38.5215],[23.6936,38.5347],[23.6778,38.5377],[23.6628,38.5478],[23.6476,38.5404],[23.6498,38.5474],[23.645,38.5499],[23.6463,38.5536],[23.6252,38.5428],[23.6117,38.5526]]],[[[23.9157,38.6757],[23.9171,38.6768],[23.9171,38.6755],[23.9157,38.6757]]],[[[23.8928,38.6799],[23.8938,38.6797],[23.8935,38.6795],[23.8928,38.6799]]],[[[23.8932,38.681],[23.8942,38.6811],[23.8938,38.6805],[23.8932,38.681]]],[[[23.6976,38.7658],[23.6984,38.7638],[23.6977,38.7638],[23.6976,38.7658]]]]}},{"type":"Feature","properties":{"code":"9153","name":"Μαντουδίου - Λίμνης - Αγίας Άννας","pe":"Π.Ε. Ευβοίας"},"geometry":{"type":"MultiPolygon","coordinates":[[[[23.4105,38.6929],[23.3893,38.696],[23.3559,38.7253],[23.3506,38.7252],[23.3234,38.7625],[23.3083,38.7643],[23.3008,38.7706],[23.2827,38.7671],[23.2794,38.7765],[23.2647,38.7818],[23.2415,38.8001],[23.2341,38.8],[23.2224,38.8164],[23.1966,38.8347],[23.1975,38.8459],[23.2293,38.8439],[23.2326,38.847],[23.2364,38.8601],[23.2335,38.8766],[23.2374,38.8849],[23.2467,38.8847],[23.2439,38.8823],[23.2711,38.8685],[23.2781,38.8711],[23.292,38.8681],[23.3055,38.8803],[23.3077,38.8886],[23.2954,38.8928],[23.3043,38.9005],[23.2905,38.9073],[23.3021,38.9204],[23.3019,38.9314],[23.295,38.9416],[23.2988,38.9462],[23.3079,38.9461],[23.3199,38.9311],[23.3311,38.9416],[23.3568,38.9532],[23.3919,38.9599],[23.4138,38.9535],[23.4229,38.9532],[23.4255,38.9568],[23.4337,38.9401],[23.4265,38.9344],[23.4296,38.9327],[23.4241,38.9203],[23.4268,38.9039],[23.4319,38.8923],[23.4433,38.883],[23.4477,38.8841],[23.4374,38.8796],[23.4438,38.8642],[23.471,38.835],[23.5178,38.8214],[23.5156,38.811],[23.5215,38.8078],[23.5288,38.81],[23.5305,38.8033],[23.5384,38.8021],[23.5393,38.7981],[23.5628,38.7946],[23.5711,38.7896],[23.5751,38.7789],[23.5818,38.7873],[23.5905,38.7845],[23.585,38.7757],[23.5905,38.7644],[23.6064,38.7718],[23.6075,38.7659],[23.6287,38.755],[23.6406,38.7526],[23.6471,38.7606],[23.6482,38.7567],[23.6598,38.7572],[23.668,38.7513],[23.6715,38.7554],[23.6847,38.7531],[23.7048,38.7692],[23.7069,38.764],[23.7176,38.7591],[23.7254,38.7458],[23.7087,38.7311],[23.7071,38.7209],[23.6869,38.7108],[23.6533,38.7046],[23.6228,38.7334],[23.5969,38.7247],[23.5862,38.717],[23.5567,38.7185],[23.5431,38.7243],[23.5296,38.7171],[23.5276,38.7078],[23.5123,38.6966],[23.4991,38.6932],[23.4823,38.7052],[23.4742,38.7046],[23.456,38.6841],[23.4359,38.6754],[23.4105,38.6929]]],[[[23.4427,38.8851],[23.4424,38.8854],[23.4428,38.8855],[23.4427,38.8851]]],[[[23.4386,38.8907],[23.4386,38.8903],[23.4375,38.89],[23.4386,38.8907]]],[[[23.432,38.9472],[23.432,38.9482],[23.4329,38.9479],[23.432,38.9472]]],[[[23.4325,38.9488],[23.4322,38.9496],[23.4327,38.9494],[23.4325,38.9488]]],[[[23.4344,38.9503],[23.4347,38.95],[23.4342,38.95],[23.4344,38.9503]]],[[[23.4435,38.9549],[23.4438,38.9548],[23.4422,38.9538],[23.4435,38.9549]]],[[[23.4502,38.9553],[23.4493,38.9554],[23.4495,38.9557],[23.4502,38.9553]]],[[[23.4525,38.9569],[23.4533,38.9568],[23.4519,38.956],[23.4525,38.9569]]],[[[23.3959,39.0072],[23.3961,39.0076],[23.3967,39.0076],[23.3959,39.0072]]]]}},{"type":"Feature","properties":{"code":"9150","name":"Ιστιαίας - Αιδηψού","pe":"Π.Ε. Ευβοίας"},"geometry":{"type":"MultiPolygon","coordinates":[[[[22.8192,38.8159],[22.8178,38.8154],[22.8184,38.8162],[22.8192,38.8159]]],[[[22.8195,38.8169],[22.8186,38.8177],[22.8196,38.8179],[22.8195,38.8169]]],[[[22.8202,38.8185],[22.8198,38.819],[22.8204,38.8187],[22.8202,38.8185]]],[[[22.8192,38.82],[22.8171,38.8211],[22.8225,38.8199],[22.8192,38.82]]],[[[22.817,38.8219],[22.8116,38.827],[22.8176,38.8284],[22.8235,38.8218],[22.817,38.8219]]],[[[22.8125,38.8284],[22.8131,38.8291],[22.8132,38.8283],[22.8125,38.8284]]],[[[22.8198,38.8087],[22.8211,38.8104],[22.8227,38.8084],[22.8198,38.8087]]],[[[22.8198,38.8181],[22.8199,38.8184],[22.8205,38.8181],[22.8198,38.8181]]],[[[23.1339,38.8525],[23.1167,38.844],[23.0823,38.8386],[23.0407,38.8558],[23.0319,38.8824],[22.9908,38.8812],[22.9645,38.8906],[22.952,38.8836],[22.9484,38.877],[22.9525,38.8737],[22.9802,38.8735],[22.9936,38.8618],[22.9925,38.851],[22.9596,38.836],[22.937,38.8331],[22.9302,38.8372],[22.8852,38.8392],[22.8288,38.8253],[22.8337,38.8479],[22.8458,38.86],[22.8503,38.8714],[22.8636,38.869],[22.8737,38.8732],[22.875,38.8777],[22.9018,38.8769],[22.9059,38.8841],[22.921,38.8908],[22.9388,38.8913],[22.9385,38.8965],[22.9816,38.9049],[22.9926,38.912],[23.0082,38.9096],[23.0117,38.9184],[23.0337,38.9254],[23.0345,38.9367],[23.0496,38.9437],[23.0707,38.9385],[23.0816,38.941],[23.0878,38.9486],[23.0936,38.9717],[23.0922,38.9829],[23.1192,38.9972],[23.1306,39.0081],[23.2048,39.0043],[23.2126,39.014],[23.229,39.0217],[23.2545,39.0231],[23.28,39.0385],[23.2996,39.0395],[23.3237,39.0351],[23.3381,39.0155],[23.3468,39.0171],[23.3537,39.0094],[23.3769,39.0072],[23.3799,38.9976],[23.3719,38.983],[23.3816,38.9647],[23.3912,38.9593],[23.3445,38.9492],[23.3199,38.9311],[23.3079,38.9461],[23.2988,38.9462],[23.295,38.9416],[23.3019,38.9314],[23.3021,38.9204],[23.2905,38.9073],[23.3043,38.9005],[23.2954,38.8928],[23.3077,38.8886],[23.3047,38.8795],[23.292,38.8681],[23.2781,38.8711],[23.2711,38.8685],[23.2439,38.8823],[23.2467,38.8847],[23.2374,38.8849],[23.2335,38.8766],[23.2364,38.8601],[23.2326,38.847],[23.2293,38.8439],[23.1982,38.8462],[23.1966,38.8347],[23.1339,38.8525]]],[[[23.3423,39.0164],[23.3414,39.0164],[23.3416,39.0172],[23.3423,39.0164]]],[[[23.3468,39.0415],[23.3461,39.0428],[23.3468,39.0429],[23.3468,39.0415]]],[[[23.3304,39.0458],[23.335,39.0502],[23.3414,39.0487],[23.3304,39.0458]]]]}},{"type":"Feature","properties":{"code":"9152","name":"Κύμης - Αλιβερίου","pe":"Π.Ε. Ευβοίας"},"geometry":{"type":"MultiPolygon","coordinates":[[[[24.0957,38.213],[24.1011,38.2203],[24.0954,38.2265],[24.0997,38.2295],[24.0987,38.2341],[24.1052,38.2372],[24.109,38.2195],[24.0957,38.213]]],[[[24.1316,38.2387],[24.1327,38.2373],[24.1301,38.2372],[24.1316,38.2387]]],[[[24.1074,38.24],[24.1075,38.2396],[24.1065,38.2389],[24.1074,38.24]]],[[[24.1063,38.2978],[24.1055,38.2955],[24.1046,38.2965],[24.1063,38.2978]]],[[[24.0566,38.3211],[24.0575,38.3208],[24.0571,38.3193],[24.0566,38.3211]]],[[[23.9548,38.6601],[23.9804,38.6726],[23.978,38.6768],[23.9812,38.681],[24.011,38.6727],[24.0095,38.68],[24.0268,38.6814],[24.0261,38.6779],[24.031,38.6767],[24.0373,38.6842],[24.0471,38.6871],[24.0482,38.6822],[24.055,38.6844],[24.0654,38.6774],[24.0779,38.6797],[24.1061,38.6666],[24.1233,38.6672],[24.155,38.6513],[24.1544,38.6452],[24.1412,38.6459],[24.1333,38.641],[24.1251,38.632],[24.1272,38.6295],[24.1271,38.6251],[24.1266,38.6297],[24.1219,38.6287],[24.1248,38.6261],[24.1207,38.6251],[24.1227,38.5966],[24.155,38.5692],[24.2321,38.5246],[24.1888,38.4881],[24.1887,38.4575],[24.192,38.4531],[24.1836,38.4494],[24.1869,38.4408],[24.1806,38.4348],[24.1839,38.4284],[24.1984,38.4268],[24.204,38.4201],[24.202,38.4134],[24.2075,38.4115],[24.2074,38.407],[24.2006,38.4061],[24.196,38.411],[24.1879,38.4082],[24.1846,38.4043],[24.1891,38.3992],[24.1819,38.3948],[24.2112,38.381],[24.214,38.3726],[24.2103,38.3694],[24.2188,38.3649],[24.2134,38.3595],[24.2161,38.3494],[24.2041,38.3415],[24.2083,38.3399],[24.2047,38.3382],[24.2202,38.3325],[24.2159,38.3269],[24.2253,38.323],[24.2274,38.316],[24.2325,38.3191],[24.2396,38.3163],[24.2353,38.312],[24.2404,38.3096],[24.2336,38.3043],[24.2401,38.302],[24.2225,38.2824],[24.2072,38.2804],[24.2047,38.2842],[24.1976,38.2797],[24.1829,38.2859],[24.1666,38.2843],[24.1542,38.2717],[24.1538,38.2794],[24.1386,38.2817],[24.1403,38.2744],[24.1312,38.2747],[24.1246,38.2576],[24.1113,38.2512],[24.1113,38.256],[24.1008,38.2612],[24.109,38.2646],[24.1017,38.2689],[24.1071,38.2753],[24.099,38.2745],[24.0951,38.2802],[24.1079,38.2891],[24.1105,38.2851],[24.1157,38.2874],[24.1123,38.2935],[24.121,38.3033],[24.109,38.3009],[24.1107,38.3165],[24.0896,38.3245],[24.0762,38.3204],[24.0725,38.3272],[24.0513,38.3221],[24.0224,38.3285],[24.027,38.3373],[24.0345,38.3334],[24.0594,38.3412],[24.0603,38.3481],[24.0528,38.3555],[24.0497,38.3703],[24.0594,38.3772],[24.0483,38.3902],[24.0527,38.3913],[24.0506,38.3941],[24.0444,38.3958],[24.0319,38.3889],[24.0167,38.3898],[24.0089,38.3984],[23.9986,38.3992],[23.9963,38.4044],[23.9647,38.3864],[23.9424,38.3883],[23.946,38.4088],[23.9362,38.4293],[23.9473,38.4391],[23.9388,38.4437],[23.9403,38.4512],[23.9333,38.4572],[23.9393,38.465],[23.9393,38.4812],[23.9302,38.4895],[23.9323,38.497],[23.9272,38.5016],[23.9273,38.5081],[23.9408,38.5171],[23.9436,38.5243],[23.9463,38.5357],[23.9436,38.553],[23.9378,38.5581],[23.9488,38.5658],[23.9457,38.5794],[23.9574,38.5859],[23.9672,38.5857],[23.9682,38.5912],[23.9459,38.5918],[23.9152,38.6031],[23.9198,38.6061],[23.9187,38.6132],[23.9256,38.6245],[23.913,38.6354],[23.9196,38.6403],[23.9272,38.6648],[23.9548,38.6601]]],[[[24.1327,38.6632],[24.1291,38.6702],[24.1326,38.6698],[24.1327,38.6632]]],[[[24.1419,38.2729],[24.1421,38.2721],[24.1412,38.2719],[24.1419,38.2729]]],[[[24.2038,38.3932],[24.2016,38.3909],[24.2012,38.3913],[24.2038,38.3932]]],[[[24.2315,38.5172],[24.2319,38.5168],[24.2295,38.5157],[24.2315,38.5172]]],[[[24.2224,38.61],[24.2219,38.6105],[24.2221,38.6108],[24.2224,38.61]]],[[[24.153,38.6574],[24.1514,38.6574],[24.152,38.6602],[24.153,38.6574]]],[[[24.2518,38.6642],[24.2477,38.6659],[24.2479,38.6662],[24.2518,38.6642]]]]}},{"type":"Feature","properties":{"code":"9151","name":"Καρύστου","pe":"Π.Ε. Ευβοίας"},"geometry":{"type":"MultiPolygon","coordinates":[[[[24.2798,38.0108],[24.2834,38.0027],[24.285,37.993],[24.2829,37.9858],[24.2782,37.9861],[24.2788,37.9791],[24.2661,37.9772],[24.2527,37.9833],[24.2498,37.9756],[24.2336,37.9792],[24.2289,37.9855],[24.2339,37.991],[24.2311,37.9947],[24.2369,37.9975],[24.2434,38.019],[24.2519,38.0173],[24.2571,38.024],[24.2798,38.0108]]],[[[24.252,38.0332],[24.2483,38.0285],[24.2472,38.0312],[24.252,38.0332]]],[[[24.2589,38.035],[24.2569,38.0349],[24.2576,38.0364],[24.2589,38.035]]],[[[24.2643,38.0471],[24.2651,38.0456],[24.2613,38.047],[24.2643,38.0471]]],[[[24.1595,38.0861],[24.1545,38.0839],[24.1556,38.0879],[24.1583,38.0898],[24.1595,38.0861]]],[[[24.1591,38.1551],[24.1632,38.1507],[24.1591,38.1526],[24.1581,38.1595],[24.1591,38.1551]]],[[[24.1646,38.1711],[24.1682,38.1665],[24.1644,38.1654],[24.1689,38.1565],[24.1658,38.1557],[24.1498,38.1809],[24.1692,38.1782],[24.177,38.1819],[24.174,38.1734],[24.1646,38.1711]]],[[[24.1501,38.1719],[24.152,38.1736],[24.1534,38.1709],[24.1501,38.1719]]],[[[24.169,38.1822],[24.1685,38.1828],[24.17,38.1826],[24.169,38.1822]]],[[[24.1696,38.1863],[24.1674,38.1866],[24.1688,38.1878],[24.1696,38.1863]]],[[[24.1459,38.1894],[24.1445,38.1879],[24.1426,38.1887],[24.1459,38.1894]]],[[[24.147,38.2087],[24.1438,38.211],[24.1448,38.2113],[24.147,38.2087]]],[[[24.5258,37.9349],[24.5266,37.9307],[24.5157,37.9412],[24.5258,37.9349]]],[[[24.3882,37.9586],[24.3879,37.9579],[24.3873,37.9581],[24.3882,37.9586]]],[[[24.5545,37.9777],[24.5549,37.9775],[24.5544,37.9774],[24.5545,37.9777]]],[[[24.3995,37.9968],[24.3984,37.9972],[24.3999,37.9973],[24.3995,37.9968]]],[[[24.2861,38.0053],[24.2873,38.0048],[24.2872,38.0038],[24.2861,38.0053]]],[[[24.2754,38.0209],[24.2755,38.0201],[24.2742,38.0199],[24.2754,38.0209]]],[[[24.2941,38.0108],[24.2813,38.0143],[24.278,38.0246],[24.2843,38.0295],[24.2807,38.0358],[24.2894,38.038],[24.2965,38.0323],[24.2941,38.0108]]],[[[24.2728,38.0298],[24.2748,38.0289],[24.273,38.0251],[24.2674,38.0284],[24.2728,38.0298]]],[[[24.2737,38.0499],[24.2794,38.045],[24.2782,38.0426],[24.2706,38.0458],[24.2737,38.0499]]],[[[24.2665,38.0497],[24.2664,38.0508],[24.2675,38.0506],[24.2665,38.0497]]],[[[24.2393,38.2965],[24.25,38.2956],[24.2576,38.28],[24.2529,38.2779],[24.2525,38.2735],[24.2564,38.2731],[24.2519,38.2655],[24.255,38.2632],[24.2512,38.2613],[24.256,38.2597],[24.2516,38.2553],[24.2587,38.248],[24.2467,38.2422],[24.248,38.2275],[24.2603,38.2206],[24.2602,38.2119],[24.2671,38.2095],[24.2724,38.1981],[24.2781,38.2007],[24.296,38.1948],[24.3,38.1926],[24.2967,38.1904],[24.299,38.1869],[24.3156,38.1807],[24.3286,38.187],[24.3286,38.1803],[24.3349,38.1773],[24.3282,38.1688],[24.3398,38.1598],[24.3472,38.1605],[24.3501,38.1553],[24.3737,38.1644],[24.3968,38.1671],[24.4014,38.1558],[24.4218,38.15],[24.4251,38.1452],[24.4452,38.1472],[24.4488,38.1426],[24.4615,38.1411],[24.481,38.1421],[24.4904,38.1479],[24.5075,38.1472],[24.5147,38.1426],[24.5443,38.1441],[24.5473,38.141],[24.5611,38.1429],[24.5844,38.1595],[24.5916,38.1562],[24.5899,38.1361],[24.5841,38.1328],[24.5815,38.117],[24.5739,38.1074],[24.5746,38.1001],[24.5821,38.0923],[24.5764,38.0845],[24.5783,38.0755],[24.5806,38.07],[24.5882,38.0679],[24.5887,38.0606],[24.5839,38.0542],[24.5871,38.0502],[24.5821,38.0467],[24.584,38.0357],[24.5788,38.0257],[24.5842,38.0247],[24.5668,38.0107],[24.5729,38.0034],[24.5637,37.9972],[24.5625,37.989],[24.5563,37.9877],[24.5605,37.9817],[24.5453,37.9769],[24.5462,37.9718],[24.5384,37.9755],[24.5389,37.9678],[24.5309,37.9681],[24.5254,37.9566],[24.5195,37.9569],[24.5107,37.9491],[24.4939,37.9492],[24.4724,37.9589],[24.4771,37.9694],[24.4614,37.9972],[24.4281,38.0129],[24.416,38.0108],[24.4209,38.0132],[24.4171,38.014],[24.393,38.0062],[24.3958,37.9972],[24.3872,37.9953],[24.3863,37.9844],[24.3922,37.9775],[24.403,37.9773],[24.386,37.9701],[24.387,37.9596],[24.3737,37.9624],[24.3737,37.9695],[24.3609,37.972],[24.357,37.9797],[24.3489,37.9785],[24.3474,37.9847],[24.3391,37.9864],[24.333,37.9968],[24.332,38.0128],[24.321,38.0171],[24.3167,38.012],[24.3051,38.0262],[24.3049,38.0328],[24.3217,38.0451],[24.3079,38.0689],[24.2969,38.0718],[24.2868,38.0678],[24.285,38.083],[24.2583,38.0946],[24.2526,38.0919],[24.2433,38.0959],[24.239,38.0881],[24.2094,38.0911],[24.203,38.085],[24.201,38.0903],[24.209,38.0968],[24.2055,38.1072],[24.2127,38.1233],[24.2057,38.1279],[24.1836,38.124],[24.1789,38.1292],[24.1845,38.1407],[24.1934,38.1456],[24.1918,38.1489],[24.2058,38.1509],[24.2109,38.1642],[24.2074,38.1798],[24.192,38.1892],[24.1858,38.2152],[24.156,38.2282],[24.1522,38.2246],[24.1385,38.2255],[24.1503,38.2118],[24.1337,38.2186],[24.1266,38.2067],[24.1227,38.2163],[24.1161,38.2204],[24.138,38.2391],[24.1392,38.2501],[24.149,38.2622],[24.1583,38.2668],[24.1542,38.2717],[24.1603,38.281],[24.1819,38.2859],[24.1906,38.2804],[24.1997,38.28],[24.2047,38.2842],[24.2072,38.2804],[24.219,38.2807],[24.2423,38.3009],[24.2393,38.2965]]],[[[24.6001,38.1596],[24.6008,38.1597],[24.6002,38.1589],[24.6001,38.1596]]]]}},{"type":"Feature","properties":{"code":"9149","name":"Ερέτριας","pe":"Π.Ε. Ευβοίας"},"geometry":{"type":"MultiPolygon","coordinates":[[[[23.808,38.379],[23.8081,38.3782],[23.8078,38.3783],[23.808,38.379]]],[[[23.8226,38.3802],[23.8228,38.3794],[23.8214,38.3799],[23.8226,38.3802]]],[[[23.8156,38.3854],[23.8154,38.3814],[23.8148,38.3818],[23.8156,38.3854]]],[[[23.692,38.4137],[23.6905,38.4094],[23.6821,38.4082],[23.6773,38.4115],[23.662,38.3985],[23.6529,38.4021],[23.6482,38.3989],[23.6384,38.4066],[23.641,38.4125],[23.6296,38.4278],[23.6216,38.4287],[23.6215,38.4473],[23.6085,38.4572],[23.6048,38.4558],[23.6047,38.4494],[23.5968,38.4535],[23.5942,38.4459],[23.5877,38.4474],[23.596,38.4571],[23.5895,38.4556],[23.5942,38.4689],[23.602,38.4708],[23.6034,38.4764],[23.617,38.4701],[23.6271,38.4811],[23.6239,38.4858],[23.6274,38.4962],[23.6222,38.4974],[23.6317,38.5014],[23.6356,38.5106],[23.6278,38.5127],[23.6294,38.5292],[23.6232,38.5336],[23.6287,38.5466],[23.6463,38.5536],[23.645,38.5499],[23.6498,38.5474],[23.6476,38.5404],[23.6628,38.5478],[23.6778,38.5377],[23.6936,38.5347],[23.6895,38.5215],[23.7026,38.5077],[23.7153,38.5147],[23.7275,38.4982],[23.7491,38.4914],[23.7557,38.4827],[23.7781,38.4824],[23.78,38.4723],[23.7878,38.4708],[23.7916,38.4652],[23.8106,38.4643],[23.8409,38.4705],[23.8496,38.4687],[23.8502,38.4618],[23.8616,38.4687],[23.8645,38.4785],[23.8929,38.4773],[23.9015,38.4812],[23.9011,38.4948],[23.8928,38.5055],[23.9166,38.5184],[23.9058,38.5454],[23.921,38.5607],[23.9045,38.562],[23.9086,38.5668],[23.8995,38.5766],[23.9247,38.592],[23.9244,38.5976],[23.9473,38.5915],[23.9682,38.5912],[23.9672,38.5857],[23.9574,38.5859],[23.9457,38.5794],[23.9488,38.5658],[23.9378,38.5581],[23.9436,38.553],[23.9463,38.5357],[23.9436,38.5243],[23.9408,38.5171],[23.9273,38.5081],[23.9272,38.5016],[23.9323,38.497],[23.9302,38.4895],[23.9393,38.4812],[23.9393,38.465],[23.9333,38.4572],[23.9403,38.4512],[23.9388,38.4437],[23.9473,38.4391],[23.9362,38.4293],[23.946,38.4088],[23.9424,38.3883],[23.9355,38.3846],[23.8932,38.3837],[23.8842,38.3909],[23.8679,38.3913],[23.8582,38.3993],[23.8248,38.4052],[23.8049,38.3928],[23.7997,38.3811],[23.7981,38.39],[23.7722,38.3907],[23.7488,38.4011],[23.7359,38.3991],[23.7234,38.4095],[23.692,38.4137]]]]}},{"type":"Feature","properties":{"code":"9154","name":"Σκύρου","pe":"Π.Ε. Ευβοίας"},"geometry":{"type":"MultiPolygon","coordinates":[[[[24.4283,38.8284],[24.4346,38.837],[24.436,38.8363],[24.4338,38.8219],[24.4283,38.8284]]],[[[24.3787,38.8346],[24.379,38.8342],[24.3782,38.834],[24.3787,38.8346]]],[[[24.3727,38.8404],[24.3734,38.8349],[24.3658,38.8344],[24.3559,38.8265],[24.3435,38.8319],[24.3462,38.8359],[24.3423,38.8369],[24.3534,38.8503],[24.3727,38.8404]]],[[[24.3696,38.8427],[24.3694,38.8434],[24.3699,38.8433],[24.3696,38.8427]]],[[[24.475,38.8489],[24.475,38.8502],[24.4758,38.85],[24.475,38.8489]]],[[[24.4708,38.8618],[24.4714,38.8616],[24.4707,38.8614],[24.4708,38.8618]]],[[[24.4651,38.8622],[24.4645,38.8623],[24.4651,38.8625],[24.4651,38.8622]]],[[[24.4422,38.8734],[24.4428,38.8714],[24.4339,38.8707],[24.4422,38.8734]]],[[[24.4369,38.89],[24.4373,38.8898],[24.4372,38.8892],[24.4369,38.89]]],[[[24.4411,38.8914],[24.4417,38.8915],[24.4419,38.8907],[24.4411,38.8914]]],[[[24.4414,38.8944],[24.4414,38.8937],[24.4409,38.8939],[24.4414,38.8944]]],[[[24.4607,38.9116],[24.4605,38.9119],[24.4611,38.9124],[24.4607,38.9116]]],[[[24.4655,38.9144],[24.4636,38.9143],[24.4648,38.9165],[24.4655,38.9144]]],[[[24.4523,38.9303],[24.4586,38.93],[24.457,38.929],[24.4523,38.9303]]],[[[24.4697,38.971],[24.4701,38.9705],[24.4695,38.9705],[24.4697,38.971]]],[[[24.4835,38.9812],[24.4832,38.9815],[24.4841,38.9819],[24.4835,38.9812]]],[[[24.4818,38.9934],[24.4802,38.9939],[24.4801,38.9946],[24.4818,38.9934]]],[[[24.4838,38.9954],[24.4847,38.9949],[24.4841,38.9946],[24.4838,38.9954]]],[[[24.4819,39.0047],[24.4893,39.0046],[24.489,39.004],[24.4834,39.0013],[24.4819,39.0047]]],[[[24.4669,39.0166],[24.4661,39.0212],[24.469,39.0203],[24.4669,39.0166]]],[[[24.6272,38.7575],[24.6236,38.7558],[24.6265,38.749],[24.623,38.7475],[24.6154,38.7493],[24.6149,38.7533],[24.613,38.7496],[24.6044,38.7495],[24.5944,38.7539],[24.6021,38.7653],[24.6167,38.7581],[24.6272,38.7575]]],[[[24.5807,38.7651],[24.5791,38.768],[24.5926,38.7673],[24.5937,38.7607],[24.5807,38.7651]]],[[[24.5137,38.7889],[24.5116,38.7902],[24.5126,38.7907],[24.5137,38.7889]]],[[[24.5162,38.7938],[24.5165,38.7945],[24.5168,38.7942],[24.5162,38.7938]]],[[[24.5246,38.7967],[24.5237,38.7977],[24.5274,38.7985],[24.5246,38.7967]]],[[[24.4942,38.8162],[24.4969,38.8119],[24.4922,38.799],[24.485,38.8067],[24.4791,38.8064],[24.5001,38.8383],[24.5072,38.8393],[24.5056,38.8246],[24.4942,38.8162]]],[[[24.5764,38.8696],[24.5761,38.8698],[24.5768,38.8701],[24.5764,38.8696]]],[[[24.4833,38.976],[24.4865,38.9813],[24.4885,38.9763],[24.496,38.9752],[24.4962,38.9707],[24.5062,38.9706],[24.5117,38.9606],[24.5208,38.96],[24.5356,38.9481],[24.5483,38.9453],[24.5825,38.9256],[24.5712,38.9095],[24.5716,38.8972],[24.5787,38.8817],[24.5692,38.8749],[24.5752,38.8736],[24.5743,38.8684],[24.5823,38.8724],[24.5837,38.8685],[24.5961,38.8687],[24.596,38.8621],[24.6065,38.8532],[24.6172,38.8542],[24.6377,38.843],[24.6417,38.8367],[24.6494,38.8369],[24.6521,38.831],[24.6611,38.8279],[24.6598,38.8251],[24.6663,38.8243],[24.6717,38.8119],[24.6823,38.8086],[24.6857,38.7929],[24.6761,38.7858],[24.6836,38.7815],[24.683,38.7739],[24.6683,38.7751],[24.6515,38.7655],[24.6497,38.7693],[24.6381,38.7656],[24.6398,38.775],[24.635,38.7765],[24.6308,38.7749],[24.6323,38.7692],[24.621,38.7642],[24.6077,38.7713],[24.6046,38.7814],[24.5967,38.789],[24.5857,38.791],[24.5703,38.7817],[24.5654,38.7847],[24.5716,38.7661],[24.5705,38.7609],[24.5646,38.7626],[24.5596,38.7698],[24.5515,38.7711],[24.555,38.7816],[24.544,38.7804],[24.5455,38.7882],[24.5364,38.7838],[24.5305,38.7892],[24.5318,38.798],[24.54,38.7949],[24.5479,38.8048],[24.5622,38.8033],[24.5694,38.809],[24.5657,38.8313],[24.5687,38.8349],[24.5642,38.8419],[24.5566,38.844],[24.5519,38.8387],[24.5399,38.8359],[24.534,38.8506],[24.5253,38.8456],[24.5166,38.8493],[24.504,38.8405],[24.5113,38.857],[24.4909,38.8519],[24.4863,38.8561],[24.4816,38.8538],[24.4838,38.8655],[24.4779,38.8748],[24.4672,38.8676],[24.4596,38.8811],[24.4501,38.8759],[24.433,38.8769],[24.4312,38.8817],[24.4538,38.8961],[24.4549,38.9094],[24.4616,38.9099],[24.4692,38.9164],[24.4663,38.9313],[24.4539,38.9342],[24.4594,38.9369],[24.4495,38.9495],[24.4579,38.9523],[24.4574,38.9593],[24.4617,38.9626],[24.4566,38.9636],[24.4697,38.9678],[24.4712,38.9738],[24.4833,38.976]]],[[[24.577,38.8721],[24.5769,38.8717],[24.5766,38.872],[24.577,38.8721]]],[[[24.5789,38.8723],[24.5791,38.8728],[24.5794,38.8723],[24.5789,38.8723]]],[[[24.5766,38.8751],[24.5769,38.8748],[24.5764,38.8744],[24.5766,38.8751]]],[[[24.5859,38.9236],[24.5861,38.9234],[24.5854,38.9228],[24.5859,38.9236]]],[[[24.5872,38.9249],[24.5866,38.9245],[24.5868,38.925],[24.5872,38.9249]]],[[[24.5835,38.9249],[24.584,38.9253],[24.5837,38.9244],[24.5835,38.9249]]],[[[24.5877,38.9259],[24.5873,38.926],[24.5879,38.9265],[24.5877,38.9259]]],[[[24.5797,38.9328],[24.5789,38.933],[24.5794,38.9333],[24.5797,38.9328]]],[[[24.5754,38.9343],[24.575,38.9349],[24.5757,38.935],[24.5754,38.9343]]],[[[24.5121,38.9631],[24.5131,38.9632],[24.5126,38.9626],[24.5121,38.9631]]],[[[24.4852,38.9851],[24.4861,38.9859],[24.486,38.9837],[24.4852,38.9851]]]]}},{"type":"Feature","properties":{"code":"9157","name":"Καρπενησίου","pe":"Π.Ε. Ευρυτανίας"},"geometry":{"type":"Polygon","coordinates":[[[21.9312,39.1016],[21.9413,39.0826],[21.9397,39.0653],[21.9161,39.0585],[21.8843,39.0251],[21.8606,39.0161],[21.8633,38.9993],[21.8508,38.9714],[21.8409,38.9565],[21.826,38.9476],[21.8478,38.9411],[21.8722,38.9261],[21.8852,38.9101],[21.8762,38.8822],[21.8758,38.8649],[21.8873,38.8588],[21.8909,38.8457],[21.9053,38.8307],[21.9213,38.8258],[21.9374,38.8147],[21.9454,38.7943],[21.9444,38.7425],[21.8988,38.7238],[21.8792,38.7313],[21.8758,38.7368],[21.8575,38.7323],[21.831,38.7372],[21.8279,38.7104],[21.8195,38.7025],[21.8184,38.6936],[21.8055,38.6831],[21.8009,38.6865],[21.77,38.675],[21.7676,38.6823],[21.7729,38.6894],[21.7684,38.695],[21.7736,38.7034],[21.7625,38.715],[21.7295,38.7052],[21.6856,38.7027],[21.6833,38.7105],[21.6685,38.7154],[21.6408,38.7139],[21.609,38.7256],[21.5953,38.7255],[21.5709,38.737],[21.5709,38.7511],[21.5619,38.765],[21.5635,38.7827],[21.5478,38.8032],[21.5589,38.8052],[21.5708,38.8181],[21.5657,38.8323],[21.5743,38.8487],[21.6197,38.8507],[21.6215,38.841],[21.6371,38.8638],[21.6375,38.8708],[21.6317,38.8752],[21.6393,38.8917],[21.6357,38.9036],[21.6507,38.9092],[21.647,38.912],[21.6562,38.9254],[21.6642,38.9249],[21.6657,38.9297],[21.6832,38.9413],[21.6847,38.9525],[21.6939,38.9644],[21.6923,38.9708],[21.7005,38.9777],[21.6944,38.9838],[21.6982,38.9908],[21.7238,39.0114],[21.7242,39.018],[21.7371,39.0314],[21.751,39.0284],[21.7661,39.0319],[21.767,39.0482],[21.7571,39.0579],[21.7603,39.0678],[21.7688,39.0688],[21.7762,39.0766],[21.7796,39.095],[21.7713,39.102],[21.7974,39.1166],[21.8107,39.1194],[21.8182,39.1271],[21.8127,39.1373],[21.8259,39.142],[21.8373,39.1548],[21.8586,39.1516],[21.8644,39.1404],[21.8731,39.1346],[21.874,39.123],[21.8954,39.1231],[21.9001,39.1187],[21.9012,39.1068],[21.9312,39.1016]]]}},{"type":"Feature","properties":{"code":"9156","name":"Αγράφων","pe":"Π.Ε. Ευρυτανίας"},"geometry":{"type":"Polygon","coordinates":[[[21.6233,38.8722],[21.61,38.8828],[21.5908,38.8829],[21.5751,38.8886],[21.5608,38.8849],[21.5524,38.891],[21.5076,38.8891],[21.5092,38.8951],[21.4986,38.9015],[21.5016,38.909],[21.4929,38.94],[21.5007,38.9435],[21.5015,38.9556],[21.5111,38.9662],[21.4986,38.9719],[21.4903,38.9702],[21.4647,38.9867],[21.4521,38.9842],[21.4288,38.9924],[21.4143,39.0074],[21.3998,39.0132],[21.3933,39.0085],[21.3746,39.0182],[21.3773,39.0324],[21.3926,39.0431],[21.3944,39.05],[21.4209,39.0528],[21.4113,39.0615],[21.4159,39.0618],[21.4138,39.0762],[21.4238,39.0821],[21.4245,39.0906],[21.4309,39.0937],[21.4362,39.1059],[21.4212,39.1103],[21.3958,39.1376],[21.3976,39.1664],[21.4452,39.1877],[21.4492,39.1922],[21.4453,39.205],[21.461,39.2019],[21.4691,39.2134],[21.5004,39.226],[21.506,39.2361],[21.5387,39.2166],[21.5474,39.2163],[21.56,39.2183],[21.5643,39.2306],[21.5765,39.2388],[21.5909,39.2434],[21.6091,39.2409],[21.6346,39.2566],[21.6463,39.2447],[21.6862,39.2518],[21.693,39.2323],[21.7055,39.2287],[21.6893,39.219],[21.699,39.1824],[21.7276,39.1828],[21.7442,39.1782],[21.7338,39.1667],[21.7334,39.1522],[21.723,39.1493],[21.7318,39.124],[21.7289,39.1155],[21.7669,39.1134],[21.7699,39.1023],[21.7788,39.0978],[21.7762,39.0766],[21.7688,39.0688],[21.7603,39.0678],[21.7571,39.0579],[21.767,39.0482],[21.7661,39.0319],[21.751,39.0284],[21.7371,39.0314],[21.7242,39.018],[21.7238,39.0114],[21.6982,38.9908],[21.6944,38.9838],[21.7005,38.9777],[21.6923,38.9708],[21.6939,38.9644],[21.6847,38.9525],[21.6839,38.9423],[21.6642,38.9249],[21.6562,38.9254],[21.647,38.912],[21.6507,38.9092],[21.6357,38.9036],[21.6393,38.8917],[21.6317,38.8752],[21.6233,38.8722]]]}},{"type":"Feature","properties":{"code":"9116","name":"Ζακύνθου","pe":"Π.Ε. Ζακύνθου"},"geometry":{"type":"MultiPolygon","coordinates":[[[[20.8679,37.6882],[20.8743,37.6832],[20.873,37.6816],[20.8656,37.6856],[20.8679,37.6882]]],[[[20.9424,37.704],[20.9423,37.7047],[20.9512,37.7034],[20.9424,37.704]]],[[[20.7297,37.7174],[20.73,37.7169],[20.7271,37.7172],[20.7297,37.7174]]],[[[20.6709,37.7704],[20.6716,37.7706],[20.6716,37.7701],[20.6709,37.7704]]],[[[20.6744,37.7703],[20.6742,37.7705],[20.6744,37.7705],[20.6744,37.7703]]],[[[20.7096,37.9083],[20.705,37.9071],[20.7159,37.8956],[20.7149,37.89],[20.7249,37.8785],[20.7329,37.8804],[20.7339,37.8683],[20.7485,37.854],[20.7736,37.8405],[20.7904,37.8472],[20.8115,37.8385],[20.8223,37.8384],[20.8475,37.8263],[20.8596,37.8263],[20.8679,37.8179],[20.8815,37.8164],[20.9046,37.8046],[20.8997,37.7917],[20.9042,37.7832],[20.8991,37.7858],[20.8969,37.7812],[20.9017,37.7789],[20.8997,37.7757],[20.9397,37.7609],[20.9498,37.7449],[20.9582,37.7404],[20.9924,37.7287],[20.9875,37.7215],[20.9937,37.7172],[20.9886,37.7083],[20.9926,37.7029],[20.9847,37.6976],[20.987,37.7065],[20.9764,37.7076],[20.962,37.7193],[20.9349,37.7254],[20.9198,37.7364],[20.8787,37.7299],[20.8653,37.7231],[20.8609,37.7183],[20.864,37.715],[20.8413,37.6979],[20.8357,37.6837],[20.8567,37.6682],[20.8589,37.6564],[20.8487,37.6508],[20.8446,37.6525],[20.8446,37.6469],[20.829,37.6446],[20.826,37.6503],[20.8153,37.6486],[20.8026,37.6562],[20.8065,37.6598],[20.8005,37.6641],[20.802,37.6704],[20.7854,37.674],[20.7761,37.6846],[20.7699,37.6846],[20.7697,37.6911],[20.7592,37.6982],[20.7582,37.7081],[20.7468,37.7151],[20.7402,37.7129],[20.7351,37.7211],[20.7306,37.7175],[20.7257,37.7191],[20.7275,37.7223],[20.7111,37.7259],[20.7014,37.7396],[20.692,37.7445],[20.6963,37.753],[20.6907,37.755],[20.6974,37.7612],[20.673,37.7674],[20.6776,37.7738],[20.6701,37.7768],[20.6802,37.7826],[20.6751,37.788],[20.6784,37.7901],[20.6527,37.7936],[20.6468,37.7972],[20.6512,37.8013],[20.6435,37.8008],[20.6394,37.8106],[20.6297,37.814],[20.6341,37.8223],[20.6283,37.8183],[20.6255,37.8207],[20.6307,37.8339],[20.6255,37.8397],[20.6275,37.8441],[20.6198,37.849],[20.6266,37.8564],[20.6184,37.8622],[20.6255,37.8595],[20.6213,37.8672],[20.6288,37.8688],[20.6252,37.872],[20.6284,37.8799],[20.6347,37.8811],[20.6327,37.8846],[20.6408,37.889],[20.6434,37.8944],[20.6405,37.8959],[20.6456,37.8955],[20.6461,37.9008],[20.6526,37.9011],[20.6527,37.9053],[20.6806,37.9245],[20.6995,37.9333],[20.7049,37.9309],[20.7096,37.9083]]],[[[20.6171,37.8212],[20.6236,37.8211],[20.62,37.8185],[20.6171,37.8212]]],[[[20.6248,37.8215],[20.6242,37.8216],[20.6246,37.8218],[20.6248,37.8215]]],[[[20.6256,37.841],[20.625,37.8407],[20.6247,37.8412],[20.6256,37.841]]],[[[20.7103,37.9056],[20.7099,37.9063],[20.7117,37.9064],[20.7103,37.9056]]],[[[21.0181,37.2503],[21.0165,37.2423],[21.0024,37.2444],[21.0011,37.2525],[21.0181,37.2503]]],[[[21.0034,37.2596],[21.0035,37.2599],[21.0036,37.2596],[21.0034,37.2596]]],[[[21.004,37.2611],[21.0038,37.261],[21.0037,37.2614],[21.004,37.2611]]],[[[21.008,37.2619],[21.0078,37.2619],[21.0077,37.2621],[21.008,37.2619]]],[[[21.0077,37.2599],[21.0099,37.2618],[21.0087,37.2661],[21.0134,37.2628],[21.0077,37.2599]]],[[[21.0064,37.263],[21.0063,37.2632],[21.0066,37.2631],[21.0064,37.263]]],[[[21.0038,37.2631],[21.0038,37.2633],[21.004,37.2632],[21.0038,37.2631]]],[[[21.0086,37.2638],[21.0083,37.2637],[21.0084,37.264],[21.0086,37.2638]]],[[[21.0042,37.2645],[21.0041,37.2641],[21.004,37.2646],[21.0042,37.2645]]]]}},{"type":"Feature","properties":{"code":"9140","name":"Πηνειού","pe":"Π.Ε. Ηλείας"},"geometry":{"type":"MultiPolygon","coordinates":[[[[21.3103,37.719],[21.3102,37.7183],[21.3096,37.7189],[21.3103,37.719]]],[[[21.2057,37.818],[21.1192,37.8389],[21.1095,37.8433],[21.1052,37.8533],[21.1188,37.8542],[21.1441,37.8738],[21.1598,37.8723],[21.1701,37.8763],[21.1732,37.8832],[21.1835,37.8886],[21.1838,37.8978],[21.1936,37.8991],[21.2043,37.8909],[21.2122,37.893],[21.2106,37.897],[21.2172,37.895],[21.2167,37.8998],[21.2251,37.8995],[21.226,37.8937],[21.2388,37.8896],[21.2395,37.8953],[21.249,37.8987],[21.2537,37.8926],[21.2851,37.8866],[21.2884,37.8752],[21.2996,37.8814],[21.2978,37.889],[21.3119,37.9085],[21.3264,37.9147],[21.324,37.9235],[21.3375,37.9299],[21.3599,37.9294],[21.3839,37.9232],[21.397,37.9322],[21.4161,37.9236],[21.4167,37.9085],[21.3938,37.9065],[21.3834,37.8977],[21.3769,37.9005],[21.3563,37.8955],[21.3567,37.8899],[21.3509,37.892],[21.3393,37.8841],[21.3328,37.8861],[21.3293,37.88],[21.3337,37.8656],[21.3491,37.8549],[21.3416,37.842],[21.3332,37.8364],[21.3277,37.847],[21.3135,37.8538],[21.2953,37.844],[21.288,37.8482],[21.2809,37.84],[21.2745,37.8409],[21.267,37.8289],[21.2753,37.8077],[21.2592,37.7955],[21.2057,37.818]]],[[[21.12,37.9415],[21.1213,37.9406],[21.1193,37.9395],[21.12,37.9415]]]]}},{"type":"Feature","properties":{"code":"9135","name":"Ανδραβίδας - Κυλλήνης","pe":"Π.Ε. Ηλείας"},"geometry":{"type":"Polygon","coordinates":[[[21.1074,37.8776],[21.1252,37.9241],[21.1262,37.9387],[21.1402,37.9435],[21.1466,37.9372],[21.1498,37.9394],[21.1515,37.9388],[21.1467,37.9371],[21.1499,37.9324],[21.1607,37.9281],[21.1818,37.9294],[21.2041,37.9388],[21.2341,37.9632],[21.2555,37.9735],[21.3051,38.028],[21.3316,38.0697],[21.3382,38.0946],[21.3494,38.1043],[21.3622,38.0894],[21.362,38.0759],[21.3804,38.0623],[21.401,38.0578],[21.399,38.052],[21.428,38.0292],[21.4396,38.0246],[21.4486,38.0259],[21.4511,38.0226],[21.4446,38.0161],[21.4499,38.014],[21.447,38.0051],[21.4596,37.9992],[21.4604,37.9923],[21.4403,37.9763],[21.4515,37.9677],[21.4596,37.9668],[21.4614,37.9549],[21.4774,37.9505],[21.499,37.9368],[21.4936,37.9263],[21.4966,37.9202],[21.5354,37.9147],[21.5441,37.9184],[21.5459,37.9146],[21.5434,37.9052],[21.5287,37.9076],[21.4972,37.8993],[21.4732,37.9073],[21.4588,37.9058],[21.4533,37.912],[21.4242,37.9028],[21.4167,37.9085],[21.4161,37.9236],[21.397,37.9322],[21.3839,37.9232],[21.3599,37.9294],[21.3375,37.9299],[21.324,37.9235],[21.3264,37.9147],[21.3119,37.9085],[21.2978,37.889],[21.2996,37.8814],[21.2884,37.8752],[21.2851,37.8866],[21.2537,37.8926],[21.249,37.8987],[21.2395,37.8953],[21.2388,37.8896],[21.226,37.8937],[21.2251,37.8995],[21.2167,37.8998],[21.2172,37.895],[21.2106,37.897],[21.2122,37.893],[21.2043,37.8909],[21.1936,37.8991],[21.1879,37.8986],[21.1838,37.8978],[21.1835,37.8886],[21.1732,37.8832],[21.1701,37.8763],[21.1598,37.8723],[21.1441,37.8738],[21.1188,37.8542],[21.1077,37.8548],[21.1074,37.8776]]]}},{"type":"Feature","properties":{"code":"9139","name":"Ήλιδας","pe":"Π.Ε. Ηλείας"},"geometry":{"type":"Polygon","coordinates":[[[21.5502,37.9175],[21.5589,37.9129],[21.5608,37.9167],[21.5754,37.9191],[21.5799,37.9085],[21.5961,37.9063],[21.5906,37.902],[21.6255,37.8713],[21.6292,37.8662],[21.6252,37.8637],[21.6268,37.8587],[21.6587,37.842],[21.6564,37.8277],[21.6598,37.8189],[21.6547,37.8129],[21.6635,37.8058],[21.6569,37.8012],[21.6326,37.7984],[21.6022,37.8038],[21.5941,37.7951],[21.5767,37.797],[21.5555,37.808],[21.5481,37.8287],[21.5423,37.8334],[21.5326,37.8157],[21.5079,37.8198],[21.4984,37.8163],[21.492,37.8056],[21.4965,37.7952],[21.4914,37.7868],[21.4651,37.7752],[21.449,37.7796],[21.4503,37.7912],[21.4434,37.7934],[21.4315,37.7825],[21.4005,37.7765],[21.3978,37.7741],[21.4063,37.7621],[21.3739,37.7609],[21.3517,37.751],[21.3658,37.7391],[21.3628,37.7336],[21.328,37.7276],[21.3094,37.7334],[21.3036,37.7578],[21.2976,37.766],[21.2592,37.7955],[21.2761,37.8089],[21.267,37.8289],[21.2745,37.8409],[21.2809,37.84],[21.288,37.8482],[21.2953,37.844],[21.3135,37.8538],[21.3277,37.847],[21.3332,37.8364],[21.3423,37.8428],[21.3491,37.8549],[21.3337,37.8656],[21.3293,37.88],[21.3328,37.8861],[21.3393,37.8841],[21.3509,37.892],[21.3567,37.8899],[21.3563,37.8955],[21.3769,37.9005],[21.3834,37.8977],[21.3932,37.9063],[21.4029,37.9082],[21.419,37.9082],[21.4259,37.9029],[21.4533,37.912],[21.4588,37.9058],[21.4732,37.9073],[21.4972,37.8993],[21.5287,37.9076],[21.5434,37.9052],[21.5502,37.9175]]]}},{"type":"Feature","properties":{"code":"9137","name":"Αρχαίας Ολυμπίας","pe":"Π.Ε. Ηλείας"},"geometry":{"type":"Polygon","coordinates":[[[21.6062,37.9013],[21.6071,37.8977],[21.6287,37.8905],[21.6327,37.8951],[21.6382,37.893],[21.6481,37.8835],[21.6486,37.8737],[21.656,37.8665],[21.662,37.85],[21.6738,37.8386],[21.6857,37.8366],[21.692,37.8459],[21.6902,37.8556],[21.695,37.8678],[21.7192,37.881],[21.7291,37.8937],[21.7444,37.9021],[21.7599,37.9229],[21.7767,37.9265],[21.797,37.9391],[21.7994,37.9524],[21.8109,37.9568],[21.8308,37.9327],[21.8274,37.9176],[21.8591,37.905],[21.8864,37.8762],[21.8902,37.8658],[21.8544,37.8512],[21.8403,37.8368],[21.8118,37.8201],[21.7945,37.7908],[21.7959,37.7397],[21.8096,37.712],[21.8126,37.6911],[21.8064,37.6635],[21.794,37.6348],[21.7973,37.6235],[21.792,37.6095],[21.7976,37.5969],[21.7972,37.5864],[21.7854,37.5921],[21.7768,37.6044],[21.7543,37.6086],[21.7494,37.617],[21.7361,37.617],[21.7242,37.6231],[21.7189,37.6341],[21.724,37.6398],[21.7116,37.6455],[21.6961,37.64],[21.6871,37.645],[21.6752,37.6445],[21.658,37.634],[21.6501,37.6364],[21.6411,37.6311],[21.6181,37.6294],[21.5815,37.6332],[21.5784,37.6379],[21.5861,37.6442],[21.5822,37.651],[21.5697,37.6416],[21.547,37.6471],[21.5434,37.6635],[21.5343,37.6678],[21.5383,37.6692],[21.537,37.676],[21.5409,37.6804],[21.5361,37.6969],[21.5597,37.6944],[21.5641,37.7026],[21.5845,37.7032],[21.5922,37.7109],[21.5798,37.7119],[21.5781,37.7159],[21.5928,37.7262],[21.5804,37.7343],[21.5898,37.7414],[21.6191,37.7392],[21.6229,37.7461],[21.6309,37.7464],[21.6388,37.7594],[21.6551,37.7606],[21.6618,37.7663],[21.6822,37.7642],[21.6961,37.777],[21.6887,37.7909],[21.6747,37.794],[21.6739,37.8003],[21.6667,37.8004],[21.6547,37.8129],[21.6598,37.8189],[21.6564,37.8277],[21.6587,37.842],[21.6268,37.8587],[21.6252,37.8637],[21.6289,37.8672],[21.6127,37.8793],[21.6122,37.8846],[21.5963,37.8938],[21.5924,37.902],[21.6062,37.9013]]]}},{"type":"Feature","properties":{"code":"9136","name":"Ανδρίτσαινας - Κρεστένων","pe":"Π.Ε. Ηλείας"},"geometry":{"type":"Polygon","coordinates":[[[21.8069,37.5868],[21.835,37.6032],[21.8431,37.6003],[21.8538,37.6049],[21.8782,37.6046],[21.8882,37.5954],[21.8931,37.5806],[21.9015,37.5772],[21.9013,37.5672],[21.9127,37.5617],[21.9123,37.5538],[21.9186,37.5557],[21.9482,37.5454],[21.9636,37.5242],[21.9946,37.5072],[21.9993,37.4994],[21.9826,37.4946],[21.9663,37.4833],[21.9518,37.4851],[21.9403,37.481],[21.9233,37.4719],[21.9265,37.4659],[21.9125,37.4702],[21.8996,37.4475],[21.8939,37.4471],[21.8861,37.4549],[21.8834,37.442],[21.8889,37.4403],[21.8863,37.4383],[21.8921,37.418],[21.9016,37.4045],[21.8684,37.3965],[21.8548,37.4059],[21.8561,37.4191],[21.8636,37.4264],[21.8459,37.4382],[21.853,37.4603],[21.826,37.4733],[21.7812,37.4753],[21.7809,37.4847],[21.7862,37.487],[21.7898,37.496],[21.7742,37.5116],[21.7623,37.5153],[21.7703,37.5389],[21.7358,37.5412],[21.7325,37.5449],[21.7301,37.5413],[21.7124,37.5459],[21.6966,37.5428],[21.6756,37.5514],[21.6757,37.5581],[21.6697,37.562],[21.6302,37.5245],[21.604,37.5361],[21.5835,37.5224],[21.5302,37.5689],[21.537,37.5736],[21.5761,37.541],[21.5859,37.5443],[21.5778,37.5526],[21.5821,37.5567],[21.5796,37.5624],[21.5561,37.5831],[21.5674,37.5932],[21.5527,37.6114],[21.5728,37.6203],[21.5737,37.6323],[21.5788,37.6362],[21.5829,37.6327],[21.6075,37.6332],[21.6181,37.6294],[21.6411,37.6311],[21.683,37.645],[21.6927,37.6401],[21.7083,37.6454],[21.7218,37.6416],[21.7235,37.6369],[21.7189,37.6341],[21.7242,37.6231],[21.7361,37.617],[21.7494,37.617],[21.7543,37.6086],[21.7768,37.6044],[21.7854,37.5921],[21.7972,37.5864],[21.8069,37.5868]]]}},{"type":"Feature","properties":{"code":"9138","name":"Ζαχάρως","pe":"Π.Ε. Ηλείας"},"geometry":{"type":"Polygon","coordinates":[[[21.8479,37.3914],[21.8239,37.3931],[21.8194,37.3967],[21.8099,37.3912],[21.7871,37.398],[21.7493,37.3934],[21.7099,37.3958],[21.6802,37.3774],[21.6363,37.4584],[21.5835,37.5224],[21.604,37.5361],[21.6302,37.5245],[21.6697,37.562],[21.6757,37.5581],[21.6756,37.5514],[21.6966,37.5428],[21.7124,37.5459],[21.7301,37.5413],[21.7325,37.5449],[21.7358,37.5412],[21.7703,37.5389],[21.7623,37.5153],[21.7742,37.5116],[21.7898,37.496],[21.7862,37.487],[21.7809,37.4847],[21.7812,37.4753],[21.826,37.4733],[21.853,37.4603],[21.8459,37.4382],[21.8636,37.4264],[21.8561,37.4191],[21.8548,37.4059],[21.8684,37.3965],[21.8479,37.3914]]]}},{"type":"Feature","properties":{"code":"9141","name":"Πύργου","pe":"Π.Ε. Ηλείας"},"geometry":{"type":"MultiPolygon","coordinates":[[[[21.3008,37.6587],[21.2996,37.6596],[21.3019,37.6603],[21.3008,37.6587]]],[[[21.3019,37.6752],[21.3033,37.675],[21.3024,37.674],[21.3019,37.6752]]],[[[21.4508,37.6105],[21.412,37.6408],[21.3775,37.6577],[21.3465,37.6629],[21.3263,37.6608],[21.3176,37.6482],[21.3207,37.6439],[21.3267,37.6462],[21.3199,37.6434],[21.312,37.6322],[21.303,37.6445],[21.3068,37.6466],[21.3105,37.6642],[21.3017,37.6687],[21.3083,37.6774],[21.3019,37.6793],[21.3175,37.6917],[21.3202,37.7048],[21.3055,37.7264],[21.3094,37.7334],[21.3254,37.7276],[21.3628,37.7336],[21.3658,37.7391],[21.3517,37.751],[21.3739,37.7609],[21.4063,37.7621],[21.3978,37.7741],[21.4005,37.7765],[21.4315,37.7825],[21.4434,37.7934],[21.4503,37.7912],[21.449,37.7796],[21.4686,37.7757],[21.4952,37.7902],[21.492,37.8056],[21.4984,37.8163],[21.5079,37.8198],[21.5326,37.8157],[21.5423,37.8334],[21.5481,37.8287],[21.5555,37.808],[21.5754,37.7973],[21.5941,37.7951],[21.6022,37.8038],[21.6326,37.7984],[21.6569,37.8012],[21.6635,37.8058],[21.6667,37.8004],[21.6739,37.8003],[21.6747,37.794],[21.6887,37.7909],[21.6961,37.777],[21.6843,37.765],[21.6618,37.7663],[21.6551,37.7606],[21.6419,37.7605],[21.6309,37.7464],[21.6229,37.7461],[21.6191,37.7392],[21.5923,37.7426],[21.5804,37.7343],[21.5928,37.7262],[21.5781,37.7159],[21.5798,37.7119],[21.5922,37.7109],[21.5845,37.7032],[21.5641,37.7026],[21.5597,37.6944],[21.5361,37.6969],[21.5409,37.6804],[21.537,37.676],[21.5383,37.6692],[21.5343,37.6678],[21.5434,37.6635],[21.547,37.6471],[21.5697,37.6416],[21.5784,37.6506],[21.5852,37.6485],[21.5852,37.6417],[21.5739,37.633],[21.5728,37.6203],[21.5522,37.6084],[21.5674,37.5932],[21.5561,37.5831],[21.5796,37.5624],[21.5821,37.5567],[21.5778,37.5526],[21.5859,37.5443],[21.5761,37.541],[21.537,37.5736],[21.5302,37.5689],[21.4508,37.6105]]]]}},{"type":"Feature","properties":{"code":"9024","name":"Βέροιας","pe":"Π.Ε. Ημαθίας"},"geometry":{"type":"Polygon","coordinates":[[[22.3754,40.4195],[22.3502,40.4118],[22.347,40.4037],[22.3317,40.3992],[22.311,40.3757],[22.2887,40.3617],[22.2973,40.3542],[22.2954,40.3356],[22.2889,40.3454],[22.288,40.3576],[22.2805,40.3578],[22.2719,40.3488],[22.25,40.3401],[22.2281,40.3418],[22.2107,40.32],[22.2036,40.3028],[22.1615,40.3004],[22.1271,40.3259],[22.1319,40.3401],[22.1542,40.3523],[22.1533,40.3586],[22.1268,40.3568],[22.1112,40.3726],[22.098,40.3751],[22.0926,40.3807],[22.0923,40.3934],[22.1018,40.407],[22.1047,40.4317],[22.091,40.4321],[22.0711,40.4415],[22.0231,40.4361],[22.019,40.4426],[22.0286,40.4474],[22.0134,40.4619],[21.9985,40.4638],[21.9779,40.4805],[21.9336,40.4843],[21.9281,40.4887],[21.9313,40.4965],[21.9285,40.5022],[21.9408,40.5049],[21.9557,40.5157],[21.9697,40.5102],[21.9822,40.5145],[21.9989,40.5105],[21.9785,40.5323],[21.9691,40.5518],[21.9733,40.5623],[21.9859,40.5724],[21.9919,40.5926],[22.0204,40.5742],[22.0309,40.5557],[22.0399,40.5563],[22.0486,40.5696],[22.0662,40.5596],[22.0798,40.5776],[22.0933,40.5815],[22.1243,40.5829],[22.1404,40.5765],[22.1508,40.5815],[22.1449,40.5928],[22.1526,40.6112],[22.1763,40.5961],[22.1895,40.6046],[22.1934,40.6297],[22.1863,40.6377],[22.1885,40.6404],[22.2026,40.644],[22.2213,40.634],[22.2527,40.6366],[22.2565,40.6387],[22.2554,40.6431],[22.2606,40.644],[22.2587,40.6551],[22.297,40.635],[22.2892,40.5756],[22.2947,40.5654],[22.3223,40.5667],[22.322,40.5623],[22.3295,40.5575],[22.3304,40.5483],[22.3385,40.5469],[22.3433,40.5301],[22.3584,40.5182],[22.3611,40.5053],[22.3785,40.494],[22.3856,40.4756],[22.4027,40.4733],[22.4046,40.4658],[22.3994,40.4499],[22.3754,40.4195]]]}},{"type":"Feature","properties":{"code":"9025","name":"Νάουσας","pe":"Π.Ε. Ημαθίας"},"geometry":{"type":"Polygon","coordinates":[[[21.9251,40.5196],[21.8957,40.543],[21.8924,40.5576],[21.9138,40.5679],[21.9147,40.5717],[21.91,40.5802],[21.886,40.5933],[21.8891,40.6111],[21.882,40.6233],[21.8874,40.6295],[21.8854,40.6423],[21.9027,40.6508],[21.9064,40.6813],[21.9138,40.6851],[21.9377,40.6827],[21.9465,40.6761],[21.9533,40.687],[21.9658,40.6937],[21.9876,40.6892],[22.0078,40.699],[22.0722,40.7094],[22.072,40.7175],[22.0559,40.7273],[22.0617,40.7335],[22.0791,40.7343],[22.1113,40.7163],[22.1172,40.7075],[22.1442,40.7074],[22.1697,40.6972],[22.2175,40.7009],[22.227,40.6978],[22.2309,40.6903],[22.2427,40.6933],[22.2548,40.6862],[22.2695,40.6635],[22.3118,40.6398],[22.2946,40.6343],[22.2587,40.6551],[22.2606,40.644],[22.2554,40.6431],[22.2565,40.6387],[22.2527,40.6366],[22.2213,40.634],[22.2057,40.6431],[22.1972,40.6436],[22.1862,40.6384],[22.1933,40.6316],[22.1919,40.6096],[22.1803,40.5979],[22.1763,40.5961],[22.1526,40.6112],[22.1464,40.603],[22.1451,40.5918],[22.1508,40.5815],[22.1462,40.578],[22.1346,40.577],[22.1212,40.5832],[22.0883,40.5804],[22.0798,40.5776],[22.0662,40.5596],[22.0486,40.5696],[22.0399,40.5563],[22.0293,40.5562],[22.0271,40.5677],[22.0204,40.5742],[21.9919,40.5926],[21.9859,40.5724],[21.9733,40.5623],[21.9691,40.5518],[21.9785,40.5323],[21.9989,40.5105],[21.9822,40.5145],[21.9697,40.5102],[21.9557,40.5157],[21.9408,40.5049],[21.9285,40.5022],[21.9251,40.5196]]]}},{"type":"Feature","properties":{"code":"9023","name":"Αλεξάνδρειας","pe":"Π.Ε. Ημαθίας"},"geometry":{"type":"MultiPolygon","coordinates":[[[[22.6617,40.5245],[22.6619,40.5241],[22.6579,40.5224],[22.6617,40.5245]]],[[[22.6657,40.5254],[22.6647,40.5256],[22.6652,40.5258],[22.6657,40.5254]]],[[[22.672,40.5267],[22.6694,40.5252],[22.6692,40.5262],[22.672,40.5267]]],[[[22.3372,40.6668],[22.3588,40.6782],[22.3873,40.7127],[22.397,40.6877],[22.4317,40.6812],[22.4624,40.6976],[22.465,40.71],[22.4839,40.7191],[22.4915,40.711],[22.4904,40.6918],[22.4967,40.6798],[22.5478,40.6744],[22.5676,40.6542],[22.5933,40.6384],[22.6019,40.6239],[22.6221,40.6112],[22.6369,40.565],[22.6693,40.5503],[22.6824,40.529],[22.6613,40.5258],[22.6528,40.5182],[22.6519,40.5087],[22.6585,40.4996],[22.6556,40.4973],[22.664,40.4916],[22.6499,40.4908],[22.6292,40.4939],[22.5994,40.5373],[22.5792,40.5443],[22.5456,40.5408],[22.5169,40.5497],[22.4899,40.5278],[22.476,40.5237],[22.4383,40.5302],[22.4321,40.5253],[22.4374,40.5083],[22.4207,40.4893],[22.4323,40.4774],[22.4238,40.4709],[22.4168,40.4549],[22.3985,40.4515],[22.4046,40.4658],[22.4027,40.4733],[22.3856,40.4756],[22.3785,40.494],[22.3611,40.5053],[22.3584,40.5182],[22.3433,40.5301],[22.3385,40.5469],[22.3304,40.5483],[22.3295,40.5575],[22.322,40.5623],[22.3223,40.5667],[22.2947,40.5654],[22.2896,40.5731],[22.297,40.635],[22.3153,40.6405],[22.3372,40.6668]]]]}},{"type":"Feature","properties":{"code":"9304","name":"Γόρτυνας","pe":"Π.Ε. Ηρακλείου"},"geometry":{"type":"Polygon","coordinates":[[[25.0958,34.9317],[25.0897,34.9388],[25.076,34.9367],[25.0578,34.9418],[25.0545,34.9368],[25.0531,34.9407],[25.0447,34.9423],[25.0287,34.9321],[25.0201,34.9358],[25.0168,34.9289],[24.9821,34.9344],[24.9659,34.9317],[24.9639,34.9247],[24.9564,34.9259],[24.9519,34.9335],[24.9232,34.9303],[24.9208,34.9257],[24.9047,34.932],[24.8957,34.9308],[24.9062,34.9581],[24.9052,34.9752],[24.8982,34.9839],[24.9013,34.9969],[24.8932,34.9994],[24.9056,35.0106],[24.902,35.0132],[24.907,35.0248],[24.9252,35.03],[24.9239,35.0357],[24.915,35.0365],[24.9156,35.0423],[24.9248,35.0421],[24.9408,35.0585],[24.9288,35.0629],[24.9244,35.0748],[24.9374,35.0795],[24.942,35.0747],[24.9493,35.0868],[24.941,35.1182],[24.9312,35.1149],[24.9165,35.1203],[24.9146,35.1347],[24.905,35.1545],[24.9144,35.1738],[24.9028,35.2088],[24.936,35.1972],[24.9497,35.1783],[24.9557,35.1838],[24.9917,35.1673],[25.0123,35.1715],[25.0193,35.1695],[25.0217,35.1641],[25.0322,35.1634],[25.0408,35.1758],[25.064,35.1729],[25.061,35.1677],[25.084,35.1544],[25.0908,35.1352],[25.106,35.1256],[25.0788,35.1204],[25.0871,35.1147],[25.0857,35.1045],[25.0999,35.1017],[25.0999,35.0949],[25.1298,35.0938],[25.1374,35.0816],[25.1316,35.0747],[25.1453,35.0758],[25.145,35.0646],[25.149,35.0611],[25.1353,35.0431],[25.1154,35.0393],[25.1026,35.0275],[25.0898,35.0229],[25.1118,34.9898],[25.1095,34.9818],[25.0988,34.976],[25.0932,34.9659],[25.1031,34.9348],[25.0958,34.9317]]]}},{"type":"Feature","properties":{"code":"9308","name":"Φαιστού","pe":"Π.Ε. Ηρακλείου"},"geometry":{"type":"MultiPolygon","coordinates":[[[[24.7849,34.9198],[24.7862,34.9198],[24.7859,34.919],[24.7849,34.9198]]],[[[24.8004,34.9217],[24.7983,34.9228],[24.8012,34.9241],[24.8004,34.9217]]],[[[24.8077,34.928],[24.8085,34.9275],[24.8057,34.9267],[24.8077,34.928]]],[[[24.8248,34.9369],[24.8256,34.9374],[24.8259,34.9361],[24.8248,34.9369]]],[[[24.8784,34.9357],[24.8404,34.9411],[24.811,34.9368],[24.8018,34.9303],[24.8038,34.9264],[24.7939,34.9237],[24.7748,34.9224],[24.771,34.9299],[24.7663,34.9245],[24.7571,34.9251],[24.7573,34.9214],[24.75,34.9254],[24.7313,34.9229],[24.7331,34.9334],[24.7455,34.9374],[24.751,34.9417],[24.7471,34.9432],[24.7507,34.9443],[24.7484,34.9482],[24.7554,34.9506],[24.748,34.9508],[24.7526,34.9534],[24.7489,34.9587],[24.7517,34.9614],[24.7474,34.9605],[24.7454,34.9649],[24.7505,34.9686],[24.7506,34.9828],[24.7447,34.9905],[24.7497,34.9937],[24.7462,35.0037],[24.7599,35.0082],[24.7605,35.0183],[24.7541,35.0509],[24.7446,35.0746],[24.7225,35.0925],[24.7239,35.1116],[24.765,35.1203],[24.7697,35.1262],[24.7834,35.12],[24.7897,35.1227],[24.7918,35.1704],[24.8014,35.1838],[24.796,35.2237],[24.8142,35.2193],[24.8247,35.1992],[24.8274,35.1802],[24.857,35.1856],[24.8789,35.1743],[24.9044,35.1958],[24.9144,35.1738],[24.905,35.1545],[24.9146,35.1347],[24.9165,35.1203],[24.9312,35.1149],[24.941,35.1182],[24.9452,35.1079],[24.9493,35.0868],[24.9455,35.0778],[24.9416,35.0747],[24.9374,35.0795],[24.9244,35.0748],[24.9288,35.0629],[24.9408,35.0585],[24.9248,35.0421],[24.9156,35.0423],[24.915,35.0365],[24.9239,35.0357],[24.9252,35.03],[24.907,35.0248],[24.902,35.0132],[24.9056,35.0106],[24.8932,34.9994],[24.9013,34.9969],[24.8982,34.9839],[24.9052,34.9752],[24.9062,34.9581],[24.9017,34.9397],[24.8932,34.9295],[24.8784,34.9357]]]]}},{"type":"Feature","properties":{"code":"9306","name":"Μαλεβιζίου","pe":"Π.Ε. Ηρακλείου"},"geometry":{"type":"Polygon","coordinates":[[[24.9048,35.2265],[24.9242,35.2496],[24.9118,35.2685],[24.9255,35.2943],[24.9184,35.3013],[24.9045,35.3003],[24.8944,35.31],[24.8813,35.3113],[24.8746,35.3165],[24.8789,35.3231],[24.8906,35.3224],[24.9046,35.3296],[24.8905,35.348],[24.8898,35.3648],[24.8847,35.3744],[24.8981,35.3817],[24.9233,35.3716],[24.9319,35.3859],[24.9266,35.3968],[24.928,35.4069],[24.9598,35.4047],[24.9731,35.4328],[24.9733,35.424],[24.9897,35.4137],[25.0015,35.4216],[25.0171,35.4209],[25.0206,35.4187],[25.0178,35.4104],[25.0224,35.4089],[25.0186,35.4049],[25.0279,35.4031],[25.027,35.3991],[25.0318,35.4024],[25.0408,35.4002],[25.0439,35.4053],[25.0431,35.397],[25.049,35.3923],[25.0419,35.3891],[25.037,35.3789],[25.0438,35.3494],[25.0479,35.3438],[25.0603,35.3404],[25.1009,35.3389],[25.0971,35.3324],[25.0977,35.318],[25.0693,35.3107],[25.0725,35.2937],[25.0571,35.2742],[25.0486,35.2696],[25.0522,35.2595],[25.0341,35.2631],[25.0187,35.2599],[25.0156,35.2427],[25.0201,35.2306],[25.0105,35.2313],[24.9993,35.2119],[24.9809,35.2107],[24.9616,35.1961],[24.9479,35.1948],[24.9453,35.1873],[24.9338,35.1984],[24.9028,35.2088],[24.9048,35.2265]]]}},{"type":"Feature","properties":{"code":"9305","name":"Ηρακλείου","pe":"Π.Ε. Ηρακλείου"},"geometry":{"type":"Polygon","coordinates":[[[25.1285,35.3415],[25.1409,35.3484],[25.1471,35.3505],[25.1545,35.3521],[25.1344,35.3434],[25.1467,35.3423],[25.1459,35.347],[25.1515,35.3423],[25.1539,35.3479],[25.1854,35.3454],[25.189,35.3405],[25.1926,35.3419],[25.1917,35.3346],[25.1993,35.3326],[25.2013,35.319],[25.204,35.2737],[25.1988,35.2699],[25.181,35.2755],[25.1746,35.2818],[25.1658,35.2809],[25.156,35.2566],[25.1391,35.2522],[25.1432,35.2428],[25.137,35.225],[25.1167,35.2232],[25.1432,35.1934],[25.1418,35.1828],[25.149,35.1728],[25.1417,35.1683],[25.1359,35.1703],[25.135,35.159],[25.1285,35.1492],[25.1101,35.1504],[25.091,35.1589],[25.0812,35.1553],[25.061,35.1677],[25.063,35.1732],[25.0408,35.1758],[25.0312,35.1634],[25.0217,35.1641],[25.0193,35.1695],[25.0123,35.1715],[24.9917,35.1673],[24.9557,35.1838],[24.9497,35.1783],[24.9453,35.1873],[24.9479,35.1948],[24.9616,35.1961],[24.9822,35.2111],[24.9993,35.2119],[25.0105,35.2313],[25.0201,35.2306],[25.0156,35.2427],[25.0187,35.2599],[25.0341,35.2631],[25.0522,35.2595],[25.0486,35.2696],[25.0571,35.2742],[25.0725,35.2937],[25.0693,35.3107],[25.0977,35.318],[25.0971,35.3324],[25.1009,35.3389],[25.1285,35.3415]]]}},{"type":"Feature","properties":{"code":"9309","name":"Χερσονήσου","pe":"Π.Ε. Ηρακλείου"},"geometry":{"type":"MultiPolygon","coordinates":[[[[25.3865,35.3385],[25.3893,35.3242],[25.3942,35.3235],[25.3927,35.3184],[25.4082,35.3076],[25.4209,35.3061],[25.4256,35.2955],[25.451,35.2923],[25.4907,35.2983],[25.492,35.2883],[25.5029,35.2869],[25.5013,35.2815],[25.5061,35.2724],[25.4971,35.264],[25.4939,35.2482],[25.5123,35.229],[25.4822,35.2267],[25.4738,35.2212],[25.4684,35.2109],[25.4535,35.2024],[25.4408,35.2019],[25.4242,35.2104],[25.4133,35.2052],[25.4067,35.2099],[25.4028,35.2282],[25.3942,35.2349],[25.3804,35.2302],[25.376,35.2364],[25.365,35.2358],[25.3596,35.2496],[25.362,35.2574],[25.333,35.2586],[25.3212,35.2679],[25.2991,35.2632],[25.2859,35.2397],[25.2768,35.2444],[25.2688,35.2391],[25.2303,35.2321],[25.2132,35.2594],[25.2026,35.2616],[25.1988,35.2699],[25.2053,35.2812],[25.2005,35.3325],[25.3865,35.3385]]],[[[25.2756,35.4357],[25.2765,35.4355],[25.2752,35.434],[25.2756,35.4357]]],[[[25.2418,35.4504],[25.2482,35.4518],[25.2478,35.4483],[25.2394,35.4459],[25.2401,35.4239],[25.233,35.4344],[25.2291,35.4354],[25.2271,35.4291],[25.2208,35.4337],[25.2224,35.4398],[25.2157,35.4405],[25.212,35.4327],[25.2052,35.4418],[25.2013,35.4357],[25.1931,35.4444],[25.1898,35.4395],[25.1837,35.4415],[25.1848,35.4484],[25.2111,35.4563],[25.2106,35.4643],[25.2221,35.4643],[25.2418,35.4504]]]]}},{"type":"Feature","properties":{"code":"9307","name":"Μινώα Πεδιάδας","pe":"Π.Ε. Ηρακλείου"},"geometry":{"type":"Polygon","coordinates":[[[25.4134,35.1935],[25.4187,35.1868],[25.399,35.1678],[25.408,35.1556],[25.414,35.1569],[25.4093,35.135],[25.4202,35.1306],[25.3902,35.129],[25.3814,35.1246],[25.3748,35.1148],[25.3546,35.1119],[25.3397,35.1025],[25.3375,35.0955],[25.3491,35.0913],[25.3517,35.0857],[25.3431,35.0785],[25.3412,35.0602],[25.3328,35.0582],[25.3383,35.0347],[25.3348,35.0179],[25.3288,35.0143],[25.3308,35.0015],[25.3294,34.9973],[25.3133,34.9927],[25.3093,34.9825],[25.2854,34.9846],[25.2744,35.0002],[25.2561,35.0157],[25.2277,35.0311],[25.2233,35.0432],[25.2432,35.0506],[25.2446,35.0556],[25.2392,35.061],[25.2212,35.0669],[25.2155,35.075],[25.2076,35.0639],[25.1972,35.066],[25.1956,35.0804],[25.2053,35.0817],[25.203,35.1079],[25.2011,35.1115],[25.1827,35.1091],[25.1736,35.1151],[25.1747,35.1594],[25.1838,35.1675],[25.2163,35.1586],[25.2313,35.1703],[25.2318,35.1751],[25.2364,35.1743],[25.2375,35.1859],[25.2259,35.2063],[25.2382,35.2116],[25.2259,35.2178],[25.2296,35.232],[25.2688,35.2391],[25.2768,35.2444],[25.2859,35.2397],[25.2991,35.2632],[25.323,35.2678],[25.333,35.2586],[25.362,35.2574],[25.3596,35.2496],[25.365,35.2358],[25.376,35.2364],[25.3804,35.2302],[25.3942,35.2349],[25.4028,35.2282],[25.4067,35.2099],[25.4133,35.2052],[25.4134,35.1935]]]}},{"type":"Feature","properties":{"code":"9303","name":"Βιάννου","pe":"Π.Ε. Ηρακλείου"},"geometry":{"type":"Polygon","coordinates":[[[25.4239,35.1273],[25.4193,35.1181],[25.4224,35.1143],[25.4346,35.1098],[25.4469,35.1108],[25.4641,35.092],[25.5025,35.0794],[25.5194,35.0652],[25.4948,35.0473],[25.4987,35.0404],[25.5269,35.0367],[25.53,35.0241],[25.5348,35.0264],[25.547,35.0193],[25.5506,34.9908],[25.5244,34.9912],[25.5027,34.9817],[25.4553,34.9908],[25.417,34.986],[25.3769,34.9982],[25.3292,34.9818],[25.3093,34.9825],[25.3133,34.9927],[25.3294,34.9973],[25.3308,35.0015],[25.3288,35.0143],[25.3348,35.0179],[25.3383,35.0347],[25.3328,35.0582],[25.3412,35.0602],[25.3431,35.0785],[25.3517,35.0857],[25.3491,35.0913],[25.3375,35.0955],[25.3397,35.1025],[25.3546,35.1119],[25.3748,35.1148],[25.3814,35.1246],[25.3902,35.129],[25.4202,35.1306],[25.4239,35.1273]]]}},{"type":"Feature","properties":{"code":"9302","name":"Αρχανών - Αστερουσίων","pe":"Π.Ε. Ηρακλείου"},"geometry":{"type":"Polygon","coordinates":[[[25.2802,34.984],[25.2719,34.9682],[25.2591,34.9664],[25.2475,34.9569],[25.2407,34.9595],[25.1923,34.9455],[25.1845,34.954],[25.1376,34.9533],[25.1178,34.947],[25.1041,34.9357],[25.0932,34.9659],[25.0988,34.976],[25.1095,34.9818],[25.1118,34.9898],[25.0898,35.0229],[25.1026,35.0275],[25.1154,35.0393],[25.1353,35.0431],[25.1491,35.0619],[25.145,35.0646],[25.1445,35.0766],[25.1316,35.0747],[25.1374,35.0816],[25.1298,35.0938],[25.0999,35.0949],[25.0999,35.1017],[25.0857,35.1045],[25.0871,35.1147],[25.0788,35.1204],[25.1061,35.1253],[25.0908,35.1352],[25.084,35.1544],[25.091,35.1589],[25.1101,35.1504],[25.1273,35.1485],[25.135,35.159],[25.1359,35.1703],[25.1417,35.1683],[25.149,35.1728],[25.1418,35.1828],[25.1432,35.1934],[25.1167,35.2232],[25.137,35.225],[25.1432,35.2428],[25.1391,35.2522],[25.156,35.2566],[25.1658,35.2809],[25.1746,35.2818],[25.181,35.2755],[25.1988,35.2699],[25.2026,35.2616],[25.2115,35.2614],[25.2304,35.233],[25.2259,35.2178],[25.2382,35.2116],[25.2261,35.2076],[25.237,35.1873],[25.237,35.1752],[25.2318,35.1751],[25.2218,35.1618],[25.2118,35.158],[25.1838,35.1675],[25.1747,35.1594],[25.1736,35.1151],[25.1827,35.1091],[25.2019,35.1113],[25.2053,35.0817],[25.1956,35.0804],[25.1972,35.066],[25.2076,35.0639],[25.2155,35.075],[25.2212,35.0669],[25.2392,35.061],[25.2448,35.0527],[25.2242,35.0447],[25.2271,35.0319],[25.2561,35.0157],[25.2744,35.0002],[25.2854,34.9846],[25.2802,34.984]]]}},{"type":"Feature","properties":{"code":"9011","name":"Θάσου","pe":"Π.Ε. Θάσου"},"geometry":{"type":"MultiPolygon","coordinates":[[[[24.6267,40.5582],[24.6183,40.5604],[24.6214,40.5627],[24.6267,40.5582]]],[[[24.7848,40.6251],[24.7849,40.6247],[24.7839,40.6242],[24.7848,40.6251]]],[[[24.7864,40.663],[24.7842,40.6567],[24.7795,40.6541],[24.7773,40.6563],[24.7864,40.663]]],[[[24.5252,40.6862],[24.525,40.6973],[24.5344,40.7151],[24.5574,40.7391],[24.5626,40.7626],[24.5845,40.7605],[24.5957,40.7757],[24.6118,40.7799],[24.6298,40.7939],[24.6409,40.7937],[24.6495,40.8013],[24.6684,40.7835],[24.6942,40.7766],[24.7132,40.7809],[24.7159,40.7856],[24.7309,40.7762],[24.7262,40.7696],[24.7317,40.7613],[24.7481,40.7541],[24.7518,40.7464],[24.7666,40.744],[24.7717,40.7475],[24.7734,40.7423],[24.7852,40.7358],[24.7811,40.7297],[24.7742,40.7342],[24.7634,40.7322],[24.7575,40.7185],[24.7603,40.708],[24.7821,40.7052],[24.7757,40.7012],[24.7829,40.6857],[24.7626,40.6747],[24.7699,40.6516],[24.7681,40.6438],[24.7762,40.6409],[24.7719,40.6293],[24.7831,40.6249],[24.7772,40.6199],[24.7748,40.6061],[24.7609,40.6179],[24.7394,40.5996],[24.7406,40.6047],[24.7292,40.6016],[24.7222,40.605],[24.7176,40.595],[24.6928,40.5982],[24.691,40.5917],[24.6674,40.5826],[24.6698,40.5758],[24.6498,40.5747],[24.645,40.5679],[24.6413,40.5688],[24.6435,40.5756],[24.6402,40.5826],[24.6283,40.5823],[24.6242,40.5868],[24.6207,40.5841],[24.6215,40.5913],[24.6164,40.5961],[24.6024,40.5942],[24.6087,40.6001],[24.6077,40.6072],[24.5887,40.6224],[24.5706,40.626],[24.5276,40.6211],[24.5242,40.6362],[24.5121,40.6374],[24.5152,40.6402],[24.511,40.6601],[24.5252,40.6862]]],[[[24.7846,40.6864],[24.7847,40.6866],[24.7849,40.6863],[24.7846,40.6864]]],[[[24.7836,40.7054],[24.7864,40.7062],[24.7867,40.7055],[24.7836,40.7054]]],[[[24.7161,40.8227],[24.6987,40.8305],[24.7068,40.8316],[24.7161,40.8227]]]]}},{"type":"Feature","properties":{"code":"9273","name":"Φολεγάνδρου","pe":"Π.Ε. Θήρας"},"geometry":{"type":"MultiPolygon","coordinates":[[[[24.9495,36.5926],[24.9491,36.5927],[24.9494,36.593],[24.9495,36.5926]]],[[[24.9497,36.5938],[24.9496,36.5942],[24.95,36.5943],[24.9497,36.5938]]],[[[24.9572,36.6099],[24.9592,36.6086],[24.9587,36.6081],[24.9572,36.6099]]],[[[24.9864,36.6108],[24.9858,36.6114],[24.986,36.6131],[24.9864,36.6108]]],[[[24.9907,36.6158],[24.9922,36.6151],[24.9921,36.6144],[24.9892,36.6132],[24.9907,36.6158]]],[[[24.9901,36.6166],[24.9907,36.6165],[24.9906,36.6162],[24.9901,36.6166]]],[[[24.9521,36.6209],[24.9484,36.6197],[24.9527,36.6155],[24.9476,36.6138],[24.9608,36.602],[24.9526,36.5981],[24.9496,36.5942],[24.9483,36.5927],[24.9161,36.5974],[24.8946,36.616],[24.8946,36.6312],[24.861,36.6317],[24.8372,36.6596],[24.8621,36.6667],[24.8744,36.6561],[24.9038,36.6416],[24.9074,36.6344],[24.9125,36.6365],[24.9193,36.6313],[24.9277,36.6367],[24.9521,36.6209]]]]}},{"type":"Feature","properties":{"code":"9272","name":"Σικίνου","pe":"Π.Ε. Θήρας"},"geometry":{"type":"MultiPolygon","coordinates":[[[[25.0115,36.623],[25.0064,36.6262],[25.019,36.6329],[25.0192,36.6379],[25.0302,36.6346],[25.0115,36.623]]],[[[25.0571,36.6339],[25.0575,36.6336],[25.0552,36.6309],[25.0517,36.6347],[25.0571,36.6339]]],[[[25.0486,36.6337],[25.0477,36.634],[25.0481,36.6343],[25.0486,36.6337]]],[[[25.1784,36.6995],[25.1562,36.6865],[25.1535,36.6756],[25.1433,36.6761],[25.1381,36.6672],[25.1309,36.6653],[25.1308,36.6599],[25.0955,36.6466],[25.0815,36.6361],[25.0595,36.6366],[25.0691,36.6543],[25.0847,36.6664],[25.0881,36.6818],[25.099,36.6959],[25.1261,36.7043],[25.1394,36.7154],[25.1781,36.7163],[25.1837,36.7128],[25.1758,36.7085],[25.1784,36.6995]]],[[[25.0859,36.6852],[25.0865,36.6842],[25.0856,36.6838],[25.0859,36.6852]]]]}},{"type":"Feature","properties":{"code":"9271","name":"Ιητών","pe":"Π.Ε. Θήρας"},"geometry":{"type":"MultiPolygon","coordinates":[[[[25.3264,36.6682],[25.326,36.6679],[25.3257,36.6683],[25.3264,36.6682]]],[[[25.3111,36.6829],[25.3108,36.6838],[25.3119,36.6837],[25.3111,36.6829]]],[[[25.3069,36.7929],[25.3336,36.7668],[25.3275,36.7548],[25.3463,36.7516],[25.3511,36.7448],[25.3601,36.7435],[25.3631,36.7474],[25.3646,36.7368],[25.3862,36.7311],[25.3888,36.725],[25.3965,36.7231],[25.3954,36.7194],[25.4004,36.7179],[25.4023,36.7114],[25.3876,36.7077],[25.3887,36.7024],[25.3806,36.6957],[25.3887,36.688],[25.3817,36.6832],[25.3942,36.6708],[25.3826,36.6707],[25.3836,36.6672],[25.392,36.6616],[25.3878,36.6608],[25.3857,36.6519],[25.3778,36.652],[25.3743,36.6577],[25.3685,36.6592],[25.3558,36.6427],[25.3481,36.6564],[25.34,36.6556],[25.3368,36.6705],[25.3284,36.6705],[25.3279,36.6784],[25.3218,36.6766],[25.3224,36.6819],[25.3147,36.6833],[25.3149,36.688],[25.3056,36.69],[25.2941,36.7019],[25.2904,36.7066],[25.2962,36.7102],[25.2939,36.7148],[25.2663,36.7122],[25.2699,36.7152],[25.2681,36.7196],[25.2747,36.7223],[25.2705,36.7274],[25.2612,36.7203],[25.2604,36.7144],[25.2564,36.7182],[25.259,36.7246],[25.247,36.7218],[25.2571,36.7264],[25.2544,36.7289],[25.2593,36.7347],[25.2588,36.7428],[25.2648,36.7466],[25.2597,36.7492],[25.2635,36.757],[25.2579,36.7576],[25.2607,36.7624],[25.2591,36.7687],[25.2661,36.7729],[25.2678,36.7793],[25.2707,36.7781],[25.2721,36.7865],[25.275,36.7886],[25.2756,36.7855],[25.3069,36.7929]]],[[[25.2459,36.7197],[25.2455,36.7195],[25.2459,36.7205],[25.2459,36.7197]]],[[[25.2532,36.7218],[25.2538,36.7221],[25.2541,36.7218],[25.2532,36.7218]]],[[[25.2569,36.7465],[25.257,36.7461],[25.2565,36.7461],[25.2569,36.7465]]],[[[25.2584,36.7611],[25.2585,36.7614],[25.2593,36.7614],[25.2584,36.7611]]],[[[25.285,36.7897],[25.2854,36.7893],[25.2847,36.7892],[25.285,36.7897]]],[[[25.3106,36.7984],[25.3105,36.7973],[25.31,36.7973],[25.3106,36.7984]]],[[[25.387,36.6472],[25.3869,36.6492],[25.3882,36.6495],[25.387,36.6472]]],[[[25.3875,36.6507],[25.3882,36.6506],[25.3873,36.6498],[25.3875,36.6507]]],[[[25.3846,36.6511],[25.3852,36.6513],[25.3852,36.651],[25.3846,36.6511]]],[[[25.3429,36.6538],[25.3426,36.6541],[25.343,36.6541],[25.3429,36.6538]]],[[[25.3716,36.6565],[25.3709,36.6566],[25.3713,36.657],[25.3716,36.6565]]],[[[25.3732,36.6569],[25.3725,36.657],[25.3731,36.6572],[25.3732,36.6569]]],[[[25.3852,36.6688],[25.3845,36.6688],[25.3848,36.6692],[25.3852,36.6688]]],[[[25.3657,36.7477],[25.3635,36.7475],[25.3626,36.7502],[25.3657,36.7477]]]]}},{"type":"Feature","properties":{"code":"9269","name":"Ανάφης","pe":"Π.Ε. Θήρας"},"geometry":{"type":"MultiPolygon","coordinates":[[[[25.8882,36.2668],[25.888,36.2666],[25.8877,36.2669],[25.8882,36.2668]]],[[[25.8786,36.2724],[25.8972,36.2751],[25.8879,36.2676],[25.882,36.267],[25.8786,36.2724]]],[[[25.8213,36.2726],[25.8229,36.2767],[25.8385,36.2751],[25.8395,36.2707],[25.8271,36.2669],[25.8213,36.2726]]],[[[25.8021,36.312],[25.8018,36.3097],[25.7981,36.3105],[25.8021,36.312]]],[[[25.7957,36.3103],[25.7941,36.3117],[25.7959,36.3119],[25.7957,36.3103]]],[[[25.735,36.3772],[25.747,36.3815],[25.7501,36.3899],[25.7657,36.3994],[25.7672,36.4045],[25.771,36.3986],[25.7785,36.3974],[25.7815,36.3903],[25.7937,36.3891],[25.802,36.3807],[25.8255,36.3715],[25.8313,36.3591],[25.8474,36.3553],[25.8575,36.3576],[25.8584,36.3535],[25.8444,36.3449],[25.8293,36.3472],[25.8227,36.3541],[25.7902,36.3444],[25.7697,36.3433],[25.7386,36.3522],[25.7283,36.3636],[25.735,36.3772]]],[[[25.7652,36.404],[25.7653,36.4036],[25.764,36.4033],[25.7652,36.404]]],[[[25.6952,36.6223],[25.6954,36.6219],[25.6943,36.6218],[25.6952,36.6223]]],[[[25.6875,36.6288],[25.6934,36.6227],[25.6859,36.6225],[25.6843,36.6187],[25.6719,36.6294],[25.6875,36.6288]]],[[[25.6716,36.6304],[25.672,36.6311],[25.6723,36.631],[25.6716,36.6304]]]]}},{"type":"Feature","properties":{"code":"9270","name":"Θήρας","pe":"Π.Ε. Θήρας"},"geometry":{"type":"MultiPolygon","coordinates":[[[[25.2285,36.2204],[25.2281,36.2204],[25.2285,36.2207],[25.2285,36.2204]]],[[[25.2277,36.2214],[25.2281,36.2213],[25.2278,36.2212],[25.2277,36.2214]]],[[[25.2085,36.2366],[25.2159,36.2358],[25.2145,36.232],[25.2085,36.2366]]],[[[25.211,36.2488],[25.2113,36.2487],[25.2113,36.2484],[25.211,36.2488]]],[[[25.1957,36.2455],[25.2039,36.2593],[25.2108,36.2482],[25.2093,36.2444],[25.1957,36.2455]]],[[[25.3496,36.3849],[25.3517,36.3841],[25.3471,36.3817],[25.3496,36.3849]]],[[[25.3852,36.3925],[25.3722,36.3989],[25.3802,36.4012],[25.3852,36.3925]]],[[[25.4095,36.4103],[25.4097,36.403],[25.4062,36.4029],[25.4052,36.3963],[25.3928,36.394],[25.3868,36.3983],[25.386,36.4054],[25.3907,36.4154],[25.4095,36.4103]]],[[[25.4282,36.461],[25.4528,36.4404],[25.4605,36.4274],[25.4871,36.4091],[25.4866,36.3793],[25.4808,36.3693],[25.4863,36.3605],[25.4431,36.3319],[25.4198,36.3466],[25.3855,36.3463],[25.3739,36.3554],[25.3617,36.3527],[25.3536,36.3577],[25.3662,36.3663],[25.4131,36.3617],[25.4229,36.372],[25.4219,36.3766],[25.4345,36.3922],[25.4259,36.4027],[25.4293,36.4115],[25.4251,36.4254],[25.4138,36.4294],[25.4234,36.4462],[25.4119,36.4599],[25.3728,36.4576],[25.368,36.4652],[25.3721,36.4742],[25.3866,36.4816],[25.4227,36.4725],[25.4282,36.461]]],[[[25.3592,36.439],[25.3512,36.4381],[25.347,36.4326],[25.3514,36.4274],[25.3532,36.4081],[25.3351,36.419],[25.3253,36.4187],[25.3248,36.4314],[25.3373,36.4569],[25.3444,36.4588],[25.3437,36.4521],[25.3557,36.4469],[25.3592,36.439]]]]}},{"type":"Feature","properties":{"code":"9077","name":"Ηγουμενίτσας","pe":"Π.Ε. Θεσπρωτίας"},"geometry":{"type":"MultiPolygon","coordinates":[[[[20.2719,39.3844],[20.271,39.3863],[20.2715,39.3863],[20.2719,39.3844]]],[[[20.2357,39.3964],[20.2344,39.3948],[20.2343,39.3958],[20.2357,39.3964]]],[[[20.232,39.3957],[20.2294,39.4004],[20.2371,39.3997],[20.232,39.3957]]],[[[20.224,39.4001],[20.2182,39.3991],[20.2069,39.4081],[20.2212,39.4049],[20.224,39.4001]]],[[[20.2288,39.403],[20.2246,39.4016],[20.2201,39.4104],[20.2292,39.4094],[20.2288,39.403]]],[[[20.551,39.2938],[20.5468,39.2914],[20.5315,39.2961],[20.5236,39.3043],[20.5108,39.2874],[20.483,39.2799],[20.4778,39.2748],[20.4661,39.2795],[20.4643,39.2731],[20.4465,39.2975],[20.4518,39.3025],[20.4447,39.3111],[20.4191,39.311],[20.4056,39.3187],[20.3942,39.3315],[20.3922,39.3409],[20.3766,39.3545],[20.3658,39.3572],[20.3322,39.3458],[20.3072,39.3208],[20.2976,39.3174],[20.2851,39.3329],[20.2883,39.3354],[20.2832,39.3442],[20.2863,39.3492],[20.2816,39.3493],[20.2879,39.3575],[20.275,39.3656],[20.2812,39.3791],[20.2634,39.3962],[20.2506,39.4],[20.2466,39.3952],[20.2453,39.4002],[20.2299,39.402],[20.2389,39.409],[20.2304,39.4133],[20.2265,39.43],[20.2124,39.4459],[20.2279,39.4426],[20.2334,39.4462],[20.2746,39.4456],[20.2747,39.4544],[20.2582,39.4598],[20.2407,39.4725],[20.2351,39.4704],[20.227,39.4826],[20.2122,39.4914],[20.2272,39.4959],[20.2572,39.4832],[20.2646,39.4984],[20.2626,39.5101],[20.2338,39.52],[20.2239,39.5152],[20.2253,39.5169],[20.221,39.5149],[20.2195,39.5187],[20.2158,39.5201],[20.219,39.5165],[20.2077,39.5168],[20.2166,39.5145],[20.2211,39.5114],[20.2232,39.5051],[20.217,39.5134],[20.2024,39.5175],[20.1855,39.5192],[20.1734,39.5134],[20.1705,39.5184],[20.1562,39.5227],[20.1684,39.5232],[20.1761,39.5183],[20.1788,39.5255],[20.1824,39.5205],[20.2013,39.5198],[20.168,39.5365],[20.1448,39.5283],[20.1624,39.5332],[20.1579,39.5285],[20.1422,39.527],[20.1504,39.5331],[20.1698,39.5408],[20.1862,39.5446],[20.1909,39.5404],[20.1987,39.5433],[20.1989,39.5503],[20.2101,39.5493],[20.2145,39.5527],[20.2121,39.5558],[20.2072,39.5531],[20.2092,39.5595],[20.2158,39.5574],[20.2216,39.5608],[20.2114,39.5627],[20.2148,39.5658],[20.2095,39.5738],[20.2455,39.566],[20.2703,39.5698],[20.2818,39.5608],[20.2953,39.56],[20.2984,39.553],[20.3038,39.5595],[20.3099,39.5568],[20.3158,39.5632],[20.3281,39.5641],[20.3268,39.5714],[20.3443,39.576],[20.372,39.5664],[20.368,39.5576],[20.3581,39.556],[20.3956,39.5445],[20.398,39.5392],[20.3779,39.5391],[20.3723,39.5224],[20.3955,39.5151],[20.4115,39.5226],[20.4218,39.499],[20.4169,39.4878],[20.4005,39.4773],[20.3867,39.477],[20.3665,39.4845],[20.3615,39.4787],[20.3681,39.468],[20.3566,39.4639],[20.3849,39.4479],[20.3704,39.4466],[20.3827,39.4336],[20.4046,39.4337],[20.4186,39.4274],[20.4182,39.4193],[20.4102,39.412],[20.433,39.3957],[20.4405,39.3807],[20.4559,39.379],[20.4547,39.3723],[20.4639,39.3663],[20.4638,39.3572],[20.4819,39.3506],[20.5196,39.3478],[20.5319,39.3423],[20.5409,39.3146],[20.5494,39.311],[20.5445,39.3063],[20.551,39.2938]]],[[[20.2112,39.4483],[20.2117,39.4464],[20.2073,39.4485],[20.2054,39.4505],[20.2112,39.4483]]],[[[20.2113,39.4937],[20.2111,39.4946],[20.2126,39.4946],[20.2113,39.4937]]],[[[20.153,39.5097],[20.1538,39.5105],[20.1592,39.5087],[20.153,39.5097]]]]}},{"type":"Feature","properties":{"code":"9079","name":"Φιλιατών","pe":"Π.Ε. Θεσπρωτίας"},"geometry":{"type":"MultiPolygon","coordinates":[[[[20.1463,39.5621],[20.1474,39.5632],[20.1493,39.5619],[20.1463,39.5621]]],[[[20.1477,39.5654],[20.1483,39.5658],[20.148,39.5637],[20.1477,39.5654]]],[[[20.1616,39.5857],[20.157,39.5835],[20.1583,39.5851],[20.1616,39.5857]]],[[[20.1581,39.5853],[20.156,39.5842],[20.1565,39.5849],[20.1581,39.5853]]],[[[20.1612,39.5833],[20.1615,39.585],[20.1649,39.5863],[20.1612,39.5833]]],[[[20.1554,39.5845],[20.1539,39.5843],[20.1549,39.5853],[20.1554,39.5845]]],[[[20.1601,39.5885],[20.162,39.5881],[20.1569,39.5876],[20.1601,39.5885]]],[[[20.1833,39.6141],[20.1814,39.6133],[20.1824,39.6149],[20.1833,39.6141]]],[[[20.1508,39.548],[20.1533,39.5563],[20.1503,39.5562],[20.15,39.5604],[20.1554,39.5575],[20.154,39.5542],[20.1623,39.5529],[20.1574,39.5586],[20.1639,39.5579],[20.1751,39.5815],[20.1725,39.5849],[20.1636,39.5839],[20.1665,39.5877],[20.1545,39.5909],[20.1679,39.5893],[20.1659,39.5935],[20.1828,39.6014],[20.1808,39.6101],[20.1872,39.6103],[20.1849,39.6252],[20.1815,39.6236],[20.1622,39.6382],[20.1391,39.6378],[20.1402,39.6423],[20.1139,39.6594],[20.1047,39.659],[20.1016,39.6505],[20.0875,39.6627],[20.0982,39.6621],[20.0982,39.6571],[20.1017,39.6623],[20.0651,39.6735],[20.0604,39.6829],[20.0447,39.684],[20.0416,39.6801],[20.0237,39.6772],[20.0108,39.6887],[20.0181,39.6886],[20.0202,39.6844],[20.0193,39.6911],[20.0092,39.6917],[20.032,39.7006],[20.0385,39.6909],[20.0468,39.694],[20.0667,39.6887],[20.0776,39.6801],[20.0882,39.6824],[20.0983,39.6704],[20.1248,39.6568],[20.1512,39.6553],[20.1941,39.6445],[20.2258,39.6477],[20.2279,39.6516],[20.2182,39.6648],[20.231,39.6775],[20.2314,39.6845],[20.2502,39.6807],[20.265,39.6715],[20.2675,39.6951],[20.2789,39.7009],[20.2843,39.7113],[20.3,39.7136],[20.3122,39.7258],[20.3226,39.7288],[20.3216,39.7352],[20.307,39.7439],[20.3056,39.7515],[20.2929,39.7635],[20.3077,39.7818],[20.2901,39.8051],[20.3046,39.8168],[20.3165,39.8099],[20.3485,39.8043],[20.3738,39.7861],[20.4024,39.7895],[20.4098,39.7837],[20.4248,39.7833],[20.44,39.7645],[20.4588,39.7674],[20.4869,39.7632],[20.4917,39.758],[20.4781,39.7274],[20.4803,39.7235],[20.5025,39.7198],[20.4994,39.7062],[20.5086,39.6897],[20.5247,39.6726],[20.5313,39.6711],[20.5294,39.6652],[20.5208,39.6612],[20.5294,39.654],[20.5123,39.6465],[20.5097,39.6548],[20.5054,39.6507],[20.4987,39.6538],[20.4968,39.6483],[20.479,39.6397],[20.4861,39.6345],[20.4855,39.627],[20.4756,39.6217],[20.4779,39.6195],[20.4607,39.602],[20.4594,39.587],[20.4541,39.5806],[20.4586,39.5759],[20.4526,39.573],[20.4584,39.5519],[20.446,39.539],[20.4462,39.534],[20.4279,39.5299],[20.4258,39.5198],[20.4144,39.5235],[20.3955,39.5151],[20.3728,39.522],[20.3715,39.5273],[20.3779,39.5391],[20.398,39.5392],[20.3956,39.5445],[20.3581,39.556],[20.368,39.5576],[20.372,39.5664],[20.3443,39.576],[20.3268,39.5714],[20.3281,39.5641],[20.3158,39.5632],[20.3099,39.5568],[20.3038,39.5595],[20.2984,39.553],[20.2953,39.56],[20.2818,39.5608],[20.2703,39.5698],[20.2455,39.566],[20.2095,39.5738],[20.2148,39.5658],[20.2114,39.5627],[20.2216,39.5608],[20.2158,39.5574],[20.2092,39.5595],[20.2072,39.5531],[20.2121,39.5558],[20.2145,39.5527],[20.2101,39.5493],[20.1989,39.5503],[20.1976,39.5427],[20.1909,39.5404],[20.1799,39.5438],[20.1422,39.527],[20.1362,39.528],[20.1508,39.548]]]]}},{"type":"Feature","properties":{"code":"9078","name":"Σουλίου","pe":"Π.Ε. Θεσπρωτίας"},"geometry":{"type":"Polygon","coordinates":[[[20.4975,39.6392],[20.5065,39.6272],[20.5085,39.6074],[20.5054,39.6002],[20.5106,39.5883],[20.5089,39.5762],[20.4989,39.5683],[20.4979,39.5624],[20.5287,39.5616],[20.5392,39.555],[20.5389,39.5432],[20.5498,39.5385],[20.5727,39.5395],[20.5869,39.5329],[20.5956,39.5339],[20.6153,39.5471],[20.6224,39.5429],[20.615,39.4949],[20.6252,39.4716],[20.641,39.464],[20.6334,39.4514],[20.6408,39.4423],[20.6433,39.4311],[20.6511,39.424],[20.6457,39.4144],[20.6529,39.4065],[20.6545,39.3966],[20.6633,39.389],[20.66,39.3716],[20.666,39.3643],[20.6636,39.3576],[20.6688,39.3534],[20.669,39.3391],[20.6763,39.3373],[20.6822,39.3271],[20.6789,39.315],[20.6829,39.3037],[20.6805,39.2883],[20.6637,39.3025],[20.6389,39.3341],[20.6273,39.3269],[20.6099,39.3276],[20.5944,39.3087],[20.5803,39.3026],[20.5651,39.3139],[20.5552,39.3151],[20.5494,39.311],[20.5413,39.314],[20.5319,39.3423],[20.5196,39.3478],[20.4819,39.3506],[20.4638,39.3572],[20.4639,39.3663],[20.4547,39.3723],[20.4559,39.379],[20.4405,39.3807],[20.433,39.3957],[20.4102,39.412],[20.4182,39.4193],[20.4186,39.4274],[20.4046,39.4337],[20.3827,39.4336],[20.3704,39.4466],[20.3849,39.4479],[20.3558,39.4652],[20.3681,39.468],[20.3615,39.4787],[20.3665,39.4845],[20.3959,39.4766],[20.4184,39.4896],[20.4218,39.499],[20.4115,39.5226],[20.4258,39.5198],[20.4287,39.5307],[20.4482,39.536],[20.446,39.539],[20.459,39.554],[20.4548,39.5574],[20.4526,39.573],[20.4586,39.5759],[20.454,39.5795],[20.4594,39.587],[20.4604,39.6014],[20.4779,39.6195],[20.4756,39.6217],[20.4855,39.627],[20.4861,39.6345],[20.479,39.6397],[20.4968,39.6483],[20.4987,39.6538],[20.5096,39.6523],[20.4975,39.6392]]]}},{"type":"Feature","properties":{"code":"9028","name":"Δέλτα","pe":"Π.Ε. Θεσσαλονίκης"},"geometry":{"type":"MultiPolygon","coordinates":[[[[22.7254,40.5127],[22.7257,40.5122],[22.7253,40.5121],[22.7254,40.5127]]],[[[22.7211,40.5174],[22.7212,40.5181],[22.7217,40.5179],[22.7211,40.5174]]],[[[22.7465,40.52],[22.7472,40.5195],[22.7469,40.5192],[22.7465,40.52]]],[[[22.6849,40.523],[22.684,40.5234],[22.6843,40.5238],[22.6849,40.523]]],[[[22.6847,40.5259],[22.6857,40.5252],[22.6849,40.5246],[22.6847,40.5259]]],[[[22.6915,40.5289],[22.6903,40.5281],[22.6901,40.5283],[22.6915,40.5289]]],[[[22.6933,40.5288],[22.6932,40.5286],[22.6928,40.5285],[22.6933,40.5288]]],[[[22.7416,40.5386],[22.7459,40.5384],[22.7447,40.5363],[22.7416,40.5386]]],[[[22.7435,40.5454],[22.7431,40.551],[22.7477,40.5454],[22.7435,40.5454]]],[[[22.7507,40.5112],[22.7443,40.5122],[22.7455,40.5129],[22.7545,40.5119],[22.7507,40.5112]]],[[[22.7539,40.5192],[22.7535,40.5147],[22.7526,40.5154],[22.7528,40.5174],[22.7525,40.5185],[22.7514,40.5198],[22.743,40.5269],[22.7539,40.5192]]],[[[22.7479,40.5374],[22.7438,40.545],[22.7543,40.5373],[22.7479,40.5374]]],[[[22.7691,40.5568],[22.7578,40.5486],[22.7601,40.552],[22.7691,40.5568]]],[[[22.7862,40.5633],[22.7848,40.566],[22.7919,40.5627],[22.7862,40.5633]]],[[[22.7669,40.5658],[22.7727,40.5678],[22.7778,40.5631],[22.7669,40.5658]]],[[[22.8326,40.5774],[22.8315,40.5786],[22.8319,40.5788],[22.8326,40.5774]]],[[[22.8579,40.635],[22.8491,40.629],[22.8653,40.6262],[22.8601,40.6231],[22.8692,40.6206],[22.8595,40.6206],[22.8593,40.6161],[22.8526,40.6152],[22.8579,40.6157],[22.8612,40.6143],[22.8529,40.6146],[22.8595,40.6141],[22.8561,40.5922],[22.8369,40.5798],[22.8289,40.5793],[22.7941,40.5636],[22.7769,40.5693],[22.7417,40.5594],[22.7434,40.5402],[22.7294,40.5352],[22.7425,40.5344],[22.7378,40.5311],[22.7509,40.5195],[22.7522,40.5146],[22.7453,40.5231],[22.7465,40.5205],[22.7363,40.5238],[22.7408,40.515],[22.735,40.506],[22.7209,40.5199],[22.7198,40.5176],[22.7248,40.5122],[22.7234,40.5101],[22.7277,40.5087],[22.72,40.5009],[22.7069,40.5064],[22.7074,40.5163],[22.7038,40.5153],[22.7035,40.5209],[22.6899,40.5197],[22.6885,40.5244],[22.6973,40.5295],[22.6889,40.5295],[22.6825,40.5278],[22.6693,40.5503],[22.6369,40.565],[22.6221,40.6112],[22.6105,40.6188],[22.6228,40.6224],[22.6385,40.646],[22.6175,40.6621],[22.6402,40.6723],[22.6455,40.6812],[22.6803,40.682],[22.6849,40.6903],[22.6955,40.6956],[22.7039,40.6939],[22.7117,40.6805],[22.7261,40.6737],[22.7454,40.6751],[22.749,40.6711],[22.7617,40.6708],[22.7653,40.7016],[22.7867,40.6991],[22.8156,40.6819],[22.8251,40.6919],[22.8063,40.7046],[22.8044,40.7208],[22.8168,40.7292],[22.8308,40.7277],[22.8246,40.7171],[22.8288,40.7044],[22.8367,40.705],[22.8382,40.699],[22.8473,40.6974],[22.8526,40.6902],[22.863,40.6974],[22.8619,40.7058],[22.8654,40.709],[22.8901,40.6978],[22.8875,40.6787],[22.8797,40.674],[22.8672,40.6796],[22.8572,40.6659],[22.8573,40.6627],[22.8713,40.6596],[22.8809,40.6382],[22.8579,40.635]]]]}},{"type":"Feature","properties":{"code":"9038","name":"Χαλκηδόνος","pe":"Π.Ε. Θεσσαλονίκης"},"geometry":{"type":"Polygon","coordinates":[[[22.6019,40.6239],[22.5933,40.6384],[22.5676,40.6542],[22.5494,40.6735],[22.5008,40.6775],[22.4908,40.6898],[22.4915,40.711],[22.5121,40.7199],[22.5134,40.7291],[22.538,40.7324],[22.562,40.7253],[22.5703,40.7403],[22.5636,40.7493],[22.5526,40.7524],[22.534,40.79],[22.5211,40.7915],[22.5049,40.802],[22.4952,40.7975],[22.4959,40.8092],[22.5014,40.817],[22.51,40.8164],[22.5152,40.8046],[22.5413,40.8006],[22.5499,40.8057],[22.5444,40.8097],[22.5483,40.8114],[22.5589,40.8028],[22.5665,40.8076],[22.5374,40.8398],[22.5414,40.844],[22.5507,40.8406],[22.5507,40.8353],[22.5638,40.8298],[22.5768,40.8122],[22.5884,40.8061],[22.6035,40.806],[22.6144,40.8166],[22.6441,40.8143],[22.6438,40.8325],[22.6349,40.8581],[22.6375,40.8604],[22.687,40.859],[22.6901,40.8533],[22.6836,40.8318],[22.6927,40.818],[22.6953,40.7977],[22.7006,40.7945],[22.7187,40.7955],[22.739,40.7903],[22.7415,40.803],[22.7635,40.8023],[22.7609,40.8164],[22.7656,40.8222],[22.8034,40.8229],[22.8183,40.8028],[22.8115,40.7909],[22.8148,40.7836],[22.8097,40.7808],[22.8142,40.7681],[22.8033,40.7626],[22.7889,40.7628],[22.8154,40.7279],[22.8045,40.7218],[22.8063,40.7046],[22.7871,40.6991],[22.7653,40.7016],[22.7617,40.6708],[22.749,40.6711],[22.7454,40.6751],[22.7261,40.6737],[22.7117,40.6805],[22.7039,40.6939],[22.6955,40.6956],[22.6849,40.6903],[22.6803,40.682],[22.6455,40.6812],[22.6402,40.6723],[22.6175,40.6621],[22.6385,40.646],[22.6228,40.6224],[22.6105,40.6188],[22.6019,40.6239]]]}},{"type":"Feature","properties":{"code":"9039","name":"Ωραιοκάστρου","pe":"Π.Ε. Θεσσαλονίκης"},"geometry":{"type":"Polygon","coordinates":[[[22.8209,40.8224],[22.8542,40.8083],[22.8642,40.8164],[22.8623,40.8227],[22.8895,40.8204],[22.897,40.8232],[22.9377,40.8132],[22.9332,40.8238],[23.0033,40.8226],[23.0052,40.8063],[23.0123,40.7966],[23.0081,40.7918],[23.0289,40.7817],[23.0181,40.7569],[23.0186,40.7412],[22.9801,40.7253],[22.9631,40.7079],[22.9408,40.7142],[22.9394,40.7005],[22.9298,40.7022],[22.9348,40.6915],[22.9024,40.6915],[22.8668,40.7093],[22.8619,40.7058],[22.863,40.6974],[22.8526,40.6902],[22.8473,40.6974],[22.8382,40.699],[22.8367,40.705],[22.8288,40.7044],[22.8246,40.7171],[22.8308,40.7277],[22.8151,40.7287],[22.7889,40.7628],[22.8033,40.7626],[22.8142,40.7681],[22.8097,40.7808],[22.8148,40.7836],[22.8115,40.7909],[22.8183,40.8028],[22.8034,40.8229],[22.8209,40.8224]]]}},{"type":"Feature","properties":{"code":"9034","name":"Λαγκαδά","pe":"Π.Ε. Θεσσαλονίκης"},"geometry":{"type":"Polygon","coordinates":[[[22.9569,40.8389],[22.9559,40.8525],[22.9661,40.8527],[22.9809,40.8703],[23.0017,40.8707],[23.0128,40.8773],[23.0111,40.8858],[23.016,40.8913],[23.0159,40.9016],[23.0114,40.9043],[23.0169,40.9101],[23.0109,40.9196],[23.013,40.9302],[23.0082,40.9383],[23.0831,40.955],[23.0873,40.9598],[23.0865,40.9686],[23.0913,40.9695],[23.1021,40.9537],[23.1124,40.9475],[23.1243,40.9464],[23.1289,40.9551],[23.1608,40.9562],[23.1726,40.965],[23.1834,40.9843],[23.221,40.9924],[23.2404,41.006],[23.2536,40.9988],[23.2611,40.9695],[23.2779,40.9492],[23.2762,40.9445],[23.2974,40.9524],[23.3082,40.9465],[23.3125,40.9497],[23.314,40.9464],[23.322,40.9468],[23.3249,40.9382],[23.3334,40.9434],[23.3305,40.9364],[23.3357,40.9302],[23.3346,40.9203],[23.3569,40.9119],[23.3614,40.8724],[23.3681,40.8575],[23.3897,40.8519],[23.4031,40.8584],[23.4229,40.8569],[23.4358,40.863],[23.446,40.8612],[23.4388,40.8496],[23.4442,40.8398],[23.439,40.8302],[23.4439,40.8285],[23.4386,40.8189],[23.4314,40.8155],[23.4335,40.8056],[23.4568,40.7937],[23.4341,40.7648],[23.4275,40.7693],[23.4205,40.7665],[23.422,40.7537],[23.4275,40.7474],[23.4258,40.7314],[23.4422,40.7313],[23.4144,40.7233],[23.4094,40.7179],[23.3987,40.6984],[23.4059,40.6802],[23.3819,40.6899],[23.3885,40.706],[23.3874,40.7156],[23.3768,40.7157],[23.3595,40.7292],[23.3206,40.7216],[23.2998,40.7295],[23.2966,40.7491],[23.3241,40.7651],[23.301,40.7701],[23.283,40.7668],[23.2827,40.7544],[23.2881,40.7416],[23.274,40.7252],[23.2456,40.7429],[23.2355,40.7427],[23.2264,40.7384],[23.2241,40.7214],[23.214,40.7168],[23.2095,40.7188],[23.1943,40.7075],[23.1881,40.7101],[23.185,40.6819],[23.2085,40.679],[23.2057,40.6692],[23.2495,40.6529],[23.2581,40.6363],[23.2555,40.6333],[23.2672,40.6184],[23.2864,40.6247],[23.2968,40.6098],[23.309,40.6025],[23.3455,40.6125],[23.3654,40.6102],[23.3813,40.6149],[23.3928,40.612],[23.4003,40.6027],[23.3903,40.5982],[23.409,40.587],[23.4049,40.5848],[23.4081,40.5747],[23.4027,40.5656],[23.4059,40.5547],[23.3909,40.5414],[23.3953,40.537],[23.3858,40.5339],[23.375,40.5391],[23.3602,40.5281],[23.3598,40.5407],[23.3513,40.5437],[23.3356,40.5381],[23.3161,40.5392],[23.3089,40.5356],[23.3135,40.532],[23.3106,40.5226],[23.3157,40.518],[23.3102,40.5134],[23.3103,40.5076],[23.3162,40.4986],[23.3052,40.4871],[23.2807,40.4877],[23.2589,40.4973],[23.249,40.5039],[23.2442,40.5168],[23.2518,40.5338],[23.2335,40.555],[23.2361,40.5634],[23.1986,40.5765],[23.1934,40.5692],[23.1752,40.5689],[23.1469,40.5827],[23.1398,40.5903],[23.1426,40.5951],[23.1344,40.6003],[23.1583,40.6132],[23.1648,40.624],[23.1615,40.6361],[23.1083,40.6482],[23.102,40.6417],[23.0597,40.6646],[23.0296,40.654],[23.0229,40.6648],[23.0259,40.6696],[23.0213,40.6896],[23.0241,40.6964],[23.0012,40.6999],[22.9934,40.7074],[22.9701,40.7132],[22.9801,40.7253],[23.0186,40.7412],[23.0181,40.7569],[23.029,40.7811],[23.0081,40.7918],[23.0123,40.7966],[23.0052,40.8063],[23.0033,40.8226],[22.9656,40.8231],[22.9569,40.8389]]]}},{"type":"Feature","properties":{"code":"9027","name":"Βόλβης","pe":"Π.Ε. Θεσσαλονίκης"},"geometry":{"type":"Polygon","coordinates":[[[23.4759,40.8329],[23.4827,40.8424],[23.5106,40.8415],[23.5298,40.832],[23.5354,40.8209],[23.5318,40.8165],[23.5343,40.8115],[23.5475,40.8081],[23.5623,40.7918],[23.5777,40.7925],[23.5832,40.7865],[23.6253,40.7881],[23.6665,40.7732],[23.6734,40.7813],[23.6857,40.7792],[23.6903,40.7842],[23.7492,40.7768],[23.7651,40.7579],[23.7431,40.7582],[23.7323,40.7497],[23.7012,40.7033],[23.6938,40.6741],[23.6976,40.6662],[23.7426,40.656],[23.7569,40.6346],[23.7424,40.6265],[23.7107,40.6367],[23.6861,40.6284],[23.6697,40.6423],[23.6568,40.6309],[23.6475,40.6299],[23.6422,40.6053],[23.6229,40.6055],[23.6082,40.5983],[23.5429,40.6056],[23.5459,40.5988],[23.5429,40.59],[23.5075,40.5682],[23.4968,40.5715],[23.4879,40.5849],[23.4716,40.5822],[23.409,40.587],[23.3903,40.5982],[23.4003,40.6027],[23.3972,40.608],[23.3813,40.6149],[23.3654,40.6102],[23.3442,40.6123],[23.309,40.6025],[23.2968,40.6098],[23.2864,40.6247],[23.2672,40.6184],[23.2555,40.6333],[23.2581,40.6363],[23.2495,40.6529],[23.2057,40.6692],[23.2085,40.679],[23.185,40.6819],[23.1881,40.7101],[23.1943,40.7075],[23.2095,40.7188],[23.214,40.7168],[23.2241,40.7214],[23.2264,40.7384],[23.2355,40.7427],[23.2456,40.7429],[23.274,40.7252],[23.2881,40.7416],[23.2827,40.7544],[23.283,40.7668],[23.301,40.7701],[23.3241,40.7651],[23.2966,40.7491],[23.2998,40.7295],[23.3206,40.7216],[23.3595,40.7292],[23.3768,40.7157],[23.3874,40.7156],[23.3885,40.706],[23.3819,40.6899],[23.4059,40.6802],[23.3987,40.6984],[23.4094,40.7179],[23.4144,40.7233],[23.4422,40.7313],[23.4265,40.7303],[23.4275,40.7474],[23.42,40.7634],[23.4259,40.7694],[23.4341,40.7648],[23.4568,40.7937],[23.4329,40.8065],[23.4314,40.8155],[23.4386,40.8189],[23.4439,40.8285],[23.4759,40.8329]]]}},{"type":"Feature","properties":{"code":"9030","name":"Θέρμης","pe":"Π.Ε. Θεσσαλονίκης"},"geometry":{"type":"Polygon","coordinates":[[[23.1975,40.4966],[23.1752,40.4891],[23.1818,40.48],[23.1776,40.4743],[23.1592,40.481],[23.1571,40.4509],[23.1614,40.4349],[23.1768,40.4228],[23.1588,40.4183],[23.1507,40.4018],[23.1237,40.3778],[23.1213,40.3669],[23.1098,40.3762],[23.1068,40.3877],[23.0858,40.3857],[23.0895,40.3943],[23.07,40.4231],[23.0825,40.4247],[23.0582,40.4313],[23.0613,40.4188],[23.0518,40.416],[23.048,40.3983],[23.0288,40.3944],[23.0264,40.3744],[23.0072,40.377],[22.9999,40.3811],[23.014,40.386],[23.0182,40.4027],[23.0045,40.4475],[22.993,40.4404],[22.9987,40.4291],[22.9858,40.4072],[22.9915,40.4034],[22.9651,40.4006],[22.9719,40.4193],[22.9573,40.4183],[22.9585,40.4239],[22.9529,40.4257],[22.9503,40.4341],[22.9527,40.446],[22.949,40.4496],[22.939,40.4486],[22.9226,40.4675],[22.9389,40.4699],[22.9343,40.4837],[22.9356,40.5134],[22.9636,40.5272],[22.9792,40.5415],[22.9911,40.5397],[22.9974,40.5571],[22.9932,40.5662],[23.0045,40.5704],[23.0321,40.5532],[23.0491,40.579],[23.0542,40.5791],[23.0615,40.5872],[23.0941,40.5841],[23.1142,40.5766],[23.1201,40.5702],[23.1201,40.5617],[23.1406,40.5351],[23.1481,40.5402],[23.1653,40.575],[23.1752,40.5689],[23.1926,40.5691],[23.1986,40.5765],[23.2298,40.5666],[23.2361,40.5634],[23.2335,40.555],[23.2518,40.5338],[23.2442,40.5174],[23.249,40.5039],[23.1975,40.4966]],[[22.9563,40.5095],[22.9594,40.5048],[22.9677,40.5072],[22.9563,40.5095]]]}},{"type":"Feature","properties":{"code":"9029","name":"Θερμαϊκού","pe":"Π.Ε. Θεσσαλονίκης"},"geometry":{"type":"Polygon","coordinates":[[[23.0366,40.371],[23.0394,40.3529],[23.0328,40.352],[23.0251,40.3587],[23.0053,40.3504],[22.9855,40.367],[22.9586,40.3711],[22.944,40.3807],[22.9175,40.3807],[22.8882,40.3733],[22.9026,40.3971],[22.8886,40.4117],[22.8826,40.4256],[22.8661,40.4325],[22.8658,40.4456],[22.8574,40.4634],[22.8463,40.4707],[22.8146,40.4778],[22.8163,40.5019],[22.8358,40.5073],[22.8605,40.5015],[22.8902,40.5026],[22.9356,40.5134],[22.9343,40.4837],[22.9389,40.4699],[22.9225,40.4685],[22.9232,40.4648],[22.939,40.4486],[22.949,40.4496],[22.9527,40.446],[22.9503,40.4341],[22.9529,40.4257],[22.9585,40.4239],[22.9573,40.4183],[22.9719,40.4193],[22.9648,40.401],[22.9915,40.4034],[22.9858,40.4072],[22.9987,40.4291],[22.993,40.4404],[23.0037,40.4478],[23.0182,40.4027],[23.014,40.386],[22.9999,40.3811],[23.0366,40.371]]]}},{"type":"Feature","properties":{"code":"9037","name":"Πυλαίας - Χορτιάτη","pe":"Π.Ε. Θεσσαλονίκης"},"geometry":{"type":"Polygon","coordinates":[[[22.9808,40.5517],[22.9685,40.5624],[22.9741,40.5717],[22.9695,40.5835],[22.9719,40.5925],[22.9878,40.6142],[22.977,40.6221],[22.9846,40.6372],[22.9809,40.6448],[22.9961,40.6438],[23.0101,40.6568],[23.0083,40.6629],[22.9826,40.6719],[22.9849,40.6769],[22.9744,40.6941],[22.9758,40.7092],[22.9934,40.7074],[23.0012,40.6999],[23.0241,40.6964],[23.0213,40.6896],[23.0259,40.6696],[23.0229,40.6648],[23.0296,40.654],[23.0597,40.6646],[23.102,40.6417],[23.1083,40.6482],[23.1615,40.6361],[23.1648,40.624],[23.1583,40.6132],[23.1344,40.6003],[23.1426,40.5951],[23.1398,40.5903],[23.1469,40.5827],[23.1653,40.575],[23.1439,40.5357],[23.1406,40.5351],[23.1201,40.5617],[23.1201,40.5702],[23.1142,40.5766],[23.0941,40.5841],[23.0615,40.5872],[23.0542,40.5791],[23.0491,40.579],[23.0321,40.5532],[23.0045,40.5704],[22.9928,40.5659],[22.9974,40.5571],[22.9911,40.5397],[22.9792,40.5415],[22.9808,40.5517]]]}},{"type":"Feature","properties":{"code":"9032","name":"Καλαμαριάς","pe":"Π.Ε. Θεσσαλονίκης"},"geometry":{"type":"MultiPolygon","coordinates":[[[[22.966,40.5097],[22.9677,40.5072],[22.9594,40.5048],[22.9563,40.5095],[22.966,40.5097]]],[[[22.938,40.5794],[22.9355,40.5833],[22.9489,40.5934],[22.9708,40.588],[22.9741,40.5717],[22.968,40.5606],[22.938,40.5794]]]]}},{"type":"Feature","properties":{"code":"9031","name":"Θεσσαλονίκης","pe":"Π.Ε. Θεσσαλονίκης"},"geometry":{"type":"Polygon","coordinates":[[[22.9521,40.6204],[22.9483,40.6261],[22.9288,40.6363],[22.917,40.6347],[22.9114,40.6392],[22.915,40.6403],[22.9003,40.6425],[22.8999,40.6505],[22.9029,40.648],[22.9058,40.6528],[22.9172,40.6516],[22.9252,40.6471],[22.9352,40.6525],[22.9355,40.648],[22.9544,40.6422],[22.9634,40.6435],[22.9579,40.6342],[22.9687,40.6345],[22.9702,40.6299],[22.9798,40.6395],[22.9846,40.6372],[22.977,40.6221],[22.9878,40.6142],[22.9778,40.5966],[22.9675,40.5875],[22.9489,40.5934],[22.9521,40.6204]]]}},{"type":"Feature","properties":{"code":"9026","name":"Αμπελοκήπων - Μενεμένης","pe":"Π.Ε. Θεσσαλονίκης"},"geometry":{"type":"MultiPolygon","coordinates":[[[[22.835,40.578],[22.8333,40.5775],[22.8335,40.5785],[22.835,40.578]]],[[[22.8809,40.6382],[22.8713,40.6596],[22.8573,40.6627],[22.859,40.672],[22.8663,40.676],[22.8793,40.6637],[22.89,40.6609],[22.8927,40.6648],[22.9028,40.6567],[22.9213,40.6609],[22.9342,40.6562],[22.9323,40.648],[22.8999,40.6505],[22.9,40.6422],[22.8809,40.6382]]],[[[22.8063,40.7046],[22.8247,40.6892],[22.8156,40.6819],[22.8092,40.6828],[22.8087,40.6875],[22.7871,40.6991],[22.8063,40.7046]]]]}},{"type":"Feature","properties":{"code":"9036","name":"Παύλου Μελά","pe":"Π.Ε. Θεσσαλονίκης"},"geometry":{"type":"Polygon","coordinates":[[[22.9287,40.6651],[22.9215,40.6665],[22.9241,40.6753],[22.9318,40.675],[22.9271,40.6895],[22.9348,40.6915],[22.9298,40.7022],[22.9394,40.7005],[22.9408,40.7142],[22.96,40.7077],[22.9692,40.7133],[22.9758,40.7092],[22.9744,40.6941],[22.9849,40.6769],[22.973,40.6592],[22.9543,40.6546],[22.9233,40.6593],[22.9287,40.6651]]]}},{"type":"Feature","properties":{"code":"9035","name":"Νέαπολης - Συκεών","pe":"Π.Ε. Θεσσαλονίκης"},"geometry":{"type":"Polygon","coordinates":[[[22.973,40.6592],[22.9814,40.6725],[23.0083,40.6629],[23.0101,40.6568],[22.9961,40.6438],[22.9812,40.6452],[22.9787,40.637],[22.9702,40.6299],[22.9687,40.6345],[22.9579,40.6342],[22.9634,40.6435],[22.9544,40.6422],[22.9355,40.648],[22.9345,40.6544],[22.973,40.6592]]]}},{"type":"Feature","properties":{"code":"9033","name":"Κορδελιού - Ευόσμου","pe":"Π.Ε. Θεσσαλονίκης"},"geometry":{"type":"Polygon","coordinates":[[[22.8672,40.6796],[22.8797,40.674],[22.8875,40.6787],[22.8901,40.6978],[22.9053,40.6908],[22.9271,40.6902],[22.9318,40.675],[22.9241,40.6753],[22.9215,40.6665],[22.9287,40.6651],[22.9255,40.6614],[22.9028,40.6567],[22.8927,40.6648],[22.89,40.6609],[22.8793,40.6637],[22.8662,40.6751],[22.8672,40.6796]]]}},{"type":"Feature","properties":{"code":"9117","name":"Ιθάκης","pe":"Π.Ε. Ιθάκης"},"geometry":{"type":"MultiPolygon","coordinates":[[[[20.7505,38.3327],[20.7475,38.3338],[20.7493,38.3378],[20.7528,38.3351],[20.7505,38.3327]]],[[[20.7128,38.3686],[20.7126,38.3691],[20.7133,38.3692],[20.7128,38.3686]]],[[[20.9911,38.3737],[20.9933,38.3784],[21.0005,38.3708],[21.0005,38.364],[20.9932,38.3641],[20.9911,38.3737]]],[[[20.6997,38.3763],[20.6998,38.3752],[20.6989,38.3759],[20.6997,38.3763]]],[[[20.6148,38.4705],[20.6185,38.479],[20.6257,38.479],[20.6438,38.4673],[20.6516,38.4743],[20.6539,38.4843],[20.6481,38.4945],[20.6488,38.5036],[20.6587,38.5024],[20.6685,38.4935],[20.6769,38.492],[20.6789,38.4873],[20.6712,38.4819],[20.6734,38.4675],[20.6667,38.4664],[20.6641,38.4589],[20.6785,38.4589],[20.6798,38.4543],[20.6861,38.4542],[20.6887,38.4615],[20.6924,38.4611],[20.6983,38.4524],[20.6903,38.4501],[20.6916,38.447],[20.7019,38.4475],[20.7023,38.442],[20.71,38.4352],[20.6972,38.4246],[20.7005,38.4165],[20.6757,38.3829],[20.6746,38.3661],[20.682,38.3641],[20.692,38.372],[20.7019,38.3707],[20.7023,38.3742],[20.7105,38.3676],[20.7206,38.3656],[20.7156,38.3743],[20.7108,38.3728],[20.704,38.3777],[20.7021,38.3851],[20.7065,38.3875],[20.718,38.381],[20.7239,38.3858],[20.7152,38.3924],[20.7316,38.3858],[20.7358,38.3878],[20.7464,38.3784],[20.7424,38.3721],[20.7474,38.3736],[20.757,38.3648],[20.7456,38.3683],[20.737,38.3659],[20.7487,38.354],[20.7412,38.35],[20.7443,38.347],[20.7378,38.3453],[20.7421,38.3439],[20.7384,38.3401],[20.7455,38.3376],[20.745,38.3283],[20.768,38.3189],[20.7563,38.3176],[20.7556,38.3125],[20.7495,38.314],[20.7284,38.304],[20.7241,38.3082],[20.7225,38.3008],[20.6982,38.3123],[20.687,38.3315],[20.6857,38.3492],[20.6715,38.3554],[20.6662,38.3627],[20.6681,38.3741],[20.663,38.3883],[20.6549,38.3934],[20.6412,38.4217],[20.6418,38.4402],[20.6319,38.4396],[20.6148,38.4705]]],[[[21.018,38.4632],[21.0149,38.4624],[21.0146,38.465],[21.018,38.4632]]],[[[21.0143,38.4712],[21.0153,38.4733],[21.0165,38.4717],[21.0143,38.4712]]],[[[21.0033,38.4762],[21.009,38.4721],[21.0065,38.4696],[21.0004,38.4699],[21.0033,38.4762]]],[[[20.6755,38.48],[20.6749,38.48],[20.6752,38.4806],[20.6755,38.48]]],[[[21.0139,38.4749],[21.0066,38.4851],[21.0155,38.4848],[21.0123,38.4888],[21.0186,38.4904],[21.0292,38.4836],[21.0283,38.472],[21.0139,38.4749]]],[[[20.9693,38.4818],[20.9688,38.4828],[20.9699,38.483],[20.9693,38.4818]]],[[[20.8198,38.4763],[20.8108,38.4776],[20.806,38.4734],[20.7978,38.4767],[20.7978,38.4821],[20.8079,38.4886],[20.8165,38.5026],[20.8233,38.5019],[20.8198,38.4763]]],[[[20.7192,38.5433],[20.7201,38.5428],[20.7196,38.5425],[20.7192,38.5433]]],[[[20.7155,38.5385],[20.6995,38.5462],[20.7067,38.5673],[20.7216,38.5619],[20.7155,38.5385]]],[[[21.1023,38.3004],[21.107,38.3039],[21.1017,38.3098],[21.1046,38.3179],[21.1112,38.3204],[21.1141,38.3161],[21.1178,38.3203],[21.1199,38.3059],[21.1129,38.2975],[21.1035,38.2978],[21.1004,38.2936],[21.1064,38.2845],[21.0991,38.2831],[21.0931,38.2996],[21.1008,38.3035],[21.1023,38.3004]]],[[[21.0556,38.3515],[21.0563,38.3489],[21.0525,38.3522],[21.0556,38.3515]]],[[[21.0308,38.3608],[21.0246,38.3733],[21.0489,38.3522],[21.0477,38.3496],[21.0308,38.3608]]],[[[21.0215,38.4284],[21.0262,38.4216],[21.0201,38.4235],[21.0215,38.4284]]],[[[21.0253,38.4314],[21.0241,38.4309],[21.0241,38.4324],[21.0253,38.4314]]],[[[21.0252,38.436],[21.0264,38.4359],[21.0255,38.4341],[21.0252,38.436]]],[[[21.0266,38.4409],[21.0274,38.4399],[21.0257,38.44],[21.0266,38.4409]]],[[[21.0466,38.443],[21.0463,38.4435],[21.0468,38.4437],[21.0466,38.443]]],[[[21.0715,38.4581],[21.0739,38.4552],[21.0621,38.4526],[21.06,38.4593],[21.0715,38.4581]]],[[[21.0375,38.4613],[21.0356,38.4598],[21.0352,38.4644],[21.0375,38.4613]]],[[[21.0474,38.4561],[21.0417,38.4553],[21.0466,38.4712],[21.0531,38.465],[21.0504,38.4581],[21.0463,38.459],[21.0474,38.4561]]],[[[21.037,38.477],[21.047,38.4788],[21.0493,38.4739],[21.043,38.4713],[21.037,38.477]]],[[[21.0309,38.4942],[21.0334,38.4902],[21.0289,38.4878],[21.0309,38.4942]]]]}},{"type":"Feature","properties":{"code":"9259","name":"Ικαρίας","pe":"Π.Ε. Ικαρίας"},"geometry":{"type":"MultiPolygon","coordinates":[[[[25.9762,37.5126],[25.9772,37.5124],[25.9763,37.5124],[25.9762,37.5126]]],[[[26.3608,37.6835],[26.3606,37.675],[26.3441,37.6703],[26.3394,37.6544],[26.3231,37.6374],[26.3228,37.631],[26.3154,37.6314],[26.2929,37.6101],[26.2686,37.6009],[26.2227,37.5712],[26.1964,37.5629],[26.1171,37.5572],[26.0976,37.5455],[26.0755,37.5218],[26.0581,37.5149],[26.0567,37.518],[26.0259,37.5178],[25.9934,37.5133],[25.9901,37.5084],[25.9787,37.5105],[25.9744,37.5178],[25.978,37.5358],[26.0085,37.5755],[26.0591,37.624],[26.0832,37.6369],[26.0965,37.6308],[26.151,37.6384],[26.1588,37.6321],[26.1777,37.634],[26.1807,37.6293],[26.1978,37.6263],[26.2251,37.6375],[26.2631,37.6633],[26.2716,37.6642],[26.2978,37.6806],[26.3315,37.6813],[26.3436,37.6889],[26.3525,37.6862],[26.3616,37.6914],[26.3658,37.6885],[26.3608,37.6835]]],[[[26.1029,37.6335],[26.1025,37.6331],[26.1019,37.6339],[26.1029,37.6335]]],[[[26.1782,37.6348],[26.1793,37.6347],[26.1791,37.6343],[26.1782,37.6348]]]]}},{"type":"Feature","properties":{"code":"9260","name":"Φούρνων Κορσεών","pe":"Π.Ε. Ικαρίας"},"geometry":{"type":"MultiPolygon","coordinates":[[[[26.4867,37.5129],[26.4872,37.5126],[26.4867,37.5123],[26.4867,37.5129]]],[[[26.4861,37.5168],[26.4867,37.5183],[26.4889,37.5159],[26.4861,37.5168]]],[[[26.4051,37.5301],[26.4048,37.5307],[26.4053,37.5309],[26.4051,37.5301]]],[[[26.4132,37.5347],[26.4204,37.5334],[26.4192,37.5301],[26.4116,37.531],[26.4132,37.5347]]],[[[26.4502,37.5611],[26.4499,37.5606],[26.4494,37.5613],[26.4502,37.5611]]],[[[26.4678,37.5687],[26.4695,37.5712],[26.472,37.5694],[26.4675,37.5604],[26.4616,37.5817],[26.4678,37.5687]]],[[[26.4265,37.5856],[26.426,37.5939],[26.4301,37.5914],[26.4291,37.5961],[26.4374,37.5995],[26.436,37.6024],[26.4428,37.6021],[26.4542,37.595],[26.4536,37.582],[26.4582,37.5823],[26.4589,37.5778],[26.4494,37.5636],[26.4355,37.5655],[26.4407,37.5773],[26.4318,37.5796],[26.4184,37.5804],[26.4103,37.5747],[26.4044,37.5755],[26.4031,37.5798],[26.3969,37.5757],[26.3973,37.5801],[26.4195,37.5908],[26.4265,37.5856]]],[[[26.4113,37.5912],[26.4105,37.5909],[26.4104,37.5913],[26.4113,37.5912]]],[[[26.4311,37.5994],[26.4271,37.5977],[26.4232,37.6049],[26.4299,37.6047],[26.4311,37.5994]]],[[[26.4916,37.5095],[26.4974,37.5145],[26.4949,37.5173],[26.5023,37.5169],[26.4965,37.504],[26.492,37.5036],[26.4944,37.5081],[26.4916,37.5095]]],[[[26.5377,37.5182],[26.5438,37.521],[26.5488,37.5165],[26.5419,37.517],[26.5429,37.5104],[26.5377,37.5182]]],[[[26.4934,37.5247],[26.4951,37.5246],[26.4956,37.5218],[26.4934,37.5247]]],[[[26.5127,37.5233],[26.5122,37.5232],[26.5114,37.524],[26.5127,37.5233]]],[[[26.5444,37.5307],[26.5466,37.5303],[26.5462,37.528],[26.5444,37.5307]]],[[[26.543,37.5857],[26.543,37.5838],[26.5416,37.5848],[26.543,37.5857]]],[[[26.4965,37.6264],[26.4959,37.6341],[26.5004,37.6358],[26.4979,37.6444],[26.5033,37.6441],[26.5073,37.6536],[26.5162,37.6562],[26.5189,37.6482],[26.5217,37.6531],[26.5283,37.6424],[26.53,37.6449],[26.5343,37.6417],[26.5264,37.6312],[26.5288,37.6193],[26.5378,37.6251],[26.5373,37.6175],[26.5467,37.6201],[26.5302,37.5951],[26.521,37.592],[26.5225,37.5863],[26.5168,37.5866],[26.5156,37.5818],[26.5094,37.5855],[26.4957,37.5769],[26.503,37.5666],[26.4987,37.566],[26.5001,37.559],[26.508,37.558],[26.5075,37.5522],[26.5145,37.5511],[26.5066,37.5441],[26.512,37.542],[26.5124,37.5305],[26.509,37.5264],[26.5034,37.5333],[26.5023,37.5263],[26.4993,37.5312],[26.5021,37.535],[26.4953,37.533],[26.4977,37.5404],[26.4908,37.5384],[26.4853,37.5474],[26.4901,37.5505],[26.4845,37.553],[26.4877,37.5603],[26.4793,37.5545],[26.4773,37.5602],[26.4828,37.5627],[26.4798,37.5664],[26.4752,37.5639],[26.4779,37.5691],[26.4716,37.5738],[26.4797,37.5773],[26.4734,37.5838],[26.4787,37.5888],[26.4749,37.592],[26.4806,37.5942],[26.4759,37.5962],[26.4753,37.6047],[26.4843,37.6056],[26.4899,37.5948],[26.488,37.5881],[26.4963,37.5824],[26.5053,37.5886],[26.5016,37.5953],[26.5186,37.5974],[26.5108,37.6132],[26.5158,37.6226],[26.4965,37.6264]]],[[[26.5531,37.5902],[26.5469,37.5915],[26.5428,37.5876],[26.5346,37.5932],[26.5445,37.5921],[26.5435,37.5979],[26.5572,37.6016],[26.5523,37.6085],[26.5678,37.6103],[26.5634,37.6003],[26.5678,37.5966],[26.5552,37.5958],[26.5531,37.5902]]]]}},{"type":"Feature","properties":{"code":"9080","name":"Βορείων Τζουμέρκων","pe":"Π.Ε. Ιωαννίνων"},"geometry":{"type":"Polygon","coordinates":[[[21.1226,39.6696],[21.1549,39.6484],[21.153,39.635],[21.1487,39.6313],[21.1528,39.6181],[21.181,39.6165],[21.1838,39.6121],[21.195,39.5761],[21.1947,39.5544],[21.2032,39.522],[21.1912,39.5169],[21.1818,39.502],[21.1716,39.5205],[21.1531,39.5296],[21.1538,39.5342],[21.146,39.54],[21.1324,39.5309],[21.141,39.5207],[21.1381,39.5159],[21.1196,39.499],[21.0987,39.4932],[21.0894,39.4972],[21.0756,39.5211],[21.0674,39.5252],[21.0663,39.532],[21.0561,39.533],[21.0594,39.5285],[21.0567,39.5108],[21.0598,39.5058],[21.0473,39.4919],[21.0405,39.4684],[21.0317,39.4573],[21.0336,39.4526],[21.0222,39.4402],[21.0279,39.4245],[21.0235,39.4145],[20.9924,39.3933],[20.9755,39.4112],[20.9717,39.4252],[20.9756,39.4346],[20.9423,39.4696],[20.9333,39.4873],[20.9272,39.5029],[20.9512,39.5092],[20.928,39.5121],[20.9308,39.5211],[20.9271,39.5242],[20.933,39.5306],[20.931,39.5431],[20.9223,39.5493],[20.9176,39.5592],[20.9225,39.5667],[20.9619,39.5645],[20.9891,39.5885],[21.0268,39.6048],[21.0244,39.6108],[21.0427,39.6095],[21.0522,39.6186],[21.0547,39.6277],[21.0517,39.645],[21.0633,39.6405],[21.0769,39.6453],[21.0796,39.6609],[21.0763,39.6643],[21.0883,39.669],[21.0893,39.6793],[21.1231,39.6839],[21.1226,39.6696]]]}},{"type":"Feature","properties":{"code":"9081","name":"Δωδώνης","pe":"Π.Ε. Ιωαννίνων"},"geometry":{"type":"Polygon","coordinates":[[[20.9658,39.4027],[20.9408,39.3849],[20.9379,39.3947],[20.9108,39.394],[20.9098,39.3773],[20.8824,39.3659],[20.8641,39.3692],[20.8498,39.3634],[20.8414,39.3525],[20.8153,39.3472],[20.8029,39.3513],[20.8014,39.3601],[20.7891,39.3736],[20.7735,39.3748],[20.7658,39.3708],[20.7408,39.3807],[20.7276,39.3549],[20.7224,39.3546],[20.7218,39.3473],[20.7161,39.3442],[20.7177,39.3361],[20.7055,39.3349],[20.6999,39.3059],[20.7043,39.3025],[20.6948,39.2915],[20.6988,39.2886],[20.6925,39.2891],[20.6832,39.2825],[20.6866,39.2851],[20.6805,39.2883],[20.6816,39.3291],[20.6753,39.3381],[20.669,39.3391],[20.6688,39.3534],[20.6636,39.3576],[20.666,39.3643],[20.66,39.3716],[20.6633,39.389],[20.6545,39.3966],[20.6529,39.4065],[20.6457,39.4144],[20.6511,39.424],[20.6433,39.4311],[20.6408,39.4423],[20.6334,39.4514],[20.641,39.464],[20.6252,39.4716],[20.615,39.4949],[20.6224,39.5429],[20.6153,39.5471],[20.5956,39.5339],[20.5869,39.5329],[20.5727,39.5395],[20.5818,39.5562],[20.5812,39.5716],[20.5887,39.5658],[20.6091,39.5682],[20.6024,39.5745],[20.5995,39.587],[20.6174,39.5844],[20.6647,39.5969],[20.6579,39.6095],[20.6585,39.6169],[20.6788,39.6251],[20.6993,39.6143],[20.717,39.589],[20.7342,39.5906],[20.7423,39.5974],[20.7718,39.6008],[20.781,39.5952],[20.7792,39.5871],[20.7857,39.584],[20.7864,39.5761],[20.809,39.5715],[20.8101,39.5561],[20.83,39.5503],[20.8262,39.5439],[20.8096,39.5389],[20.8185,39.5193],[20.8147,39.5152],[20.8269,39.5033],[20.8454,39.499],[20.8436,39.5157],[20.8535,39.5245],[20.8507,39.5337],[20.8386,39.5382],[20.8434,39.5514],[20.8518,39.555],[20.8731,39.5539],[20.883,39.5487],[20.8905,39.5532],[20.8926,39.5682],[20.9017,39.5625],[20.9226,39.5678],[20.9175,39.5587],[20.931,39.5431],[20.933,39.5306],[20.9271,39.5242],[20.9308,39.5211],[20.928,39.5121],[20.9512,39.5092],[20.9274,39.5022],[20.9423,39.4696],[20.9756,39.4346],[20.9717,39.4242],[20.979,39.4064],[20.9658,39.4027]]]}},{"type":"Feature","properties":{"code":"9083","name":"Ζίτσας","pe":"Π.Ε. Ιωαννίνων"},"geometry":{"type":"Polygon","coordinates":[[[20.5548,39.5381],[20.5405,39.5419],[20.5364,39.5475],[20.5392,39.555],[20.5287,39.5616],[20.4979,39.5624],[20.4989,39.5683],[20.5089,39.5762],[20.5106,39.5883],[20.5054,39.6002],[20.5085,39.6074],[20.5065,39.6272],[20.4975,39.6392],[20.5084,39.6523],[20.5123,39.6465],[20.5285,39.6531],[20.5208,39.6612],[20.5294,39.6652],[20.5313,39.6711],[20.5247,39.6726],[20.5086,39.6897],[20.4994,39.7062],[20.5005,39.7225],[20.4803,39.7235],[20.4781,39.7274],[20.4836,39.7332],[20.4838,39.745],[20.5018,39.769],[20.5078,39.7714],[20.5073,39.7763],[20.5354,39.7963],[20.5618,39.7828],[20.5708,39.7662],[20.5917,39.7724],[20.6103,39.7688],[20.6158,39.7819],[20.6133,39.7857],[20.6194,39.7896],[20.6178,39.7971],[20.6241,39.803],[20.6212,39.8131],[20.6309,39.8184],[20.6412,39.8423],[20.6592,39.8391],[20.6688,39.832],[20.6788,39.8365],[20.6886,39.8269],[20.6943,39.8313],[20.7322,39.7925],[20.7494,39.7974],[20.7733,39.7826],[20.7583,39.7672],[20.744,39.761],[20.761,39.7549],[20.7762,39.7394],[20.8156,39.7122],[20.8271,39.7167],[20.8313,39.7139],[20.8361,39.7103],[20.8373,39.6954],[20.8186,39.6952],[20.8101,39.6881],[20.8234,39.6835],[20.8215,39.681],[20.8075,39.6817],[20.7761,39.6709],[20.7743,39.6599],[20.745,39.6527],[20.7231,39.621],[20.7293,39.6175],[20.7498,39.6191],[20.767,39.6019],[20.7423,39.5974],[20.7342,39.5906],[20.717,39.589],[20.6993,39.6143],[20.6788,39.6251],[20.6585,39.6169],[20.6579,39.6095],[20.6653,39.5982],[20.6616,39.5953],[20.6174,39.5844],[20.5995,39.587],[20.6024,39.5745],[20.6091,39.5682],[20.5887,39.5658],[20.5812,39.5716],[20.5818,39.5562],[20.5727,39.5395],[20.5548,39.5381]]]}},{"type":"Feature","properties":{"code":"9087","name":"Πωγωνίου","pe":"Π.Ε. Ιωαννίνων"},"geometry":{"type":"Polygon","coordinates":[[[20.4869,39.7632],[20.456,39.7675],[20.44,39.7645],[20.4248,39.7833],[20.3909,39.7891],[20.4134,39.8141],[20.4155,39.8277],[20.4119,39.8342],[20.4169,39.8406],[20.3884,39.8698],[20.3827,39.8812],[20.3844,39.8896],[20.3728,39.8921],[20.3644,39.9097],[20.338,39.9234],[20.3451,39.9466],[20.3257,39.972],[20.3191,39.9752],[20.3128,39.9901],[20.3735,39.9883],[20.3933,39.9952],[20.3989,40.0082],[20.3979,40.0169],[20.4084,40.0259],[20.4144,40.0394],[20.4091,40.0497],[20.419,40.0614],[20.4495,40.074],[20.462,40.075],[20.4734,40.067],[20.4878,40.0643],[20.5077,40.0751],[20.5121,40.0832],[20.5503,40.0639],[20.5628,40.0462],[20.5808,40.0415],[20.6004,40.027],[20.6184,40.028],[20.6275,40.034],[20.646,40.0233],[20.646,40.0075],[20.659,39.9965],[20.6615,39.9758],[20.6579,39.9675],[20.6638,39.9682],[20.6529,39.9568],[20.6258,39.9486],[20.6256,39.9258],[20.6092,39.921],[20.6005,39.9083],[20.6375,39.9074],[20.6535,39.892],[20.6557,39.8742],[20.6524,39.8638],[20.6677,39.8526],[20.7042,39.8603],[20.7052,39.8558],[20.7145,39.8533],[20.6913,39.8266],[20.6788,39.8365],[20.6688,39.832],[20.6592,39.8391],[20.6412,39.8423],[20.6309,39.8184],[20.6212,39.8131],[20.6241,39.803],[20.6178,39.7971],[20.6194,39.7896],[20.6133,39.7857],[20.6158,39.7819],[20.6103,39.7688],[20.5917,39.7724],[20.5708,39.7662],[20.5618,39.7828],[20.5354,39.7963],[20.5073,39.7763],[20.5078,39.7714],[20.4912,39.7555],[20.4869,39.7632]]]}},{"type":"Feature","properties":{"code":"9085","name":"Κόνιτσας","pe":"Π.Ε. Ιωαννίνων"},"geometry":{"type":"Polygon","coordinates":[[[20.601,40.0714],[20.6236,40.0899],[20.6508,40.0908],[20.6712,40.0978],[20.6779,40.0958],[20.6755,40.1262],[20.6941,40.1518],[20.6742,40.1654],[20.6808,40.1839],[20.6784,40.1891],[20.708,40.2001],[20.7245,40.224],[20.7201,40.2371],[20.7212,40.2542],[20.7081,40.2663],[20.7131,40.2833],[20.7296,40.2962],[20.734,40.3093],[20.7643,40.3212],[20.7584,40.332],[20.7655,40.3432],[20.7768,40.3492],[20.789,40.3415],[20.8127,40.3367],[20.8409,40.3419],[20.856,40.3743],[20.8692,40.3766],[20.8753,40.3551],[20.8758,40.3337],[20.9196,40.2977],[20.9379,40.2761],[20.9404,40.2595],[20.9572,40.2525],[20.9687,40.2239],[20.9819,40.2185],[20.992,40.2069],[20.9816,40.1932],[20.9978,40.1911],[20.998,40.1678],[21.0032,40.1633],[21.0042,40.1544],[20.9754,40.1439],[20.9681,40.1346],[20.9566,40.1333],[20.9724,40.1202],[20.9741,40.1117],[20.9887,40.1015],[20.9885,40.0846],[20.9991,40.0674],[21.0107,40.0557],[21.0336,40.058],[21.0522,40.0669],[21.072,40.0633],[21.0854,40.054],[21.0793,40.0349],[21.0826,40.0156],[21.0602,39.9924],[21.0347,40.0018],[21.023,39.9939],[21.0204,39.9979],[21.0128,39.9972],[21.0013,40.0038],[21.0023,40.0123],[20.9927,40.0141],[20.9904,40.011],[20.9711,40.0244],[20.9569,40.0262],[20.9518,40.0229],[20.9342,40.0283],[20.9127,40.0211],[20.8994,40.0255],[20.8755,40.0196],[20.8601,40.0293],[20.853,40.024],[20.852,40.0268],[20.8401,40.0242],[20.8388,40.0196],[20.7981,40.0186],[20.7873,40.0004],[20.7579,40.0027],[20.7374,40.0237],[20.7146,40.0106],[20.7045,39.9909],[20.6945,39.9818],[20.6943,39.9647],[20.6878,39.9552],[20.6792,39.9552],[20.6744,39.9665],[20.6579,39.9675],[20.6615,39.9758],[20.659,39.9965],[20.646,40.0075],[20.646,40.0233],[20.6275,40.034],[20.6184,40.028],[20.6004,40.027],[20.5808,40.0415],[20.5628,40.0462],[20.5503,40.0639],[20.601,40.0714]]]}},{"type":"Feature","properties":{"code":"9082","name":"Ζαγορίου","pe":"Π.Ε. Ιωαννίνων"},"geometry":{"type":"Polygon","coordinates":[[[21.0444,39.9812],[21.0509,39.9728],[21.0454,39.9681],[21.0769,39.9494],[21.0843,39.9356],[21.0824,39.9231],[21.0908,39.909],[21.0867,39.9011],[21.0962,39.8927],[21.0957,39.8784],[21.1205,39.87],[21.088,39.8529],[21.0768,39.8573],[21.0693,39.8519],[21.0723,39.8464],[21.0658,39.843],[21.0718,39.8336],[21.0701,39.824],[21.0579,39.8198],[21.0484,39.8035],[21.0481,39.786],[21.04,39.778],[21.0325,39.7516],[21.0331,39.746],[21.0474,39.7362],[21.0411,39.7307],[21.0436,39.7263],[21.0396,39.7273],[21.0367,39.7184],[21.0225,39.7184],[21.0176,39.7119],[21.0077,39.7147],[21.0012,39.701],[20.9804,39.7093],[20.9662,39.7052],[20.9542,39.717],[20.9296,39.7123],[20.9154,39.7237],[20.9069,39.7141],[20.9018,39.7147],[20.859,39.7488],[20.8438,39.7448],[20.8304,39.7591],[20.8115,39.7624],[20.7904,39.7776],[20.7837,39.7769],[20.7577,39.7896],[20.7511,39.797],[20.7322,39.7925],[20.6943,39.8313],[20.7144,39.8536],[20.7052,39.8558],[20.7042,39.8603],[20.6677,39.8526],[20.6524,39.8638],[20.6557,39.8742],[20.6535,39.892],[20.6375,39.9074],[20.6005,39.9083],[20.6092,39.921],[20.6256,39.9258],[20.6258,39.9486],[20.6529,39.9568],[20.6638,39.9682],[20.6768,39.9648],[20.6776,39.9557],[20.6878,39.9552],[20.6967,39.9695],[20.6945,39.9818],[20.7045,39.9909],[20.7146,40.0106],[20.7374,40.0237],[20.7579,40.0027],[20.7873,40.0004],[20.7981,40.0186],[20.8388,40.0196],[20.8401,40.0242],[20.852,40.0268],[20.853,40.024],[20.8601,40.0293],[20.8755,40.0196],[20.8994,40.0255],[20.9127,40.0211],[20.9342,40.0283],[20.9518,40.0229],[20.9569,40.0262],[20.9711,40.0244],[20.9904,40.011],[20.9927,40.0141],[21.0023,40.0123],[21.0019,40.0033],[21.0444,39.9812]]]}},{"type":"Feature","properties":{"code":"9086","name":"Μετσόβου","pe":"Π.Ε. Ιωαννίνων"},"geometry":{"type":"Polygon","coordinates":[[[21.1315,39.8643],[21.1493,39.8652],[21.1633,39.8584],[21.1804,39.8781],[21.1975,39.8774],[21.2152,39.8874],[21.2319,39.8893],[21.2515,39.8829],[21.2573,39.8763],[21.2728,39.8777],[21.2965,39.8578],[21.2909,39.8522],[21.2744,39.8561],[21.2634,39.8522],[21.2649,39.837],[21.259,39.8242],[21.2478,39.8142],[21.2512,39.8075],[21.2381,39.8038],[21.2302,39.8086],[21.2267,39.8056],[21.2288,39.7871],[21.2251,39.7828],[21.2339,39.7549],[21.2251,39.7316],[21.2349,39.7334],[21.247,39.7244],[21.2467,39.7125],[21.2545,39.7082],[21.2509,39.6977],[21.2362,39.696],[21.2294,39.7004],[21.2275,39.708],[21.211,39.7089],[21.2026,39.7167],[21.1835,39.7113],[21.1672,39.7178],[21.1622,39.7146],[21.1589,39.7005],[21.1445,39.6977],[21.1406,39.6873],[21.1166,39.6838],[21.1152,39.6803],[21.0908,39.6801],[21.0883,39.669],[21.0809,39.6655],[21.0628,39.6622],[21.0546,39.6679],[21.0443,39.6682],[21.0203,39.6656],[21.0122,39.6603],[21.0104,39.6651],[20.982,39.6668],[20.9722,39.6767],[20.9921,39.6964],[20.9895,39.7048],[21.0012,39.701],[21.0077,39.7147],[21.0176,39.7119],[21.0225,39.7184],[21.0367,39.7184],[21.0396,39.7273],[21.0436,39.7263],[21.0411,39.7307],[21.0474,39.7362],[21.0331,39.746],[21.0325,39.7516],[21.04,39.778],[21.0481,39.786],[21.0484,39.8035],[21.0579,39.8198],[21.0701,39.824],[21.0718,39.8336],[21.0658,39.843],[21.0723,39.8464],[21.0693,39.8519],[21.0768,39.8573],[21.088,39.8529],[21.1205,39.87],[21.1315,39.8643]]]}},{"type":"Feature","properties":{"code":"9084","name":"Ιωαννιτών","pe":"Π.Ε. Ιωαννίνων"},"geometry":{"type":"Polygon","coordinates":[[[20.9017,39.5625],[20.8926,39.5682],[20.8905,39.5532],[20.883,39.5487],[20.8731,39.5539],[20.8518,39.555],[20.8434,39.5514],[20.8386,39.5382],[20.8507,39.5337],[20.8535,39.5245],[20.8436,39.5157],[20.8454,39.499],[20.8269,39.5033],[20.8147,39.5152],[20.8185,39.5193],[20.8096,39.5389],[20.8262,39.5439],[20.83,39.5503],[20.8101,39.5561],[20.809,39.5715],[20.7864,39.5761],[20.7857,39.584],[20.7792,39.5871],[20.781,39.5952],[20.767,39.6019],[20.7498,39.6191],[20.7293,39.6175],[20.7231,39.621],[20.7464,39.6542],[20.7743,39.6599],[20.7761,39.6709],[20.8075,39.6817],[20.8215,39.681],[20.8234,39.6835],[20.8101,39.6881],[20.8195,39.6956],[20.8373,39.6954],[20.8361,39.7103],[20.8271,39.7167],[20.8156,39.7122],[20.7762,39.7394],[20.761,39.7549],[20.744,39.761],[20.7471,39.7648],[20.7583,39.7672],[20.7733,39.7826],[20.7904,39.7776],[20.8115,39.7624],[20.8304,39.7591],[20.8438,39.7448],[20.859,39.7488],[20.9018,39.7147],[20.9069,39.7141],[20.9154,39.7237],[20.9296,39.7123],[20.9542,39.717],[20.9662,39.7052],[20.9804,39.7093],[20.9895,39.7048],[20.9921,39.6964],[20.9722,39.6767],[20.982,39.6668],[21.0104,39.6651],[21.0122,39.6603],[21.0203,39.6656],[21.0523,39.6681],[21.0628,39.6622],[21.0742,39.666],[21.0796,39.6609],[21.0769,39.6453],[21.0633,39.6405],[21.0517,39.645],[21.0547,39.6277],[21.0522,39.6186],[21.0427,39.6095],[21.0244,39.6108],[21.0268,39.6048],[20.9891,39.5885],[20.9619,39.5645],[20.9235,39.5664],[20.9017,39.5625]]]}},{"type":"Feature","properties":{"code":"9282","name":"Κέας","pe":"Π.Ε. Κέας-Κύθνου"},"geometry":{"type":"MultiPolygon","coordinates":[[[[24.3313,37.5581],[24.3314,37.5586],[24.3318,37.5585],[24.3313,37.5581]]],[[[24.2903,37.6389],[24.2871,37.6424],[24.2958,37.6596],[24.306,37.6637],[24.3173,37.6589],[24.3218,37.6654],[24.3288,37.6666],[24.3204,37.6702],[24.3138,37.6667],[24.3208,37.6739],[24.3267,37.6741],[24.3237,37.6775],[24.3272,37.6814],[24.3339,37.6786],[24.3336,37.6829],[24.3418,37.6808],[24.3507,37.6877],[24.3495,37.6749],[24.3582,37.6838],[24.3728,37.6818],[24.3926,37.6743],[24.4032,37.6642],[24.3994,37.6613],[24.4069,37.6601],[24.4111,37.6524],[24.4085,37.6437],[24.4007,37.6451],[24.4038,37.6364],[24.3995,37.6362],[24.3971,37.629],[24.4002,37.6284],[24.395,37.6261],[24.3961,37.6201],[24.3858,37.6097],[24.3877,37.6064],[24.3711,37.5935],[24.357,37.5742],[24.3355,37.559],[24.3294,37.5591],[24.3081,37.5331],[24.3013,37.5331],[24.3029,37.53],[24.2941,37.5246],[24.2773,37.5227],[24.277,37.5296],[24.2726,37.5291],[24.2768,37.5404],[24.2726,37.5453],[24.2817,37.578],[24.2656,37.5851],[24.2724,37.5938],[24.2692,37.5967],[24.2773,37.5991],[24.2699,37.6035],[24.2725,37.6089],[24.268,37.6082],[24.2729,37.6175],[24.2788,37.6182],[24.2752,37.6225],[24.2818,37.6232],[24.2778,37.6275],[24.2861,37.6292],[24.2822,37.6339],[24.2903,37.6389]]],[[[24.3563,37.6827],[24.3557,37.6827],[24.3563,37.6832],[24.3563,37.6827]]],[[[24.373,37.6828],[24.3725,37.6836],[24.3731,37.684],[24.373,37.6828]]],[[[24.3379,37.6838],[24.3376,37.6834],[24.3375,37.684],[24.3379,37.6838]]],[[[24.1539,37.7396],[24.1471,37.7323],[24.1531,37.7301],[24.149,37.7282],[24.151,37.7204],[24.1359,37.7123],[24.1343,37.6968],[24.1293,37.6962],[24.1291,37.6888],[24.1241,37.6877],[24.1287,37.6821],[24.1217,37.679],[24.1213,37.6703],[24.1156,37.6683],[24.114,37.6581],[24.1052,37.6451],[24.1006,37.6546],[24.1046,37.6796],[24.1209,37.7141],[24.1271,37.74],[24.1428,37.7569],[24.1489,37.7419],[24.1539,37.7396]]],[[[24.1315,37.7463],[24.1306,37.7461],[24.1308,37.7466],[24.1315,37.7463]]]]}},{"type":"Feature","properties":{"code":"9283","name":"Κύθνου","pe":"Π.Ε. Κέας-Κύθνου"},"geometry":{"type":"MultiPolygon","coordinates":[[[[24.5216,37.3002],[24.5208,37.3046],[24.53,37.303],[24.5216,37.3002]]],[[[24.3663,37.3156],[24.3669,37.3151],[24.3659,37.3153],[24.3663,37.3156]]],[[[24.412,37.3174],[24.4112,37.3171],[24.4111,37.3174],[24.412,37.3174]]],[[[24.4602,37.3756],[24.4593,37.3762],[24.46,37.3762],[24.4602,37.3756]]],[[[24.4575,37.3834],[24.457,37.3833],[24.4567,37.3838],[24.4575,37.3834]]],[[[24.4566,37.3887],[24.4565,37.3891],[24.4587,37.3877],[24.4566,37.3887]]],[[[24.4535,37.383],[24.4588,37.3778],[24.4543,37.3775],[24.4547,37.3711],[24.4502,37.3735],[24.4505,37.3602],[24.4452,37.3599],[24.4454,37.3547],[24.4419,37.3562],[24.4427,37.3456],[24.431,37.3461],[24.4273,37.3366],[24.4315,37.3349],[24.4229,37.3307],[24.4168,37.3331],[24.4182,37.326],[24.4113,37.326],[24.4098,37.3182],[24.4009,37.3181],[24.4024,37.3128],[24.3933,37.3052],[24.3866,37.3072],[24.3817,37.3012],[24.3641,37.3005],[24.3662,37.3053],[24.3627,37.306],[24.3623,37.3121],[24.3739,37.3111],[24.3685,37.3153],[24.3738,37.3187],[24.3671,37.322],[24.3729,37.3276],[24.3695,37.3335],[24.3793,37.3343],[24.3739,37.3379],[24.381,37.3428],[24.3764,37.3469],[24.3809,37.3486],[24.3784,37.3507],[24.386,37.3508],[24.3827,37.3571],[24.3894,37.3587],[24.3904,37.3648],[24.3962,37.3621],[24.3998,37.3669],[24.3945,37.3692],[24.3983,37.3723],[24.3943,37.3761],[24.3878,37.3778],[24.3922,37.3802],[24.3897,37.3929],[24.3952,37.3886],[24.3978,37.3898],[24.395,37.397],[24.3898,37.3982],[24.3993,37.4011],[24.3893,37.4102],[24.3972,37.4141],[24.3821,37.4156],[24.3812,37.4112],[24.3655,37.4105],[24.3654,37.4135],[24.379,37.4152],[24.3658,37.4174],[24.3653,37.4231],[24.375,37.4306],[24.3711,37.4323],[24.3735,37.4368],[24.3937,37.4522],[24.4005,37.4629],[24.4349,37.4833],[24.4386,37.4819],[24.4372,37.4728],[24.4334,37.471],[24.4359,37.4608],[24.4288,37.4598],[24.4315,37.4452],[24.4255,37.4422],[24.4304,37.4383],[24.4344,37.4393],[24.4323,37.4423],[24.4445,37.4396],[24.4409,37.4282],[24.4682,37.4277],[24.4862,37.3999],[24.4827,37.4009],[24.484,37.3959],[24.4726,37.3872],[24.4693,37.3997],[24.4638,37.3925],[24.4569,37.3966],[24.4535,37.383]]],[[[24.3897,37.4035],[24.3893,37.4047],[24.3908,37.4049],[24.3897,37.4035]]]]}},{"type":"Feature","properties":{"code":"9119","name":"Παξών","pe":"Π.Ε. Κέρκυρας"},"geometry":{"type":"MultiPolygon","coordinates":[[[[20.1924,39.2039],[20.1862,39.1998],[20.1882,39.1955],[20.206,39.1872],[20.2048,39.1789],[20.2093,39.1748],[20.1759,39.1764],[20.1769,39.1805],[20.1619,39.1822],[20.1644,39.1898],[20.1536,39.1906],[20.1459,39.1965],[20.1466,39.2014],[20.1392,39.1988],[20.1364,39.2051],[20.1406,39.2095],[20.1311,39.215],[20.1331,39.2206],[20.1223,39.2231],[20.1222,39.241],[20.1295,39.2444],[20.1299,39.238],[20.134,39.243],[20.1534,39.2321],[20.1614,39.2318],[20.1607,39.228],[20.172,39.2214],[20.1693,39.2171],[20.1924,39.2039]]],[[[19.918,39.344],[19.9185,39.3437],[19.9182,39.3434],[19.918,39.344]]],[[[19.9162,39.3449],[19.917,39.346],[19.9172,39.3455],[19.9162,39.3449]]],[[[19.9116,39.3476],[19.9117,39.3469],[19.9112,39.3467],[19.9116,39.3476]]],[[[19.9748,39.3864],[19.975,39.3862],[19.9746,39.3859],[19.9748,39.3864]]],[[[19.9802,39.3896],[19.9803,39.3891],[19.98,39.3893],[19.9802,39.3896]]],[[[19.9801,39.3906],[19.9795,39.3902],[19.9798,39.3907],[19.9801,39.3906]]],[[[19.9805,39.3909],[19.9801,39.3909],[19.9803,39.3912],[19.9805,39.3909]]],[[[20.2553,39.1207],[20.2578,39.1206],[20.2535,39.1196],[20.2553,39.1207]]],[[[20.2294,39.1556],[20.2374,39.1461],[20.2438,39.1465],[20.2474,39.1374],[20.2597,39.1315],[20.2398,39.1298],[20.244,39.1332],[20.2365,39.1336],[20.2308,39.1401],[20.2201,39.1393],[20.2194,39.1468],[20.2122,39.1486],[20.2294,39.1556]]],[[[20.2165,39.1446],[20.2185,39.1436],[20.2174,39.1429],[20.2165,39.1446]]],[[[20.2154,39.1745],[20.2145,39.1761],[20.2183,39.1776],[20.2154,39.1745]]],[[[20.207,39.1805],[20.2134,39.1813],[20.2148,39.1742],[20.207,39.1805]]],[[[20.1875,39.1999],[20.1939,39.2013],[20.1938,39.1982],[20.1875,39.1999]]],[[[20.1987,39.2037],[20.1961,39.2015],[20.1955,39.2022],[20.1987,39.2037]]]]}},{"type":"Feature","properties":{"code":"9118","name":"Κέρκυρας","pe":"Π.Ε. Κέρκυρας"},"geometry":{"type":"MultiPolygon","coordinates":[[[[19.6774,39.6782],[19.6769,39.6784],[19.6775,39.6789],[19.6774,39.6782]]],[[[19.6353,39.7274],[19.6358,39.7243],[19.6343,39.7292],[19.6353,39.7274]]],[[[19.636,39.7329],[19.6362,39.7335],[19.6368,39.7326],[19.636,39.7329]]],[[[19.6363,39.7344],[19.6359,39.7345],[19.636,39.7349],[19.6363,39.7344]]],[[[19.5135,39.7455],[19.5125,39.7463],[19.513,39.7467],[19.5135,39.7455]]],[[[19.5903,39.7649],[19.591,39.763],[19.5873,39.7648],[19.5903,39.7649]]],[[[19.5902,39.7687],[19.5951,39.7722],[19.5971,39.7675],[19.5929,39.7637],[19.5902,39.7687]]],[[[19.5366,39.7593],[19.5231,39.759],[19.508,39.7836],[19.5109,39.7857],[19.5199,39.7806],[19.5366,39.7593]]],[[[19.4966,39.7736],[19.4961,39.7702],[19.4955,39.7705],[19.4966,39.7736]]],[[[19.6726,39.7998],[19.6735,39.7991],[19.6732,39.7988],[19.6726,39.7998]]],[[[19.375,39.8459],[19.3746,39.8457],[19.3745,39.8465],[19.375,39.8459]]],[[[19.4014,39.8599],[19.4218,39.8669],[19.433,39.8633],[19.4208,39.8565],[19.4113,39.84],[19.4034,39.842],[19.3919,39.8358],[19.3833,39.8423],[19.3754,39.8424],[19.3738,39.8585],[19.3819,39.8688],[19.4014,39.8599]]],[[[19.5969,39.8895],[19.5935,39.8787],[19.5807,39.88],[19.5764,39.8754],[19.5701,39.8842],[19.5687,39.8968],[19.5739,39.9008],[19.5969,39.8895]]],[[[19.8498,39.5112],[19.8496,39.5106],[19.8489,39.5109],[19.8498,39.5112]]],[[[19.8418,39.5364],[19.8429,39.536],[19.842,39.5352],[19.8418,39.5364]]],[[[19.829,39.5682],[19.8287,39.569],[19.8295,39.5691],[19.829,39.5682]]],[[[19.8175,39.5742],[19.8171,39.5743],[19.8171,39.5746],[19.8175,39.5742]]],[[[19.8183,39.5745],[19.818,39.5742],[19.8177,39.5747],[19.8183,39.5745]]],[[[19.8478,39.8132],[19.874,39.8157],[19.8819,39.8007],[19.8885,39.7969],[19.9099,39.7927],[19.9126,39.788],[19.9184,39.7887],[19.9159,39.7913],[19.9197,39.7953],[19.9271,39.7852],[19.9385,39.7792],[19.9426,39.7811],[19.942,39.7888],[19.9566,39.7758],[19.955,39.7665],[19.9478,39.7672],[19.9505,39.765],[19.945,39.7598],[19.9469,39.7549],[19.9403,39.7537],[19.9409,39.7424],[19.9339,39.743],[19.9305,39.7337],[19.9041,39.7237],[19.8795,39.7219],[19.863,39.7107],[19.8454,39.707],[19.838,39.6956],[19.848,39.6867],[19.8436,39.6863],[19.8415,39.676],[19.851,39.6676],[19.8578,39.6693],[19.8622,39.6646],[19.8568,39.6658],[19.8523,39.6582],[19.8461,39.6628],[19.8411,39.659],[19.8498,39.6464],[19.8586,39.6461],[19.8546,39.6519],[19.8573,39.6556],[19.8667,39.639],[19.8876,39.6357],[19.8908,39.6303],[19.8971,39.6316],[19.9024,39.6268],[19.9323,39.6247],[19.9208,39.6163],[19.9221,39.6119],[19.9281,39.6117],[19.9246,39.5941],[19.9141,39.5916],[19.9066,39.6073],[19.9022,39.6059],[19.9009,39.5993],[19.9144,39.5876],[19.9093,39.5674],[19.9125,39.5475],[19.9235,39.528],[19.9236,39.5043],[19.9295,39.4847],[19.9388,39.4713],[19.97,39.4599],[20.0016,39.4568],[20.0102,39.437],[20.018,39.4333],[20.0558,39.443],[20.072,39.4607],[20.0774,39.4441],[20.0878,39.4363],[20.0955,39.4223],[20.0973,39.407],[20.107,39.3923],[20.1223,39.3795],[20.1119,39.3607],[20.097,39.3676],[20.0836,39.3661],[20.0326,39.391],[20.0003,39.3985],[19.9826,39.4149],[19.9685,39.4208],[19.934,39.4314],[19.9115,39.4304],[19.8994,39.4421],[19.8699,39.456],[19.8662,39.4725],[19.8523,39.4918],[19.8505,39.5192],[19.8423,39.5297],[19.8499,39.5455],[19.842,39.558],[19.8347,39.5616],[19.8305,39.5746],[19.8067,39.5928],[19.7753,39.6014],[19.773,39.6051],[19.7771,39.612],[19.7422,39.6237],[19.7348,39.6461],[19.7295,39.6524],[19.7205,39.654],[19.7262,39.6588],[19.7218,39.6665],[19.7293,39.674],[19.7127,39.6709],[19.7152,39.6732],[19.7094,39.6757],[19.7084,39.6703],[19.7029,39.6722],[19.7017,39.6686],[19.7009,39.6733],[19.6731,39.6806],[19.6775,39.7023],[19.6836,39.7093],[19.682,39.7144],[19.6645,39.7221],[19.6538,39.7109],[19.6529,39.7152],[19.6577,39.7155],[19.653,39.7176],[19.6576,39.7257],[19.6553,39.7342],[19.6428,39.75],[19.6294,39.7527],[19.6436,39.7565],[19.6527,39.7749],[19.6679,39.7891],[19.6735,39.7961],[19.6741,39.8007],[19.6784,39.7952],[19.698,39.7982],[19.7119,39.7905],[19.7488,39.8],[19.7613,39.7936],[19.7787,39.7982],[19.7952,39.7899],[19.8224,39.8013],[19.8467,39.8218],[19.8605,39.8187],[19.8478,39.8132]]],[[[19.7279,39.6362],[19.727,39.6356],[19.7265,39.6359],[19.7279,39.6362]]],[[[19.9183,39.6399],[19.9157,39.6394],[19.9266,39.6452],[19.9267,39.6374],[19.9183,39.6399]]],[[[19.8806,39.6499],[19.8824,39.6482],[19.8793,39.648],[19.8806,39.6499]]],[[[19.6957,39.6685],[19.6956,39.6679],[19.6946,39.6679],[19.6957,39.6685]]],[[[19.6982,39.6691],[19.6986,39.6693],[19.6987,39.6691],[19.6982,39.6691]]],[[[19.695,39.7989],[19.6939,39.8],[19.6949,39.7993],[19.695,39.7989]]]]}},{"type":"Feature","properties":{"code":"9014","name":"Παγγαίου","pe":"Π.Ε. Καβάλας"},"geometry":{"type":"MultiPolygon","coordinates":[[[[24.3084,40.836],[24.3074,40.836],[24.3076,40.8367],[24.3084,40.836]]],[[[24.3303,40.8807],[24.3214,40.8836],[24.3152,40.8731],[24.3181,40.8662],[24.337,40.8592],[24.3313,40.8542],[24.3322,40.8442],[24.3265,40.8431],[24.3194,40.8507],[24.3125,40.8495],[24.3066,40.8426],[24.3053,40.8324],[24.3137,40.8241],[24.3321,40.8308],[24.3403,40.8255],[24.2807,40.8095],[24.224,40.7806],[24.198,40.7719],[24.1462,40.74],[24.0742,40.7184],[24.0455,40.7182],[23.9135,40.7558],[23.8678,40.7787],[23.8727,40.7857],[23.8601,40.7963],[23.885,40.8076],[23.8928,40.8156],[23.9261,40.8166],[23.9612,40.8318],[23.9753,40.8462],[23.9894,40.8508],[23.9936,40.8634],[24.027,40.882],[24.0268,40.8909],[24.0415,40.8962],[24.0671,40.8962],[24.0567,40.9175],[24.0762,40.923],[24.0897,40.9144],[24.0974,40.9147],[24.1004,40.9203],[24.0913,40.9355],[24.1142,40.9573],[24.1021,40.9759],[24.1144,40.9926],[24.1179,41.0061],[24.1319,41.0001],[24.1622,40.9999],[24.1669,41.0049],[24.1944,40.9903],[24.1995,40.9966],[24.2278,40.9911],[24.2294,40.9841],[24.2439,40.981],[24.2402,40.9704],[24.338,40.9492],[24.3379,40.957],[24.3464,40.9615],[24.3574,40.9524],[24.3561,40.9302],[24.351,40.9208],[24.3274,40.9128],[24.3423,40.8993],[24.3303,40.8807]]]]}},{"type":"Feature","properties":{"code":"9012","name":"Καβάλας","pe":"Π.Ε. Καβάλας"},"geometry":{"type":"MultiPolygon","coordinates":[[[[24.3493,40.8701],[24.3504,40.8667],[24.3476,40.8662],[24.3459,40.87],[24.3493,40.8701]]],[[[24.3331,40.8775],[24.3345,40.8776],[24.3343,40.8773],[24.3331,40.8775]]],[[[24.3912,40.9208],[24.3917,40.9206],[24.3921,40.9198],[24.3912,40.9208]]],[[[24.2616,40.9937],[24.2729,41.0077],[24.2576,41.0061],[24.2566,41.0123],[24.2423,41.011],[24.2406,41.0221],[24.2677,41.0307],[24.2694,41.0443],[24.2843,41.0468],[24.3014,41.0635],[24.3361,41.0547],[24.3743,41.0891],[24.3902,41.0906],[24.4128,41.1057],[24.4334,41.1119],[24.4628,41.1311],[24.4639,41.1396],[24.4718,41.1385],[24.4759,41.129],[24.4735,41.1077],[24.4981,41.0882],[24.5003,41.0595],[24.512,41.0506],[24.5085,41.0439],[24.5258,41.0333],[24.533,41.0185],[24.5462,41.0166],[24.5348,41.0051],[24.546,40.9924],[24.5447,40.9679],[24.5489,40.9542],[24.5087,40.9585],[24.5039,40.9538],[24.483,40.9537],[24.481,40.9486],[24.4779,40.9525],[24.4701,40.9505],[24.4693,40.9425],[24.4572,40.9413],[24.4442,40.9464],[24.4287,40.9439],[24.4251,40.9357],[24.4183,40.9366],[24.4143,40.9294],[24.4061,40.9305],[24.4123,40.9312],[24.4099,40.9363],[24.3944,40.9335],[24.3915,40.9228],[24.3827,40.9196],[24.3847,40.9144],[24.3786,40.915],[24.3796,40.9101],[24.3749,40.9076],[24.3671,40.9082],[24.3609,40.8987],[24.3517,40.9029],[24.3423,40.8993],[24.3274,40.9128],[24.3544,40.9245],[24.3578,40.951],[24.3489,40.9599],[24.3449,40.962],[24.3379,40.957],[24.338,40.9492],[24.2538,40.9695],[24.2616,40.9937]]]]}},{"type":"Feature","properties":{"code":"9013","name":"Νέστου","pe":"Π.Ε. Καβάλας"},"geometry":{"type":"Polygon","coordinates":[[[24.4881,41.137],[24.4969,41.1499],[24.4842,41.1584],[24.4855,41.166],[24.4813,41.169],[24.4925,41.1774],[24.49,41.1877],[24.4952,41.1989],[24.5185,41.1944],[24.5437,41.2033],[24.5607,41.2014],[24.5674,41.1919],[24.5748,41.1892],[24.599,41.1957],[24.6186,41.1953],[24.6307,41.2033],[24.6644,41.2064],[24.6932,41.2033],[24.7016,41.1865],[24.699,41.1749],[24.6939,41.1697],[24.6733,41.1656],[24.6692,41.1603],[24.6723,41.154],[24.6854,41.1507],[24.6938,41.1406],[24.6864,41.1309],[24.6949,41.1164],[24.7026,41.12],[24.7066,41.1127],[24.7107,41.1139],[24.7166,41.1076],[24.7376,41.1056],[24.7292,41.1011],[24.7307,41.0975],[24.7412,41.103],[24.7449,41.0962],[24.7493,41.1018],[24.7502,41.0932],[24.7564,41.0963],[24.7591,41.0914],[24.7746,41.0888],[24.7577,41.0709],[24.7329,41.0193],[24.7413,41.0054],[24.7436,40.9906],[24.7576,40.9771],[24.7576,40.9563],[24.7969,40.905],[24.7995,40.8805],[24.8036,40.8752],[24.8014,40.8696],[24.8135,40.8581],[24.8061,40.8478],[24.7956,40.8461],[24.764,40.86],[24.7342,40.8533],[24.6973,40.8524],[24.6864,40.8561],[24.702,40.8561],[24.6958,40.8657],[24.6706,40.8727],[24.627,40.8587],[24.61,40.887],[24.577,40.9136],[24.5489,40.9542],[24.5447,40.9679],[24.546,40.9924],[24.5348,41.0051],[24.5462,41.0166],[24.533,41.0185],[24.5258,41.0333],[24.5085,41.0439],[24.512,41.0506],[24.5003,41.0595],[24.4981,41.0882],[24.4735,41.1077],[24.4761,41.1263],[24.4718,41.1385],[24.4881,41.137]]]}},{"type":"Feature","properties":{"code":"9275","name":"Αστυπαλαίας","pe":"Π.Ε. Καλύμνου"},"geometry":{"type":"MultiPolygon","coordinates":[[[[26.2292,36.5301],[26.2287,36.5312],[26.2295,36.5315],[26.2292,36.5301]]],[[[26.144,36.5496],[26.1319,36.5545],[26.1479,36.5631],[26.1449,36.5268],[26.144,36.5496]]],[[[26.2325,36.5549],[26.2255,36.5495],[26.2216,36.5622],[26.2325,36.5549]]],[[[26.3706,36.637],[26.3783,36.6399],[26.3757,36.6438],[26.3935,36.644],[26.3983,36.6356],[26.4002,36.642],[26.4016,36.6374],[26.4211,36.63],[26.435,36.6186],[26.433,36.6137],[26.4384,36.6165],[26.4432,36.6083],[26.4537,36.6063],[26.4734,36.58],[26.4631,36.583],[26.4528,36.5775],[26.4461,36.5823],[26.4538,36.5809],[26.4539,36.5843],[26.4457,36.5905],[26.4286,36.5847],[26.4298,36.5778],[26.4255,36.576],[26.4217,36.5862],[26.4179,36.5724],[26.4065,36.5776],[26.4054,36.5698],[26.397,36.5769],[26.3848,36.5767],[26.3852,36.5709],[26.3768,36.5751],[26.3734,36.5724],[26.3653,36.5783],[26.369,36.5626],[26.3633,36.5681],[26.3604,36.5639],[26.3528,36.5656],[26.3545,36.5596],[26.3609,36.5564],[26.3578,36.5548],[26.3598,36.5501],[26.3527,36.5489],[26.3585,36.5436],[26.3441,36.5437],[26.3402,36.5399],[26.3441,36.5331],[26.3574,36.5278],[26.3675,36.5098],[26.3591,36.5126],[26.3506,36.5088],[26.3381,36.5147],[26.325,36.5069],[26.3156,36.5101],[26.3157,36.5146],[26.3076,36.5154],[26.305,36.5206],[26.3009,36.5149],[26.2934,36.5207],[26.2899,36.5179],[26.2786,36.55],[26.273,36.5493],[26.2629,36.5561],[26.2732,36.5583],[26.2702,36.5645],[26.2739,36.5686],[26.2606,36.5818],[26.2656,36.5863],[26.2599,36.5927],[26.2673,36.594],[26.2664,36.6006],[26.278,36.5977],[26.2797,36.593],[26.2741,36.5918],[26.2796,36.5864],[26.2838,36.5878],[26.2832,36.5959],[26.2873,36.5986],[26.2903,36.5925],[26.2923,36.5987],[26.3074,36.5956],[26.3256,36.5816],[26.338,36.5811],[26.3415,36.5701],[26.3573,36.5709],[26.3622,36.5764],[26.3594,36.5796],[26.363,36.5882],[26.3715,36.5854],[26.3817,36.5948],[26.402,36.5832],[26.4035,36.5876],[26.3921,36.6011],[26.3972,36.6056],[26.3895,36.6104],[26.3969,36.6172],[26.4098,36.6179],[26.4128,36.622],[26.3915,36.6202],[26.3959,36.6179],[26.3826,36.6133],[26.3859,36.6183],[26.3793,36.6182],[26.3821,36.6229],[26.3741,36.6251],[26.379,36.6297],[26.3706,36.637]]],[[[26.2558,36.576],[26.2575,36.5795],[26.2596,36.5783],[26.2558,36.576]]],[[[26.3566,36.5947],[26.3584,36.5978],[26.3623,36.5931],[26.3566,36.5947]]],[[[26.3589,36.6006],[26.3587,36.5983],[26.3561,36.6019],[26.3589,36.6006]]],[[[26.2715,36.6057],[26.2708,36.6055],[26.2706,36.6062],[26.2715,36.6057]]],[[[26.3446,36.6115],[26.3382,36.6136],[26.3458,36.6149],[26.3561,36.6031],[26.3446,36.6115]]],[[[26.1689,36.9023],[26.1721,36.8997],[26.1711,36.8995],[26.1689,36.9023]]],[[[26.1645,36.9027],[26.1647,36.903],[26.1651,36.9027],[26.1645,36.9027]]],[[[26.171,36.9061],[26.171,36.9066],[26.1717,36.9064],[26.171,36.9061]]],[[[26.169,36.9059],[26.1628,36.907],[26.1653,36.9121],[26.1696,36.9107],[26.169,36.9059]]],[[[26.3063,36.9906],[26.3109,36.9827],[26.3023,36.9761],[26.2931,36.9778],[26.2933,36.9737],[26.2878,36.9772],[26.2921,36.9716],[26.2873,36.9692],[26.2701,36.9741],[26.2703,36.9791],[26.2779,36.9828],[26.2709,36.9879],[26.2841,36.9819],[26.3063,36.9906]]],[[[26.4354,35.9947],[26.4359,35.9954],[26.4364,35.9947],[26.4354,35.9947]]],[[[26.4345,36.0008],[26.4356,36.0026],[26.4363,36.0015],[26.4345,36.0008]]],[[[26.4081,36.0467],[26.409,36.0515],[26.4111,36.0461],[26.4081,36.0467]]],[[[26.4046,36.0571],[26.403,36.0574],[26.4049,36.0586],[26.4046,36.0571]]],[[[26.4062,36.0693],[26.4059,36.0695],[26.4065,36.0701],[26.4062,36.0693]]],[[[26.3932,36.0731],[26.3963,36.0768],[26.3917,36.083],[26.4053,36.0775],[26.4024,36.0689],[26.4085,36.0653],[26.4016,36.0658],[26.3932,36.0731]]],[[[26.4428,36.544],[26.4431,36.5444],[26.4442,36.5437],[26.4428,36.544]]],[[[26.408,36.5473],[26.4093,36.5466],[26.4079,36.546],[26.408,36.5473]]],[[[26.4499,36.5482],[26.4468,36.5461],[26.446,36.5473],[26.4499,36.5482]]],[[[26.4005,36.5512],[26.4059,36.5508],[26.4068,36.5469],[26.4012,36.5462],[26.4005,36.5512]]],[[[26.4478,36.555],[26.4551,36.5556],[26.4457,36.5482],[26.4399,36.5477],[26.4478,36.555]]],[[[26.3914,36.5618],[26.3892,36.5699],[26.398,36.5606],[26.3914,36.5618]]],[[[26.4057,36.5658],[26.4049,36.5626],[26.3997,36.5622],[26.3996,36.5683],[26.4057,36.5658]]],[[[26.39,36.6039],[26.3891,36.6048],[26.3904,36.605],[26.39,36.6039]]],[[[26.5097,35.9259],[26.5098,35.9239],[26.5083,35.9251],[26.5097,35.9259]]],[[[26.693,36.2816],[26.6926,36.2814],[26.6921,36.282],[26.693,36.2816]]],[[[26.7527,36.2827],[26.7392,36.2845],[26.7451,36.2899],[26.7527,36.2827]]],[[[26.7373,36.2986],[26.7393,36.3032],[26.7433,36.301],[26.7433,36.2928],[26.7373,36.2986]]],[[[26.7613,36.2982],[26.7545,36.3012],[26.7563,36.302],[26.7613,36.2982]]],[[[26.727,36.3239],[26.7271,36.3236],[26.7266,36.3238],[26.727,36.3239]]],[[[26.7302,36.3264],[26.731,36.3263],[26.7301,36.3251],[26.7302,36.3264]]],[[[26.6812,36.3598],[26.6896,36.3463],[26.6971,36.3429],[26.6934,36.3354],[26.6871,36.3361],[26.6894,36.3304],[26.6833,36.3255],[26.6779,36.338],[26.6735,36.3298],[26.6611,36.3361],[26.6623,36.3427],[26.6678,36.3409],[26.6546,36.3554],[26.6812,36.3598]]],[[[26.6005,36.4206],[26.6025,36.4194],[26.5959,36.4179],[26.6005,36.4206]]],[[[26.6213,36.4236],[26.6249,36.4204],[26.6235,36.4196],[26.6164,36.4207],[26.6213,36.4236]]],[[[26.4615,36.5271],[26.4675,36.5307],[26.4613,36.5338],[26.4652,36.5384],[26.4589,36.5416],[26.4603,36.5444],[26.4709,36.5409],[26.4729,36.5365],[26.4682,36.5312],[26.4767,36.532],[26.4615,36.5271]]],[[[26.4522,36.5374],[26.4506,36.5365],[26.4505,36.5369],[26.4522,36.5374]]],[[[26.4488,36.5411],[26.4505,36.5426],[26.4508,36.542],[26.4488,36.5411]]],[[[26.4543,36.5564],[26.4544,36.5561],[26.4534,36.5562],[26.4543,36.5564]]]]}},{"type":"Feature","properties":{"code":"9279","name":"Πάτμου","pe":"Π.Ε. Καλύμνου"},"geometry":{"type":"MultiPolygon","coordinates":[[[[26.3277,36.9881],[26.3297,36.9858],[26.3209,36.9843],[26.3277,36.9881]]],[[[26.4537,36.9907],[26.4514,36.9904],[26.4525,36.9911],[26.4537,36.9907]]],[[[26.3681,36.9928],[26.3614,36.9919],[26.3756,36.996],[26.3681,36.9928]]],[[[26.3865,36.9922],[26.3761,36.9962],[26.3804,36.9971],[26.3865,36.9922]]],[[[26.4302,37.0122],[26.4451,37.0066],[26.4421,37.0113],[26.4512,37.0089],[26.4498,37.0136],[26.4569,37.0104],[26.4537,37.0194],[26.4597,37.0229],[26.4579,37.016],[26.4636,37.0092],[26.4737,37.0115],[26.4864,37.0078],[26.4975,36.9967],[26.4694,36.9961],[26.4619,36.998],[26.4712,37.0009],[26.463,37.004],[26.4451,36.9987],[26.4519,36.9957],[26.4521,36.9914],[26.4182,36.9926],[26.4221,36.9977],[26.4328,36.9943],[26.4414,36.9983],[26.4238,37.0035],[26.4302,37.0122]]],[[[26.4547,37.0217],[26.4549,37.0213],[26.4524,37.0222],[26.4547,37.0217]]],[[[26.5589,37.2661],[26.5589,37.2679],[26.5602,37.2671],[26.5589,37.2661]]],[[[26.5412,37.2757],[26.5407,37.2761],[26.5411,37.2762],[26.5412,37.2757]]],[[[26.527,37.2876],[26.5275,37.2874],[26.5267,37.2873],[26.527,37.2876]]],[[[26.5651,37.3126],[26.5657,37.3123],[26.5652,37.312],[26.5651,37.3126]]],[[[26.56,37.3357],[26.5605,37.3357],[26.5605,37.3355],[26.56,37.3357]]],[[[26.5637,37.3375],[26.5636,37.3398],[26.5664,37.3395],[26.5637,37.3375]]],[[[26.4914,37.4121],[26.4977,37.4107],[26.4962,37.4078],[26.4876,37.4088],[26.4914,37.4121]]],[[[26.4432,37.4112],[26.4448,37.4128],[26.4454,37.4116],[26.4432,37.4112]]],[[[26.5786,37.2903],[26.5782,37.2899],[26.5779,37.2903],[26.5786,37.2903]]],[[[26.5692,37.2972],[26.5721,37.2901],[26.566,37.2909],[26.5692,37.2972]]],[[[26.6029,37.3026],[26.6032,37.3026],[26.6033,37.3022],[26.6029,37.3026]]],[[[26.6072,37.3097],[26.6057,37.3031],[26.6023,37.3054],[26.6016,37.3091],[26.6072,37.3097]]],[[[26.5959,37.3199],[26.5957,37.3196],[26.5953,37.3199],[26.5959,37.3199]]],[[[26.5982,37.3222],[26.5972,37.3228],[26.5982,37.3232],[26.5982,37.3222]]],[[[26.604,37.3238],[26.6051,37.3234],[26.6037,37.3234],[26.604,37.3238]]],[[[26.5777,37.3765],[26.5751,37.3672],[26.5964,37.3641],[26.5993,37.3472],[26.6143,37.3398],[26.6021,37.3347],[26.5985,37.3423],[26.5675,37.351],[26.5649,37.3494],[26.5687,37.3434],[26.5558,37.3418],[26.5606,37.338],[26.5597,37.3361],[26.5606,37.3314],[26.555,37.3298],[26.5615,37.3266],[26.5522,37.3232],[26.544,37.3291],[26.5434,37.3244],[26.5738,37.3027],[26.561,37.3026],[26.5631,37.2969],[26.5598,37.2925],[26.5607,37.2877],[26.5729,37.2816],[26.5732,37.2694],[26.5584,37.2689],[26.5415,37.276],[26.5444,37.2844],[26.5556,37.2866],[26.5549,37.2918],[26.5429,37.2941],[26.5308,37.2868],[26.5254,37.2941],[26.5314,37.2968],[26.5307,37.3196],[26.5379,37.3204],[26.5308,37.3286],[26.545,37.335],[26.5367,37.3394],[26.5337,37.354],[26.5407,37.3558],[26.5312,37.3639],[26.5321,37.3754],[26.5377,37.3775],[26.546,37.3719],[26.5441,37.3675],[26.5505,37.3659],[26.5621,37.37],[26.56,37.3745],[26.5684,37.3758],[26.5662,37.3808],[26.5777,37.3765]]],[[[26.5927,37.3381],[26.5926,37.339],[26.5944,37.3398],[26.5927,37.3381]]],[[[26.5869,37.3438],[26.5886,37.3404],[26.586,37.3404],[26.5869,37.3438]]],[[[26.5967,37.3646],[26.5963,37.3654],[26.597,37.3655],[26.5967,37.3646]]],[[[26.5974,37.366],[26.5968,37.3657],[26.5967,37.3663],[26.5974,37.366]]],[[[26.5996,37.3681],[26.6003,37.3673],[26.5999,37.3671],[26.5996,37.3681]]]]}},{"type":"Feature","properties":{"code":"9277","name":"Λειψών","pe":"Π.Ε. Καλύμνου"},"geometry":{"type":"MultiPolygon","coordinates":[[[[26.6967,37.223],[26.6969,37.2227],[26.6962,37.223],[26.6967,37.223]]],[[[26.6997,37.2286],[26.6996,37.2295],[26.7007,37.2297],[26.6997,37.2286]]],[[[26.7197,37.2593],[26.7213,37.2532],[26.7141,37.2547],[26.7197,37.2593]]],[[[26.7126,37.3347],[26.7163,37.3331],[26.7086,37.329],[26.7126,37.3347]]],[[[26.7276,37.3365],[26.7267,37.3391],[26.7284,37.3385],[26.7276,37.3365]]],[[[26.7185,37.3394],[26.72,37.3388],[26.7188,37.3373],[26.7185,37.3394]]],[[[26.7203,37.3394],[26.7206,37.3402],[26.7216,37.3399],[26.7203,37.3394]]],[[[26.7252,37.3408],[26.7253,37.3404],[26.7247,37.3408],[26.7252,37.3408]]],[[[26.7226,37.344],[26.7238,37.3445],[26.7241,37.3418],[26.7226,37.344]]],[[[26.732,37.3631],[26.731,37.3655],[26.7328,37.3651],[26.732,37.3631]]],[[[26.6967,37.365],[26.7035,37.3647],[26.6985,37.3711],[26.7132,37.3684],[26.7083,37.3569],[26.6967,37.365]]],[[[26.7209,37.3724],[26.7223,37.3747],[26.7286,37.3687],[26.7279,37.3633],[26.7209,37.3724]]],[[[26.7178,37.3772],[26.7184,37.3769],[26.718,37.3707],[26.7139,37.3732],[26.7178,37.3772]]],[[[26.7239,37.4063],[26.7265,37.4061],[26.7253,37.4043],[26.7239,37.4063]]],[[[26.7505,37.2648],[26.7517,37.2686],[26.7531,37.2671],[26.7505,37.2648]]],[[[26.7594,37.2674],[26.7579,37.266],[26.7561,37.2674],[26.7594,37.2674]]],[[[26.7445,37.271],[26.7497,37.2702],[26.7492,37.2697],[26.7445,37.271]]],[[[26.7517,37.2732],[26.7528,37.272],[26.7513,37.2713],[26.7517,37.2732]]],[[[26.7309,37.2743],[26.741,37.2754],[26.7435,37.2732],[26.7309,37.2743]]],[[[26.747,37.2733],[26.745,37.2721],[26.7446,37.2747],[26.747,37.2733]]],[[[26.7257,37.3215],[26.7178,37.3251],[26.7217,37.3287],[26.7362,37.3258],[26.744,37.3197],[26.7416,37.3122],[26.7669,37.3033],[26.7862,37.3086],[26.7932,37.3],[26.7879,37.2934],[26.7922,37.2885],[26.7829,37.2849],[26.7829,37.2754],[26.7773,37.2782],[26.7774,37.2838],[26.7683,37.281],[26.7667,37.2759],[26.763,37.2897],[26.758,37.2918],[26.766,37.2902],[26.7678,37.2959],[26.7636,37.2983],[26.7543,37.2981],[26.745,37.292],[26.7362,37.3009],[26.7163,37.303],[26.7189,37.3052],[26.7156,37.3121],[26.7099,37.3149],[26.7143,37.3167],[26.7102,37.3179],[26.7152,37.3211],[26.7172,37.317],[26.7249,37.3173],[26.7226,37.3213],[26.7257,37.3215]]],[[[26.7577,37.352],[26.7584,37.3508],[26.7566,37.3498],[26.7577,37.352]]],[[[26.7427,37.3569],[26.7418,37.3591],[26.742,37.3593],[26.7427,37.3569]]],[[[26.7503,37.3596],[26.7505,37.3583],[26.7487,37.3593],[26.7503,37.3596]]],[[[26.7479,37.3599],[26.7467,37.3601],[26.7476,37.3603],[26.7479,37.3599]]],[[[26.7585,37.3601],[26.7589,37.3589],[26.7498,37.3613],[26.7504,37.365],[26.7585,37.3601]]],[[[26.7496,37.3654],[26.7481,37.3641],[26.747,37.3665],[26.7496,37.3654]]],[[[26.7371,37.3896],[26.75,37.3847],[26.7598,37.3747],[26.7487,37.3716],[26.7445,37.3614],[26.7394,37.3694],[26.7433,37.3751],[26.7388,37.3729],[26.7395,37.378],[26.7333,37.3726],[26.7368,37.3824],[26.7297,37.3791],[26.7251,37.3902],[26.7176,37.3881],[26.7179,37.3963],[26.7104,37.4026],[26.7173,37.407],[26.7182,37.4129],[26.7214,37.4104],[26.7195,37.4038],[26.736,37.395],[26.7371,37.3896]]],[[[26.8071,37.2548],[26.8083,37.2554],[26.8078,37.2547],[26.8071,37.2548]]],[[[26.8145,37.2562],[26.8146,37.2557],[26.8121,37.2549],[26.8145,37.2562]]],[[[26.7695,37.276],[26.7712,37.2797],[26.7709,37.2783],[26.7695,37.276]]],[[[26.7999,37.2789],[26.8002,37.2785],[26.7998,37.2786],[26.7999,37.2789]]],[[[26.7991,37.2785],[26.7989,37.279],[26.7995,37.2786],[26.7991,37.2785]]],[[[26.7931,37.2828],[26.7916,37.2838],[26.7925,37.2841],[26.7931,37.2828]]],[[[26.7986,37.2857],[26.8012,37.2824],[26.8003,37.2818],[26.7986,37.2857]]],[[[26.809,37.3063],[26.8085,37.3054],[26.8051,37.3071],[26.809,37.3063]]],[[[26.8012,37.3083],[26.7984,37.3094],[26.8048,37.3073],[26.8012,37.3083]]],[[[26.7803,37.3095],[26.7804,37.3103],[26.7812,37.3099],[26.7803,37.3095]]],[[[26.8098,37.3161],[26.8104,37.3155],[26.8085,37.3162],[26.8098,37.3161]]],[[[26.8055,37.3191],[26.8067,37.316],[26.8033,37.3177],[26.8055,37.3191]]],[[[26.7649,37.3526],[26.7628,37.3541],[26.766,37.358],[26.7712,37.3556],[26.7649,37.3526]]]]}},{"type":"Feature","properties":{"code":"9276","name":"Καλυμνίων","pe":"Π.Ε. Καλύμνου"},"geometry":{"type":"MultiPolygon","coordinates":[[[[26.9189,36.8883],[26.9239,36.8883],[26.9227,36.8838],[26.9189,36.8883]]],[[[26.9373,36.9119],[26.9296,36.9107],[26.9469,36.9175],[26.9373,36.9119]]],[[[26.9347,36.9318],[26.9342,36.9326],[26.9377,36.9321],[26.9347,36.9318]]],[[[27.058,36.9545],[27.0559,36.9541],[27.0555,36.9547],[27.058,36.9545]]],[[[26.9118,36.9742],[26.9078,36.9749],[26.9119,36.9785],[26.9118,36.9742]]],[[[26.9517,37.0579],[26.946,37.0652],[26.9562,37.0634],[26.9616,37.0567],[26.9924,37.0414],[26.9924,37.0372],[26.9709,37.0418],[26.9904,37.0205],[27.0076,37.0164],[27.0047,37.0038],[27.0145,37.0127],[27.0317,37.0154],[27.0492,37.0007],[27.0527,36.9955],[27.0418,36.9917],[27.0453,36.9863],[27.0385,36.9791],[27.04,36.9756],[27.0267,36.9745],[27.0462,36.9707],[27.0299,36.9583],[27.036,36.9544],[27.0449,36.9571],[27.0459,36.9516],[27.0555,36.9488],[27.0529,36.9453],[27.0335,36.9512],[27.0169,36.9463],[27.001,36.952],[26.9868,36.9514],[26.9827,36.9481],[26.9864,36.9481],[26.9879,36.9356],[26.9852,36.9251],[26.9704,36.9258],[26.9643,36.9315],[26.9627,36.9258],[26.9471,36.9299],[26.9404,36.9262],[26.941,36.932],[26.9275,36.9411],[26.9297,36.9466],[26.9091,36.9518],[26.9339,36.9696],[26.9252,36.9778],[26.9245,36.9859],[26.9393,37.0031],[26.9405,37.0149],[26.9368,37.0158],[26.9395,37.0197],[26.9672,37.0162],[26.9585,37.023],[26.9547,37.0334],[26.9407,37.0432],[26.9274,37.046],[26.9213,37.0433],[26.923,37.0381],[26.9135,37.0369],[26.9097,37.0407],[26.9139,37.0463],[26.9185,37.0453],[26.9189,37.0536],[26.8893,37.0658],[26.8804,37.0741],[26.8898,37.0804],[26.9065,37.0696],[26.9118,37.073],[26.9517,37.0579]]],[[[26.8836,37.0126],[26.8926,37.017],[26.9135,37.0167],[26.9238,37.0069],[26.92,36.992],[26.9155,36.9908],[26.9163,36.9997],[26.8836,37.0126]]],[[[26.8873,37.0042],[26.881,37.0051],[26.8822,37.0058],[26.8873,37.0042]]],[[[26.9333,37.0358],[26.9288,37.0301],[26.9246,37.0312],[26.9333,37.0358]]],[[[26.9117,37.0477],[26.912,37.047],[26.9113,37.0472],[26.9117,37.0477]]],[[[27.0668,37.0822],[27.0681,37.0819],[27.0655,37.0823],[27.0668,37.0822]]],[[[27.158,36.9185],[27.1588,36.9186],[27.1586,36.9182],[27.158,36.9185]]],[[[27.1488,36.9213],[27.1484,36.9212],[27.1483,36.9216],[27.1488,36.9213]]],[[[27.0947,36.9328],[27.0954,36.9329],[27.0953,36.9325],[27.0947,36.9328]]],[[[27.1581,36.9589],[27.1666,36.953],[27.1734,36.9517],[27.1511,36.9356],[27.1789,36.9213],[27.1581,36.926],[27.1443,36.9201],[27.1336,36.9219],[27.1311,36.9277],[27.1342,36.9321],[27.1251,36.9333],[27.1216,36.9412],[27.1091,36.9485],[27.1077,36.9556],[27.1318,36.9596],[27.1324,36.9554],[27.141,36.957],[27.1421,36.9491],[27.1581,36.9589]]],[[[27.0953,36.9336],[27.091,36.9373],[27.0903,36.9444],[27.0955,36.9465],[27.0922,36.9501],[27.0976,36.9505],[27.0953,36.9336]]],[[[27.1746,36.9441],[27.1735,36.9447],[27.1742,36.9448],[27.1746,36.9441]]],[[[27.0971,36.9538],[27.0978,36.9532],[27.0954,36.9533],[27.0971,36.9538]]],[[[27.1658,36.9547],[27.1656,36.9554],[27.1663,36.9552],[27.1658,36.9547]]],[[[27.1451,37.0466],[27.1443,37.0481],[27.1459,37.0479],[27.1451,37.0466]]],[[[27.1494,37.0499],[27.1506,37.0498],[27.1497,37.0488],[27.1494,37.0499]]],[[[27.0871,37.0662],[27.1074,37.0581],[27.0922,37.0556],[27.0705,37.0633],[27.0871,37.0662]]]]}},{"type":"Feature","properties":{"code":"9278","name":"Λέρου","pe":"Π.Ε. Καλύμνου"},"geometry":{"type":"MultiPolygon","coordinates":[[[[26.8124,37.1447],[26.8123,37.1451],[26.8132,37.1449],[26.8124,37.1447]]],[[[26.8122,37.1457],[26.8127,37.1459],[26.8125,37.1455],[26.8122,37.1457]]],[[[26.803,37.1489],[26.8039,37.1487],[26.8031,37.1486],[26.803,37.1489]]],[[[26.8141,37.1533],[26.814,37.1541],[26.8145,37.1541],[26.8141,37.1533]]],[[[26.7558,37.186],[26.7587,37.1866],[26.7578,37.1862],[26.7558,37.186]]],[[[26.7588,37.1875],[26.761,37.1885],[26.7609,37.1877],[26.7588,37.1875]]],[[[26.7594,37.1957],[26.7658,37.1937],[26.7613,37.1895],[26.7594,37.1957]]],[[[26.7534,37.1951],[26.7586,37.194],[26.7552,37.1945],[26.7534,37.1951]]],[[[26.7787,37.2086],[26.7706,37.2124],[26.781,37.2141],[26.789,37.2103],[26.776,37.2026],[26.7771,37.1988],[26.7713,37.1996],[26.7696,37.193],[26.7647,37.2019],[26.7787,37.2086]]],[[[26.7976,37.2103],[26.7985,37.21],[26.7969,37.2091],[26.7976,37.2103]]],[[[26.8867,37.0846],[26.8892,37.0873],[26.8908,37.0862],[26.889,37.0823],[26.8867,37.0846]]],[[[26.8837,37.0904],[26.8858,37.0917],[26.8868,37.0914],[26.8868,37.0876],[26.8837,37.0904]]],[[[26.8926,37.096],[26.8938,37.0943],[26.8891,37.0959],[26.8926,37.096]]],[[[26.9102,37.115],[26.9047,37.1132],[26.9008,37.1171],[26.9065,37.1194],[26.9102,37.115]]],[[[26.8881,37.144],[26.8903,37.1445],[26.8854,37.1413],[26.8855,37.1455],[26.8881,37.144]]],[[[26.8143,37.1473],[26.8152,37.1471],[26.8149,37.1467],[26.8143,37.1473]]],[[[26.85,37.1854],[26.8567,37.1875],[26.8543,37.1841],[26.8583,37.1779],[26.8502,37.1759],[26.8517,37.1701],[26.8376,37.1676],[26.836,37.1616],[26.8434,37.1566],[26.8602,37.1612],[26.864,37.1561],[26.8746,37.1554],[26.8704,37.1504],[26.8621,37.1507],[26.8595,37.1446],[26.8823,37.1279],[26.891,37.1149],[26.8875,37.0978],[26.8712,37.1093],[26.8685,37.1076],[26.8767,37.0973],[26.8722,37.1002],[26.8542,37.0959],[26.8432,37.0986],[26.8395,37.1066],[26.8311,37.1108],[26.852,37.1159],[26.854,37.1198],[26.8605,37.1185],[26.8558,37.1246],[26.8596,37.1311],[26.8371,37.125],[26.8234,37.1126],[26.815,37.1172],[26.8067,37.1337],[26.815,37.1335],[26.8183,37.1427],[26.8295,37.1449],[26.8297,37.1517],[26.8162,37.1557],[26.7982,37.1517],[26.7953,37.164],[26.7808,37.1689],[26.7741,37.1653],[26.7712,37.1732],[26.7646,37.1736],[26.7659,37.1821],[26.7711,37.1811],[26.7791,37.1951],[26.7833,37.1961],[26.7946,37.1868],[26.8093,37.1907],[26.794,37.1968],[26.7944,37.2012],[26.8021,37.2032],[26.8099,37.2026],[26.8118,37.1942],[26.818,37.1941],[26.8165,37.1887],[26.8233,37.1899],[26.8227,37.1965],[26.8319,37.1903],[26.85,37.1854]]],[[[26.8206,37.2058],[26.8243,37.2018],[26.8203,37.2016],[26.8206,37.2058]]],[[[26.8151,37.2116],[26.8164,37.211],[26.8154,37.21],[26.8151,37.2116]]],[[[26.8161,37.2141],[26.8146,37.2119],[26.8152,37.2178],[26.8161,37.2141]]]]}},{"type":"Feature","properties":{"code":"9274","name":"Αγαθονησίου","pe":"Π.Ε. Καλύμνου"},"geometry":{"type":"MultiPolygon","coordinates":[[[[27.0794,37.2957],[27.0862,37.3053],[27.0901,37.3072],[27.0991,37.3025],[27.0956,37.2973],[27.0914,37.2983],[27.0877,37.2903],[27.1035,37.28],[27.0852,37.2754],[27.0788,37.2881],[27.0838,37.2913],[27.0794,37.2957]]],[[[26.9742,37.428],[26.9862,37.4286],[26.9803,37.4277],[26.9742,37.428]]],[[[26.9795,37.4721],[26.9705,37.4773],[26.9859,37.4741],[26.9866,37.4701],[26.997,37.4685],[26.9941,37.4654],[27.004,37.4632],[27.0068,37.4549],[26.9955,37.4557],[26.9912,37.4646],[26.99,37.4584],[26.9854,37.4583],[26.9902,37.4529],[26.9787,37.4526],[26.9779,37.4445],[26.97,37.4464],[26.9729,37.4522],[26.9683,37.4515],[26.9664,37.4581],[26.964,37.4514],[26.9604,37.4533],[26.9616,37.444],[26.954,37.4473],[26.9517,37.4443],[26.9401,37.458],[26.9472,37.4582],[26.9413,37.4635],[26.9412,37.4718],[26.9359,37.4693],[26.9257,37.4752],[26.9795,37.4721]]],[[[27.0011,37.4655],[27.0012,37.465],[27.0007,37.4654],[27.0011,37.4655]]],[[[27.0101,37.466],[27.0035,37.466],[27.007,37.4673],[27.0101,37.466]]],[[[26.9851,37.4753],[27.0066,37.4782],[26.9934,37.4739],[26.9851,37.4753]]],[[[26.9533,37.4851],[26.9548,37.4837],[26.9521,37.4819],[26.9495,37.4847],[26.9533,37.4851]]],[[[26.978,37.4866],[26.9821,37.486],[26.9822,37.4842],[26.978,37.4866]]]]}},{"type":"Feature","properties":{"code":"9096","name":"Σοφάδων","pe":"Π.Ε. Καρδίτσας"},"geometry":{"type":"Polygon","coordinates":[[[22.2366,39.3378],[22.2139,39.3343],[22.213,39.3103],[22.2208,39.3046],[22.2245,39.2908],[22.2401,39.2841],[22.2487,39.2729],[22.2581,39.2723],[22.2521,39.2627],[22.255,39.2574],[22.2474,39.2573],[22.2474,39.2477],[22.2308,39.2384],[22.2086,39.2016],[22.1993,39.1996],[22.1881,39.1891],[22.1825,39.1728],[22.1499,39.1581],[22.1496,39.1515],[22.1674,39.1255],[22.135,39.1135],[22.12,39.0996],[22.1076,39.0997],[22.0941,39.0925],[22.0788,39.1085],[22.0668,39.0858],[22.0433,39.0828],[22.0424,39.0746],[22.0499,39.06],[22.0629,39.0521],[22.0293,39.0427],[22.0209,39.0454],[22.0084,39.0295],[21.9894,39.0378],[21.9798,39.0318],[21.9506,39.026],[21.9392,39.0593],[21.9405,39.0843],[21.9312,39.1016],[21.9071,39.1069],[21.9068,39.11],[21.9115,39.1289],[21.9241,39.1414],[21.9511,39.1443],[21.9728,39.1538],[21.9718,39.1626],[21.9804,39.1735],[21.9742,39.1842],[21.9956,39.1846],[22.0036,39.19],[22.0021,39.2032],[22.006,39.2133],[22.0015,39.2224],[22.0031,39.231],[22.0148,39.243],[22.0036,39.2468],[21.9937,39.2573],[21.9925,39.2732],[21.9987,39.2876],[21.9953,39.2906],[21.9963,39.3051],[21.9741,39.3143],[21.9778,39.3238],[21.9842,39.3217],[21.9905,39.3269],[21.9923,39.337],[22.007,39.341],[22.0111,39.3478],[22.0061,39.3502],[22.0129,39.3552],[22.0221,39.3582],[22.0531,39.3537],[22.0386,39.3696],[22.0399,39.3863],[22.0352,39.3883],[22.0436,39.4112],[22.0548,39.4159],[22.0576,39.4255],[22.0738,39.4244],[22.0762,39.4331],[22.0872,39.4318],[22.0863,39.4367],[22.1007,39.4403],[22.1069,39.4471],[22.1245,39.4496],[22.1307,39.4403],[22.1458,39.4371],[22.1573,39.4266],[22.1498,39.4181],[22.157,39.4079],[22.1569,39.3924],[22.1877,39.3822],[22.1957,39.3838],[22.2251,39.3659],[22.2366,39.3378]]]}},{"type":"Feature","properties":{"code":"9092","name":"Καρδίτσας","pe":"Π.Ε. Καρδίτσας"},"geometry":{"type":"Polygon","coordinates":[[[21.9007,39.1074],[21.9016,39.114],[21.8962,39.1227],[21.874,39.123],[21.8731,39.1346],[21.8644,39.1404],[21.8586,39.1516],[21.8373,39.1548],[21.8259,39.142],[21.8127,39.1373],[21.8182,39.1271],[21.8107,39.1194],[21.7974,39.1166],[21.7713,39.102],[21.7669,39.1134],[21.7307,39.1139],[21.7279,39.1201],[21.7318,39.124],[21.723,39.1493],[21.7334,39.1522],[21.7338,39.1667],[21.7442,39.1782],[21.7276,39.1828],[21.6998,39.1816],[21.6893,39.219],[21.7055,39.2274],[21.7424,39.2275],[21.7477,39.24],[21.7581,39.2461],[21.7566,39.2524],[21.7616,39.2552],[21.7757,39.2586],[21.7852,39.2494],[21.813,39.264],[21.8044,39.2719],[21.8051,39.2813],[21.7849,39.3009],[21.8064,39.305],[21.8084,39.3141],[21.8176,39.3248],[21.8371,39.3292],[21.8087,39.3447],[21.8161,39.3528],[21.851,39.37],[21.8529,39.3784],[21.8465,39.3867],[21.8584,39.3988],[21.8526,39.4164],[21.88,39.4264],[21.8891,39.4349],[21.9085,39.4411],[21.9081,39.4442],[21.9438,39.4521],[21.9598,39.4633],[21.9646,39.4602],[21.9828,39.4656],[21.9995,39.4651],[22.0103,39.4535],[22.0084,39.3954],[22.0369,39.3986],[22.0386,39.3696],[22.0531,39.3537],[22.0221,39.3582],[22.0129,39.3552],[22.0061,39.3502],[22.0111,39.3478],[22.007,39.341],[21.9923,39.337],[21.9914,39.3281],[21.9853,39.3223],[21.9778,39.3238],[21.9744,39.3122],[21.9969,39.3035],[21.9953,39.2906],[21.9987,39.2876],[21.9925,39.2732],[21.9937,39.2573],[22.0036,39.2468],[22.0148,39.243],[22.0031,39.231],[22.004,39.191],[21.9956,39.1846],[21.9742,39.1842],[21.9804,39.1735],[21.9718,39.1626],[21.9728,39.1538],[21.9511,39.1443],[21.9241,39.1414],[21.9115,39.1289],[21.9071,39.1069],[21.9007,39.1074]]]}},{"type":"Feature","properties":{"code":"9093","name":"Λίμνης Πλαστήρα","pe":"Π.Ε. Καρδίτσας"},"geometry":{"type":"Polygon","coordinates":[[[21.7027,39.2315],[21.693,39.2323],[21.6862,39.2518],[21.6445,39.245],[21.6359,39.2567],[21.6294,39.2543],[21.6211,39.2694],[21.6341,39.2839],[21.6399,39.2847],[21.6321,39.292],[21.6406,39.3],[21.6409,39.3121],[21.6559,39.3178],[21.6512,39.3256],[21.6582,39.3304],[21.6569,39.3356],[21.6628,39.3436],[21.6607,39.3493],[21.6717,39.352],[21.6769,39.3681],[21.7105,39.3624],[21.7491,39.377],[21.7739,39.3665],[21.7861,39.3729],[21.7941,39.3668],[21.7968,39.3732],[21.8213,39.3586],[21.829,39.358],[21.8161,39.3528],[21.8087,39.3447],[21.8371,39.3292],[21.8176,39.3248],[21.8084,39.3141],[21.8064,39.305],[21.7849,39.3009],[21.8051,39.2813],[21.8044,39.2719],[21.813,39.264],[21.7852,39.2494],[21.7757,39.2586],[21.7616,39.2552],[21.7566,39.2524],[21.7581,39.2461],[21.7477,39.24],[21.7424,39.2275],[21.7055,39.2274],[21.7027,39.2315]]]}},{"type":"Feature","properties":{"code":"9091","name":"Αργιθέας","pe":"Π.Ε. Καρδίτσας"},"geometry":{"type":"Polygon","coordinates":[[[21.6091,39.2409],[21.5909,39.2434],[21.5765,39.2388],[21.5643,39.2306],[21.56,39.2183],[21.5488,39.2165],[21.5387,39.2166],[21.506,39.2361],[21.5004,39.226],[21.4691,39.2134],[21.461,39.2019],[21.4453,39.205],[21.4476,39.1893],[21.3969,39.1645],[21.38,39.1669],[21.3721,39.1797],[21.3654,39.1798],[21.3633,39.1864],[21.3539,39.1898],[21.3561,39.1947],[21.3505,39.1992],[21.3514,39.2136],[21.3647,39.2238],[21.3673,39.2345],[21.3788,39.2381],[21.3823,39.2454],[21.3954,39.2475],[21.3972,39.254],[21.4139,39.2645],[21.4272,39.2845],[21.4284,39.2965],[21.4147,39.2996],[21.412,39.3044],[21.4154,39.3171],[21.4103,39.3278],[21.4007,39.3293],[21.4026,39.3335],[21.3956,39.3392],[21.3984,39.3455],[21.3919,39.3477],[21.3898,39.3545],[21.3816,39.3568],[21.3813,39.3698],[21.3769,39.3747],[21.3834,39.3795],[21.382,39.3841],[21.4022,39.4016],[21.4296,39.4148],[21.4383,39.4145],[21.4557,39.4036],[21.4607,39.406],[21.4775,39.4009],[21.4869,39.3878],[21.5113,39.3766],[21.5224,39.3804],[21.5325,39.3919],[21.5647,39.387],[21.5563,39.3835],[21.5515,39.3747],[21.5562,39.3668],[21.5674,39.3687],[21.5722,39.3654],[21.5733,39.3549],[21.5661,39.3339],[21.5691,39.3299],[21.5779,39.3224],[21.5921,39.3191],[21.6165,39.324],[21.6302,39.3224],[21.6414,39.3115],[21.6406,39.3],[21.6321,39.292],[21.6399,39.2847],[21.6341,39.2839],[21.621,39.2702],[21.6294,39.2543],[21.6091,39.2409]]]}},{"type":"Feature","properties":{"code":"9094","name":"Μουζακίου","pe":"Π.Ε. Καρδίτσας"},"geometry":{"type":"Polygon","coordinates":[[[21.5594,39.407],[21.5727,39.4285],[21.5959,39.4319],[21.5872,39.4458],[21.5963,39.4562],[21.6118,39.4444],[21.6111,39.4393],[21.6344,39.4278],[21.6455,39.4422],[21.6598,39.4469],[21.7029,39.4465],[21.7324,39.473],[21.7427,39.4762],[21.7415,39.482],[21.7473,39.4827],[21.7562,39.4774],[21.7583,39.4671],[21.7497,39.4594],[21.7521,39.45],[21.7724,39.4615],[21.8008,39.4625],[21.8207,39.4914],[21.8407,39.508],[21.841,39.5133],[21.8726,39.5097],[21.886,39.5007],[21.8615,39.4828],[21.8606,39.4739],[21.8519,39.4651],[21.856,39.458],[21.8475,39.4553],[21.8719,39.4483],[21.8824,39.4532],[21.8949,39.4443],[21.9081,39.4442],[21.9085,39.4411],[21.8891,39.4349],[21.88,39.4264],[21.8526,39.4164],[21.8584,39.3988],[21.8465,39.3867],[21.8529,39.3784],[21.8518,39.372],[21.8329,39.3593],[21.8213,39.3586],[21.7968,39.3732],[21.7941,39.3668],[21.7861,39.3729],[21.7739,39.3665],[21.7491,39.377],[21.7105,39.3624],[21.6796,39.3688],[21.6745,39.365],[21.6717,39.352],[21.6607,39.3493],[21.6628,39.3436],[21.6569,39.3356],[21.6582,39.3304],[21.6512,39.3256],[21.6559,39.3178],[21.6409,39.3121],[21.6336,39.3154],[21.6302,39.3224],[21.6221,39.3243],[21.5921,39.3191],[21.5772,39.3229],[21.5661,39.3339],[21.5733,39.3549],[21.5722,39.3654],[21.5674,39.3687],[21.5574,39.3663],[21.5518,39.3725],[21.5563,39.3835],[21.5647,39.387],[21.5325,39.3919],[21.5594,39.407]]]}},{"type":"Feature","properties":{"code":"9095","name":"Παλαμά","pe":"Π.Ε. Καρδίτσας"},"geometry":{"type":"Polygon","coordinates":[[[21.8816,39.5172],[21.8914,39.5202],[21.901,39.5148],[21.8953,39.5064],[21.904,39.4942],[21.9252,39.4974],[21.9365,39.4947],[21.9338,39.5109],[21.9194,39.5259],[21.9195,39.5303],[21.9397,39.5264],[21.9474,39.5327],[21.9681,39.537],[21.9973,39.5563],[22.016,39.5537],[22.0484,39.5324],[22.0819,39.5471],[22.0849,39.5549],[22.0919,39.5569],[22.1296,39.5506],[22.142,39.5441],[22.1624,39.5522],[22.1776,39.551],[22.1758,39.5331],[22.188,39.5067],[22.2105,39.505],[22.2367,39.5189],[22.237,39.5027],[22.245,39.4782],[22.2223,39.4589],[22.228,39.4441],[22.2216,39.4249],[22.2599,39.4215],[22.2543,39.4089],[22.2374,39.4001],[22.2594,39.3881],[22.2643,39.3778],[22.2251,39.3659],[22.1957,39.3838],[22.1877,39.3822],[22.1814,39.387],[22.1595,39.3909],[22.157,39.4079],[22.1498,39.417],[22.1573,39.4266],[22.1458,39.4371],[22.1307,39.4403],[22.1245,39.4496],[22.1069,39.4471],[22.1007,39.4403],[22.0863,39.4367],[22.0872,39.4318],[22.0762,39.4331],[22.0738,39.4244],[22.0576,39.4255],[22.0553,39.4165],[22.0436,39.4112],[22.0413,39.4009],[22.0369,39.3986],[22.0084,39.3954],[22.0103,39.4535],[21.9995,39.4651],[21.9828,39.4656],[21.9646,39.4602],[21.9598,39.4633],[21.9425,39.4516],[21.9016,39.4431],[21.8824,39.4532],[21.8719,39.4483],[21.8475,39.4553],[21.856,39.458],[21.8519,39.4651],[21.8606,39.4739],[21.8615,39.4828],[21.886,39.5007],[21.8798,39.5075],[21.8816,39.5172]]]}},{"type":"Feature","properties":{"code":"9281","name":"Κάσου","pe":"Π.Ε. Καρπάθου"},"geometry":{"type":"MultiPolygon","coordinates":[[[[26.8432,35.3567],[26.8455,35.3552],[26.8436,35.3552],[26.8432,35.3567]]],[[[26.8419,35.3571],[26.8419,35.3575],[26.8429,35.3575],[26.8419,35.3571]]],[[[26.8412,35.3583],[26.8412,35.3587],[26.8415,35.3587],[26.8412,35.3583]]],[[[26.8412,35.3601],[26.8413,35.3597],[26.8384,35.3584],[26.8412,35.3601]]],[[[26.8287,35.3603],[26.8232,35.3615],[26.826,35.3634],[26.8322,35.3631],[26.8287,35.3603]]],[[[26.8325,35.363],[26.8333,35.3645],[26.8342,35.3632],[26.8325,35.363]]],[[[26.8488,35.3674],[26.8482,35.3678],[26.8486,35.368],[26.8488,35.3674]]],[[[26.8525,35.3746],[26.8516,35.3747],[26.8528,35.3749],[26.8525,35.3746]]],[[[26.8246,35.4318],[26.8262,35.4303],[26.8248,35.4297],[26.8246,35.4318]]],[[[26.8397,35.4314],[26.8326,35.4297],[26.8331,35.4312],[26.8397,35.4314]]],[[[26.843,35.434],[26.844,35.4325],[26.8413,35.4316],[26.843,35.434]]],[[[26.4543,35.8267],[26.4577,35.8251],[26.4532,35.8207],[26.4506,35.8232],[26.4543,35.8267]]],[[[26.4652,35.822],[26.4602,35.8282],[26.4713,35.8255],[26.4652,35.822]]],[[[26.2274,35.8609],[26.2224,35.8545],[26.2282,35.8651],[26.2387,35.8644],[26.2274,35.8609]]],[[[26.8609,35.346],[26.8616,35.3448],[26.8605,35.3445],[26.8609,35.346]]],[[[26.8605,35.3462],[26.8598,35.3463],[26.8602,35.3471],[26.8605,35.3462]]],[[[26.8986,35.3528],[26.8972,35.3511],[26.8871,35.3472],[26.8842,35.34],[26.8726,35.3481],[26.8686,35.3409],[26.8538,35.352],[26.8483,35.3479],[26.8535,35.3537],[26.8443,35.3602],[26.8525,35.3683],[26.8496,35.3724],[26.8664,35.3823],[26.8716,35.3933],[26.8884,35.4015],[26.904,35.4227],[26.9336,35.4171],[27.0015,35.4354],[27.0032,35.4316],[27.0153,35.4333],[27.0118,35.4266],[27.0019,35.4267],[26.9978,35.419],[27.0007,35.4091],[26.9919,35.4057],[26.9908,35.4],[26.9754,35.3963],[26.9745,35.3922],[26.9591,35.394],[26.9488,35.3811],[26.9362,35.3751],[26.9324,35.3636],[26.9249,35.3677],[26.9065,35.3626],[26.8988,35.3531],[26.8992,35.3526],[26.8986,35.3528]]],[[[26.8621,35.3809],[26.8626,35.381],[26.8626,35.3806],[26.8621,35.3809]]],[[[26.8634,35.3818],[26.8639,35.3817],[26.8637,35.3813],[26.8634,35.3818]]],[[[26.8554,35.4281],[26.8557,35.4288],[26.8561,35.4286],[26.8554,35.4281]]],[[[27.011,35.4372],[27.0115,35.438],[27.012,35.4375],[27.011,35.4372]]],[[[26.8418,35.4373],[26.8412,35.4399],[26.8703,35.4438],[26.8768,35.4322],[26.8662,35.4304],[26.8418,35.4373]]],[[[27.0132,35.4385],[27.013,35.4388],[27.0146,35.4398],[27.0132,35.4385]]],[[[26.8859,35.4457],[26.8841,35.4466],[26.8859,35.4472],[26.8859,35.4457]]],[[[26.903,35.4566],[26.892,35.4497],[26.8916,35.4521],[26.903,35.4566]]],[[[26.9132,35.4588],[26.9107,35.4582],[26.9107,35.4589],[26.9132,35.4588]]]]}},{"type":"Feature","properties":{"code":"9280","name":"Καρπάθου","pe":"Π.Ε. Καρπάθου"},"geometry":{"type":"MultiPolygon","coordinates":[[[[27.1058,35.4222],[27.1051,35.4219],[27.1051,35.4226],[27.1058,35.4222]]],[[[27.1075,35.426],[27.108,35.4261],[27.108,35.4255],[27.1075,35.426]]],[[[27.0881,35.4529],[27.0841,35.4534],[27.0842,35.4538],[27.0881,35.4529]]],[[[27.0661,35.5874],[27.0655,35.5872],[27.0651,35.5879],[27.0661,35.5874]]],[[[27.0554,35.5984],[27.0602,35.5963],[27.0563,35.5942],[27.0554,35.5984]]],[[[27.2329,35.8253],[27.2296,35.8202],[27.2332,35.8144],[27.2311,35.7988],[27.2131,35.7828],[27.2089,35.7664],[27.2098,35.7564],[27.2168,35.7524],[27.2141,35.7462],[27.2188,35.7309],[27.2034,35.7188],[27.2016,35.7089],[27.1899,35.6984],[27.192,35.6837],[27.1613,35.6555],[27.1612,35.6321],[27.1563,35.6301],[27.1631,35.6231],[27.1504,35.6149],[27.1601,35.6018],[27.1771,35.599],[27.1808,35.5938],[27.1789,35.5871],[27.188,35.5775],[27.2038,35.5734],[27.2034,35.5573],[27.2177,35.5485],[27.2188,35.5431],[27.2104,35.5344],[27.2,35.5316],[27.2011,35.5143],[27.2084,35.5083],[27.2208,35.512],[27.2298,35.5089],[27.2386,35.5033],[27.2423,35.4941],[27.2282,35.4731],[27.2221,35.4808],[27.2042,35.4816],[27.1914,35.4683],[27.1931,35.4623],[27.1875,35.4653],[27.174,35.4622],[27.1666,35.4533],[27.1687,35.4492],[27.1614,35.4483],[27.1573,35.4424],[27.1583,35.4289],[27.1517,35.4263],[27.1574,35.4218],[27.173,35.4279],[27.1705,35.4222],[27.154,35.4107],[27.1566,35.4085],[27.1521,35.4097],[27.1436,35.399],[27.1352,35.3964],[27.1331,35.401],[27.1452,35.4088],[27.1334,35.4263],[27.125,35.4292],[27.1125,35.4239],[27.1013,35.4373],[27.0905,35.4394],[27.087,35.4449],[27.0803,35.4439],[27.0798,35.4486],[27.0878,35.4494],[27.0995,35.4649],[27.1043,35.4629],[27.1099,35.467],[27.1125,35.4731],[27.104,35.4762],[27.1148,35.4756],[27.1185,35.4805],[27.1189,35.4898],[27.11,35.4943],[27.1144,35.4996],[27.1057,35.5109],[27.1093,35.5302],[27.1034,35.5355],[27.1102,35.537],[27.1133,35.5454],[27.1039,35.5593],[27.0908,35.5595],[27.0868,35.5657],[27.0778,35.5682],[27.0735,35.5737],[27.0786,35.5814],[27.0705,35.5872],[27.0658,35.5858],[27.0682,35.5915],[27.0613,35.5966],[27.0654,35.6049],[27.0875,35.6137],[27.0834,35.6208],[27.0891,35.6267],[27.0943,35.6264],[27.1204,35.644],[27.1178,35.6524],[27.1221,35.6526],[27.1256,35.6633],[27.1176,35.6636],[27.1171,35.6673],[27.1238,35.6843],[27.1366,35.6939],[27.1389,35.7086],[27.1629,35.726],[27.1666,35.7366],[27.1607,35.7554],[27.1659,35.7978],[27.1628,35.8032],[27.1695,35.7999],[27.1706,35.8071],[27.1745,35.8082],[27.1881,35.8034],[27.1915,35.81],[27.2004,35.8134],[27.2024,35.8209],[27.222,35.8213],[27.2053,35.8245],[27.2102,35.8308],[27.2329,35.8253]]],[[[27.1094,35.6409],[27.1084,35.6413],[27.109,35.6422],[27.1094,35.6409]]],[[[26.8274,35.8755],[26.8229,35.873],[26.8221,35.875],[26.8274,35.8755]]],[[[26.8161,35.8823],[26.8155,35.8925],[26.8177,35.8884],[26.8261,35.8922],[26.8223,35.8799],[26.8161,35.8823]]],[[[26.8369,35.9098],[26.8346,35.9091],[26.8347,35.9102],[26.8369,35.9098]]],[[[26.8369,35.9103],[26.8366,35.9104],[26.8369,35.9105],[26.8369,35.9103]]],[[[26.8364,35.9106],[26.8357,35.9106],[26.8359,35.911],[26.8364,35.9106]]],[[[27.1621,35.4428],[27.1626,35.4434],[27.1631,35.4429],[27.1621,35.4428]]],[[[27.18,35.4557],[27.1812,35.4546],[27.1788,35.454],[27.18,35.4557]]],[[[27.212,35.5131],[27.2116,35.5139],[27.2122,35.5134],[27.212,35.5131]]],[[[27.2312,35.7976],[27.2312,35.7981],[27.2316,35.7979],[27.2312,35.7976]]],[[[27.1677,35.8044],[27.1675,35.8051],[27.1681,35.8052],[27.1677,35.8044]]],[[[27.2048,35.8214],[27.2043,35.8211],[27.204,35.8214],[27.2048,35.8214]]],[[[27.2066,35.8221],[27.2054,35.8223],[27.2057,35.823],[27.2066,35.8221]]],[[[27.2345,35.8249],[27.2352,35.825],[27.2348,35.8236],[27.2345,35.8249]]],[[[27.2063,35.8353],[27.206,35.8355],[27.2069,35.8358],[27.2063,35.8353]]],[[[27.2413,35.8981],[27.2397,35.897],[27.2386,35.8947],[27.2361,35.8971],[27.231,35.8747],[27.2408,35.8524],[27.2394,35.8306],[27.2338,35.8297],[27.231,35.8404],[27.2098,35.8376],[27.2012,35.8415],[27.1997,35.8515],[27.1858,35.8603],[27.1885,35.8645],[27.2003,35.8634],[27.2079,35.8706],[27.2063,35.8734],[27.2146,35.8755],[27.215,35.895],[27.2196,35.8975],[27.2171,35.9012],[27.2277,35.9058],[27.2413,35.8981]]],[[[27.2405,35.8959],[27.2404,35.8952],[27.2401,35.8953],[27.2405,35.8959]]],[[[27.2402,35.8965],[27.24,35.8969],[27.2408,35.8969],[27.2402,35.8965]]]]}},{"type":"Feature","properties":{"code":"9064","name":"Νεστορίου","pe":"Π.Ε. Καστοριάς"},"geometry":{"type":"Polygon","coordinates":[[[21.0761,40.2948],[21.0645,40.2612],[21.0718,40.2532],[21.0678,40.2403],[21.0805,40.2359],[21.0848,40.2239],[21.0816,40.1984],[21.0692,40.1875],[21.0691,40.1804],[21.0437,40.1709],[21.0568,40.1639],[21.0483,40.1479],[21.0296,40.1428],[21.0076,40.1482],[20.998,40.1681],[20.9978,40.1911],[20.9816,40.1932],[20.992,40.2069],[20.9819,40.2185],[20.969,40.2236],[20.9567,40.2531],[20.9404,40.2595],[20.9379,40.2761],[20.9201,40.2971],[20.8758,40.3337],[20.8753,40.3551],[20.8692,40.3766],[20.856,40.3743],[20.8409,40.3419],[20.8127,40.3367],[20.789,40.3415],[20.7768,40.3492],[20.7767,40.3564],[20.7914,40.3635],[20.7929,40.3844],[20.7876,40.3993],[20.7929,40.4142],[20.786,40.4252],[20.8118,40.4404],[20.8225,40.4398],[20.8328,40.4664],[20.8447,40.4795],[20.8725,40.4705],[20.9064,40.4759],[20.9272,40.4626],[20.9555,40.4692],[20.9535,40.4755],[20.9683,40.4879],[20.9691,40.4984],[20.9637,40.5069],[20.9675,40.5185],[20.9754,40.5193],[21.0015,40.5354],[20.9977,40.5412],[21.0062,40.5523],[21.0345,40.5551],[21.043,40.5582],[21.0431,40.5634],[21.0589,40.5661],[21.0874,40.5588],[21.0758,40.5571],[21.0626,40.5433],[21.0598,40.5294],[21.0315,40.5228],[21.0246,40.5026],[21.0126,40.5044],[21.0257,40.4979],[21.0465,40.4705],[21.0823,40.4858],[21.0777,40.4778],[21.0925,40.4727],[21.1176,40.478],[21.1369,40.4695],[21.1211,40.4522],[21.1041,40.4415],[21.0952,40.4249],[21.0973,40.408],[21.1036,40.403],[21.0876,40.3926],[21.0824,40.378],[21.0734,40.3763],[21.0587,40.3815],[21.0476,40.3738],[21.0553,40.3652],[21.0494,40.3556],[21.0558,40.3399],[21.0356,40.319],[21.0588,40.3202],[21.0733,40.3102],[21.0761,40.2948]]]}},{"type":"Feature","properties":{"code":"9063","name":"Καστοριάς","pe":"Π.Ε. Καστοριάς"},"geometry":{"type":"Polygon","coordinates":[[[21.047,40.5773],[21.0403,40.5917],[21.0461,40.5944],[21.0487,40.6024],[21.0459,40.6144],[21.0558,40.6166],[21.0689,40.6037],[21.1082,40.609],[21.1191,40.6202],[21.1406,40.6296],[21.1574,40.6425],[21.1807,40.6437],[21.1938,40.6504],[21.2142,40.6769],[21.2189,40.7021],[21.2312,40.712],[21.2415,40.7458],[21.2472,40.7522],[21.2612,40.7499],[21.2712,40.7363],[21.2973,40.7224],[21.2874,40.716],[21.2867,40.7103],[21.2784,40.7084],[21.2823,40.6987],[21.2962,40.6856],[21.3213,40.6833],[21.3262,40.6957],[21.3233,40.7055],[21.3455,40.6917],[21.3623,40.6873],[21.3666,40.6737],[21.3819,40.6671],[21.3889,40.6573],[21.3798,40.6387],[21.3853,40.6001],[21.3944,40.5915],[21.4101,40.5896],[21.4138,40.6058],[21.4321,40.6023],[21.4469,40.6048],[21.4559,40.594],[21.4528,40.5864],[21.4584,40.5756],[21.4747,40.5654],[21.4957,40.5677],[21.4912,40.5619],[21.4952,40.5491],[21.4945,40.5273],[21.4997,40.5222],[21.5104,40.5256],[21.5175,40.5111],[21.4901,40.4946],[21.4704,40.499],[21.4572,40.4934],[21.448,40.4984],[21.4412,40.4871],[21.432,40.487],[21.4091,40.4672],[21.3883,40.4691],[21.3753,40.483],[21.3372,40.4777],[21.3114,40.4828],[21.3042,40.4702],[21.2884,40.4641],[21.2779,40.4794],[21.2611,40.4916],[21.2483,40.4772],[21.2218,40.4606],[21.206,40.4638],[21.2056,40.4549],[21.1961,40.445],[21.1826,40.4388],[21.1714,40.4412],[21.1654,40.4361],[21.1702,40.4304],[21.1823,40.4341],[21.1876,40.4315],[21.1635,40.4256],[21.147,40.4272],[21.1549,40.4118],[21.142,40.4095],[21.1251,40.42],[21.1046,40.4024],[21.0973,40.408],[21.0952,40.4249],[21.1055,40.4431],[21.1211,40.4522],[21.1369,40.4695],[21.1176,40.478],[21.0925,40.4727],[21.0777,40.4778],[21.0823,40.4858],[21.0465,40.4705],[21.0398,40.4758],[21.0257,40.4979],[21.0126,40.5044],[21.0246,40.5026],[21.0315,40.5228],[21.0598,40.5294],[21.0614,40.5418],[21.0758,40.5571],[21.0888,40.5582],[21.0651,40.5662],[21.0431,40.5634],[21.047,40.5773]]]}},{"type":"Feature","properties":{"code":"9065","name":"Άργους - Ορεστικού","pe":"Π.Ε. Καστοριάς"},"geometry":{"type":"Polygon","coordinates":[[[21.4911,40.4826],[21.4822,40.4859],[21.4704,40.4696],[21.4698,40.4605],[21.4758,40.4547],[21.468,40.4441],[21.4708,40.4308],[21.4607,40.41],[21.4319,40.3924],[21.4188,40.397],[21.4077,40.3752],[21.3997,40.3683],[21.383,40.3737],[21.3612,40.3724],[21.3721,40.3757],[21.3559,40.3907],[21.3587,40.3949],[21.3661,40.394],[21.3554,40.4022],[21.3606,40.4071],[21.3445,40.4112],[21.3393,40.4181],[21.3351,40.4073],[21.3255,40.4168],[21.3278,40.4107],[21.3196,40.3909],[21.3054,40.3861],[21.2995,40.3747],[21.2871,40.3698],[21.2787,40.3605],[21.2608,40.3663],[21.263,40.3853],[21.2477,40.3855],[21.2379,40.3985],[21.2172,40.3785],[21.2304,40.3732],[21.2258,40.366],[21.2328,40.36],[21.2239,40.3516],[21.2243,40.3442],[21.1815,40.3483],[21.1683,40.3574],[21.162,40.3506],[21.1421,40.3519],[21.1362,40.3417],[21.1264,40.3432],[21.1192,40.3352],[21.0883,40.3332],[21.088,40.3212],[21.0748,40.3115],[21.0526,40.3216],[21.0356,40.319],[21.0558,40.3399],[21.0494,40.3556],[21.0553,40.3652],[21.0476,40.3738],[21.0498,40.3766],[21.06,40.3815],[21.081,40.377],[21.0876,40.3926],[21.1251,40.42],[21.142,40.4095],[21.1549,40.4118],[21.147,40.4272],[21.1635,40.4256],[21.1876,40.4315],[21.1823,40.4341],[21.1702,40.4304],[21.1654,40.4361],[21.1714,40.4412],[21.1826,40.4388],[21.1961,40.445],[21.2056,40.4549],[21.206,40.4638],[21.2218,40.4606],[21.2483,40.4772],[21.2611,40.4916],[21.2779,40.4794],[21.2884,40.4641],[21.3042,40.4702],[21.3114,40.4828],[21.3372,40.4777],[21.3753,40.483],[21.3883,40.4691],[21.4091,40.4672],[21.432,40.487],[21.4412,40.4871],[21.448,40.4984],[21.4572,40.4934],[21.4704,40.499],[21.4901,40.4946],[21.4911,40.4826]]]}},{"type":"Feature","properties":{"code":"9191","name":"Ηλιούπολης","pe":"Π.Ε. Κεντρικού Τομέα Αθηνών"},"geometry":{"type":"Polygon","coordinates":[[[23.8063,37.9174],[23.7834,37.9216],[23.7448,37.9193],[23.7407,37.94],[23.7512,37.9495],[23.763,37.9494],[23.7814,37.9365],[23.7997,37.9361],[23.8063,37.9174]]]}},{"type":"Feature","properties":{"code":"9189","name":"Δάφνης - Υμηττού","pe":"Π.Ε. Κεντρικού Τομέα Αθηνών"},"geometry":{"type":"Polygon","coordinates":[[[23.7376,37.9493],[23.7283,37.9438],[23.7253,37.953],[23.7474,37.9576],[23.7577,37.9494],[23.7512,37.9495],[23.742,37.941],[23.7376,37.9493]]]}},{"type":"Feature","properties":{"code":"9186","name":"Αθηναίων","pe":"Π.Ε. Κεντρικού Τομέα Αθηνών"},"geometry":{"type":"Polygon","coordinates":[[[23.7145,37.9554],[23.72,37.9594],[23.7167,37.9631],[23.7066,37.9634],[23.7005,37.9689],[23.7047,37.9753],[23.6872,37.9782],[23.6972,37.9928],[23.6929,37.9947],[23.7171,38.0098],[23.7218,38.0183],[23.7436,38.0336],[23.7536,38.0269],[23.7445,38.0213],[23.7427,38.0102],[23.7589,38.0085],[23.7703,37.9989],[23.7734,38.0024],[23.7881,38.0011],[23.7842,37.9989],[23.7908,37.9934],[23.7891,37.9844],[23.7867,37.9805],[23.7689,37.9838],[23.7575,37.9797],[23.7663,37.9696],[23.7499,37.9727],[23.756,37.9655],[23.7443,37.9609],[23.7463,37.9564],[23.7327,37.9557],[23.7243,37.9499],[23.7145,37.9554]]]}},{"type":"Feature","properties":{"code":"9193","name":"Φιλαδελφείας - Χαλκηδόνος","pe":"Π.Ε. Κεντρικού Τομέα Αθηνών"},"geometry":{"type":"Polygon","coordinates":[[[23.7349,38.0406],[23.7353,38.0499],[23.7451,38.0579],[23.7509,38.0506],[23.7452,38.0354],[23.7196,38.016],[23.7349,38.0406]]]}},{"type":"Feature","properties":{"code":"9188","name":"Γαλατσίου","pe":"Π.Ε. Κεντρικού Τομέα Αθηνών"},"geometry":{"type":"Polygon","coordinates":[[[23.7718,38.0338],[23.7629,38.0052],[23.7427,38.0102],[23.7445,38.0213],[23.7718,38.0338]]]}},{"type":"Feature","properties":{"code":"9190","name":"Ζωγράφου","pe":"Π.Ε. Κεντρικού Τομέα Αθηνών"},"geometry":{"type":"Polygon","coordinates":[[[23.7933,37.9787],[23.8003,37.986],[23.8221,37.9738],[23.8195,37.9674],[23.8085,37.963],[23.7663,37.9696],[23.7575,37.9797],[23.7689,37.9838],[23.7933,37.9787]]]}},{"type":"Feature","properties":{"code":"9192","name":"Καισαριανής","pe":"Π.Ε. Κεντρικού Τομέα Αθηνών"},"geometry":{"type":"Polygon","coordinates":[[[23.8122,37.9438],[23.8003,37.9485],[23.7955,37.9552],[23.7604,37.9609],[23.7499,37.9727],[23.8085,37.963],[23.8195,37.9674],[23.8122,37.9438]]]}},{"type":"Feature","properties":{"code":"9187","name":"Βύρωνος","pe":"Π.Ε. Κεντρικού Τομέα Αθηνών"},"geometry":{"type":"Polygon","coordinates":[[[23.8004,37.9359],[23.7832,37.9359],[23.7443,37.9609],[23.7551,37.9658],[23.7604,37.9609],[23.7955,37.9552],[23.8003,37.9485],[23.8122,37.9438],[23.8004,37.9359]]]}},{"type":"Feature","properties":{"code":"9120","name":"Κεφαλονιάς","pe":"Π.Ε. Κεφαλληνίας"},"geometry":{"type":"MultiPolygon","coordinates":[[[[20.4851,38.1223],[20.4839,38.1222],[20.4837,38.1227],[20.4851,38.1223]]],[[[20.4893,38.1316],[20.4892,38.1322],[20.4907,38.1309],[20.4893,38.1316]]],[[[20.419,38.1342],[20.4195,38.1348],[20.4202,38.1343],[20.419,38.1342]]],[[[20.4231,38.1321],[20.4177,38.14],[20.4232,38.135],[20.427,38.1353],[20.4231,38.1321]]],[[[20.3526,38.2508],[20.3538,38.2504],[20.3532,38.25],[20.3526,38.2508]]],[[[20.3545,38.2567],[20.3543,38.2571],[20.3555,38.2576],[20.3545,38.2567]]],[[[20.376,38.2667],[20.375,38.2672],[20.3759,38.2672],[20.376,38.2667]]],[[[20.4132,38.3459],[20.4112,38.3443],[20.4115,38.3453],[20.4132,38.3459]]],[[[20.5439,38.0871],[20.5444,38.0866],[20.5429,38.0862],[20.5439,38.0871]]],[[[20.587,38.1041],[20.5869,38.1046],[20.5874,38.1045],[20.587,38.1041]]],[[[20.5744,38.4718],[20.5736,38.4664],[20.5825,38.4647],[20.5822,38.4602],[20.5759,38.4624],[20.5815,38.4552],[20.577,38.4526],[20.5869,38.4462],[20.5828,38.4438],[20.5861,38.4406],[20.5807,38.4407],[20.5897,38.4352],[20.5865,38.4284],[20.5969,38.4199],[20.5949,38.4116],[20.6003,38.4097],[20.5953,38.4053],[20.6112,38.4018],[20.6096,38.3955],[20.6129,38.3943],[20.6094,38.3906],[20.6174,38.378],[20.6123,38.3738],[20.6175,38.3712],[20.6156,38.3653],[20.6218,38.3576],[20.6287,38.3253],[20.6245,38.3147],[20.5978,38.3016],[20.6104,38.2931],[20.6159,38.2757],[20.6347,38.2523],[20.6484,38.253],[20.6645,38.2671],[20.6666,38.2768],[20.6785,38.2802],[20.6809,38.2766],[20.6744,38.2706],[20.6731,38.2619],[20.6884,38.2668],[20.6963,38.2635],[20.6997,38.2593],[20.6964,38.2525],[20.7042,38.2424],[20.7126,38.2393],[20.7087,38.2352],[20.7106,38.2262],[20.7654,38.1704],[20.7697,38.1559],[20.7794,38.1471],[20.7866,38.1495],[20.785,38.1435],[20.7925,38.1308],[20.7993,38.13],[20.8077,38.1188],[20.8126,38.1182],[20.8143,38.108],[20.8032,38.0912],[20.7966,38.0657],[20.7867,38.0576],[20.7647,38.0696],[20.7429,38.0611],[20.7028,38.069],[20.669,38.0938],[20.6564,38.0954],[20.6401,38.1105],[20.6189,38.1174],[20.6002,38.1162],[20.5866,38.1051],[20.5764,38.1048],[20.5671,38.0991],[20.5666,38.0896],[20.5532,38.0922],[20.5333,38.1042],[20.5141,38.1039],[20.5131,38.101],[20.5096,38.1102],[20.4871,38.121],[20.496,38.1343],[20.4846,38.1516],[20.4736,38.1588],[20.479,38.1608],[20.4814,38.1717],[20.4676,38.1914],[20.478,38.1926],[20.5007,38.1651],[20.5064,38.1643],[20.5103,38.1687],[20.4967,38.1791],[20.4976,38.1868],[20.4877,38.2021],[20.4802,38.2045],[20.4708,38.2308],[20.4597,38.2457],[20.4571,38.2597],[20.4511,38.264],[20.4503,38.2788],[20.4441,38.2808],[20.4294,38.279],[20.4214,38.2672],[20.4318,38.2554],[20.4293,38.2427],[20.4394,38.2252],[20.4397,38.1985],[20.4436,38.1987],[20.4396,38.194],[20.4405,38.1616],[20.4132,38.1603],[20.4073,38.1546],[20.3914,38.155],[20.3876,38.1528],[20.3892,38.1485],[20.3844,38.1487],[20.3782,38.1534],[20.3769,38.1643],[20.3681,38.1696],[20.3611,38.1673],[20.3619,38.1718],[20.3506,38.1763],[20.3453,38.1737],[20.3393,38.1786],[20.3378,38.1896],[20.3442,38.1955],[20.3372,38.2001],[20.3501,38.2046],[20.3585,38.2254],[20.354,38.2506],[20.3579,38.2619],[20.3746,38.26],[20.3788,38.2722],[20.3863,38.2725],[20.3891,38.2788],[20.3864,38.2971],[20.4008,38.3319],[20.3982,38.3548],[20.4028,38.3572],[20.4072,38.3499],[20.4096,38.3359],[20.4215,38.3519],[20.4421,38.3571],[20.4399,38.352],[20.4459,38.3283],[20.4569,38.3219],[20.469,38.3262],[20.4695,38.3175],[20.4772,38.3096],[20.4896,38.3118],[20.4951,38.3207],[20.5058,38.3217],[20.5224,38.3355],[20.5247,38.3431],[20.5338,38.3412],[20.5382,38.3477],[20.5324,38.3531],[20.5436,38.3533],[20.548,38.362],[20.5439,38.3739],[20.5263,38.3813],[20.5261,38.388],[20.5371,38.3863],[20.5384,38.3776],[20.5493,38.3861],[20.5393,38.4118],[20.5467,38.4149],[20.5424,38.4185],[20.5451,38.4248],[20.5348,38.4314],[20.5351,38.4416],[20.5423,38.4439],[20.5426,38.4566],[20.537,38.4698],[20.5421,38.4741],[20.5558,38.4718],[20.5617,38.4757],[20.5744,38.4718]]],[[[20.5142,38.3301],[20.5135,38.33],[20.5135,38.3305],[20.5142,38.3301]]],[[[21.1071,38.4186],[21.1028,38.4128],[21.1062,38.3993],[21.1006,38.3935],[21.0996,38.4003],[21.0857,38.4069],[21.0817,38.4187],[21.0852,38.4202],[21.0781,38.4307],[21.084,38.436],[21.0923,38.4255],[21.1071,38.4186]]],[[[20.5391,38.4226],[20.5404,38.4231],[20.5394,38.4221],[20.5391,38.4226]]],[[[20.5983,38.432],[20.5987,38.4311],[20.5978,38.4316],[20.5983,38.432]]]]}},{"type":"Feature","properties":{"code":"9041","name":"Παιονίας","pe":"Π.Ε. Κιλκίς"},"geometry":{"type":"Polygon","coordinates":[[[22.6362,40.8602],[22.6397,40.8404],[22.6251,40.8384],[22.5337,40.8669],[22.5071,40.8669],[22.4828,40.8809],[22.4768,40.8762],[22.4682,40.8835],[22.4467,40.8654],[22.4499,40.8574],[22.435,40.857],[22.4258,40.8703],[22.365,40.9055],[22.3575,40.942],[22.3477,40.9525],[22.2837,40.9707],[22.2718,40.9583],[22.2612,40.9579],[22.2572,40.9642],[22.2592,40.984],[22.2514,40.9891],[22.2504,41.0073],[22.2651,41.0171],[22.3066,41.0162],[22.3083,41.0292],[22.3175,41.0324],[22.3293,41.0456],[22.3182,41.0623],[22.3309,41.0853],[22.3274,41.0928],[22.3334,41.112],[22.3291,41.1188],[22.3343,41.1207],[22.3335,41.1286],[22.3494,41.1355],[22.3635,41.1324],[22.3734,41.1378],[22.3887,41.1324],[22.4018,41.1375],[22.4049,41.1363],[22.4013,41.1297],[22.4171,41.1194],[22.4439,41.1185],[22.45,41.1221],[22.4648,41.1172],[22.5289,41.1293],[22.5621,41.1308],[22.5754,41.119],[22.5906,41.1177],[22.6172,41.1331],[22.6367,41.1526],[22.6428,41.1598],[22.6406,41.1686],[22.6494,41.1808],[22.6662,41.1863],[22.7024,41.148],[22.6924,41.1322],[22.6889,41.1165],[22.6995,41.1149],[22.6921,41.1049],[22.6731,41.1077],[22.6458,41.0817],[22.6494,41.0732],[22.6464,41.0701],[22.6709,41.0526],[22.6887,41.0548],[22.6921,41.0597],[22.6975,41.0538],[22.6979,41.0459],[22.7068,41.0428],[22.7167,41.0292],[22.6906,41.0234],[22.6996,40.9985],[22.6976,40.9936],[22.6866,40.9895],[22.6862,40.9805],[22.6783,40.9727],[22.7149,40.9642],[22.7081,40.9453],[22.7073,40.9035],[22.6688,40.8978],[22.7148,40.8759],[22.6845,40.8601],[22.6362,40.8602]]]}},{"type":"Feature","properties":{"code":"9040","name":"Κιλκίς","pe":"Π.Ε. Κιλκίς"},"geometry":{"type":"Polygon","coordinates":[[[22.7121,41.1396],[22.7163,41.1438],[22.7293,41.145],[22.7482,41.1667],[22.7608,41.2675],[22.756,41.2764],[22.7658,41.2921],[22.757,41.3059],[22.765,41.3237],[22.7861,41.3267],[22.7995,41.3411],[22.8084,41.3383],[22.8112,41.3441],[22.8227,41.335],[22.878,41.3407],[22.8847,41.2871],[22.8811,41.273],[22.8918,41.2585],[22.8795,41.2525],[22.8688,41.2399],[22.8806,41.2027],[22.8939,41.1957],[22.9071,41.1986],[22.9275,41.1922],[22.9621,41.2054],[22.9787,41.2134],[22.9906,41.2254],[22.9953,41.2246],[22.9993,41.2121],[22.9937,41.2025],[22.9948,41.1953],[23.0406,41.1745],[23.0395,41.1625],[23.0546,41.1515],[23.0911,41.1474],[23.0917,41.141],[23.1163,41.137],[23.1414,41.1186],[23.1823,41.1192],[23.1851,41.1085],[23.2141,41.1024],[23.2051,41.094],[23.2032,41.0806],[23.194,41.0747],[23.1935,41.0583],[23.1858,41.0519],[23.1854,41.0458],[23.2054,41.0432],[23.2243,41.05],[23.2301,41.0455],[23.2271,41.0364],[23.2316,41.0299],[23.2532,41.0196],[23.2503,41.0109],[23.2371,41.0006],[23.2256,40.9983],[23.221,40.9924],[23.1818,40.9833],[23.1726,40.965],[23.1577,40.9548],[23.1289,40.9551],[23.1243,40.9464],[23.1124,40.9475],[23.098,40.9569],[23.0907,40.9695],[23.0865,40.9686],[23.0873,40.9598],[23.0831,40.955],[23.0082,40.9383],[23.013,40.9302],[23.0109,40.9196],[23.0169,40.9101],[23.0114,40.9043],[23.0159,40.9016],[23.016,40.8913],[23.0111,40.8858],[23.0128,40.8773],[23.0017,40.8707],[22.9809,40.8703],[22.9661,40.8527],[22.9559,40.8525],[22.9569,40.8389],[22.9656,40.8231],[22.9332,40.8238],[22.9377,40.8132],[22.897,40.8232],[22.8895,40.8204],[22.8623,40.8227],[22.8642,40.8164],[22.8542,40.8083],[22.8179,40.823],[22.7675,40.8225],[22.7609,40.8164],[22.7635,40.8023],[22.7415,40.803],[22.739,40.7903],[22.7187,40.7955],[22.7006,40.7945],[22.6953,40.7977],[22.6927,40.818],[22.6836,40.8318],[22.6901,40.8533],[22.6858,40.8597],[22.6879,40.8646],[22.7121,40.8717],[22.7148,40.8759],[22.6688,40.8978],[22.7073,40.9035],[22.7081,40.9453],[22.7149,40.9642],[22.6783,40.9727],[22.6862,40.9805],[22.6866,40.9895],[22.6976,40.9936],[22.6996,40.9985],[22.6906,41.0234],[22.7167,41.0292],[22.7068,41.0428],[22.6979,41.0459],[22.6975,41.0538],[22.6921,41.0597],[22.6887,41.0548],[22.6709,41.0526],[22.6464,41.0701],[22.6494,41.0732],[22.6449,41.0799],[22.6731,41.1077],[22.6921,41.1049],[22.6995,41.1149],[22.6889,41.1165],[22.6924,41.1322],[22.7024,41.148],[22.7121,41.1396]]]}},{"type":"Feature","properties":{"code":"9069","name":"Σερβίων - Βελβεντού","pe":"Π.Ε. Κοζάνης"},"geometry":{"type":"Polygon","coordinates":[[[22.132,40.3197],[22.1505,40.3119],[22.1615,40.3004],[22.1842,40.3019],[22.1953,40.2927],[22.1952,40.2862],[22.1818,40.2742],[22.1822,40.2662],[22.1683,40.234],[22.1138,40.2109],[22.1044,40.2029],[22.1042,40.1975],[22.1228,40.1811],[22.1228,40.1637],[22.1146,40.1662],[22.1028,40.1782],[22.0931,40.1715],[22.0877,40.1629],[22.1016,40.1443],[22.0854,40.132],[22.0732,40.1128],[22.0229,40.0768],[22.0216,40.063],[21.9944,40.0596],[21.9961,40.043],[21.9616,40.0288],[21.959,40.0069],[21.9426,39.9879],[21.9311,39.9813],[21.9106,39.9825],[21.905,39.9668],[21.8812,39.9544],[21.8629,39.9587],[21.8553,39.9688],[21.8355,39.9577],[21.8085,39.9643],[21.7949,39.9602],[21.7761,39.9862],[21.7837,39.9923],[21.7944,39.9874],[21.7989,39.9899],[21.8157,40.0146],[21.8094,40.0175],[21.8022,40.0382],[21.7899,40.0493],[21.7925,40.0789],[21.7867,40.0847],[21.7872,40.0943],[21.8049,40.0972],[21.8029,40.1095],[21.8266,40.1147],[21.8351,40.1113],[21.8597,40.1194],[21.9005,40.1134],[21.8941,40.1223],[21.8991,40.1264],[21.8898,40.1287],[21.894,40.1369],[21.8727,40.1526],[21.8886,40.1559],[21.9071,40.1689],[21.9117,40.1982],[21.9202,40.2082],[21.9337,40.2124],[21.9351,40.2197],[21.9243,40.2254],[21.9076,40.2497],[21.8959,40.2503],[21.8851,40.261],[21.8856,40.2704],[21.8928,40.2795],[21.9015,40.2826],[21.8975,40.2971],[21.9506,40.3165],[21.9579,40.3264],[21.965,40.3281],[21.9659,40.3204],[21.9742,40.3212],[21.9871,40.3356],[21.9996,40.3233],[22.016,40.3167],[22.0226,40.3221],[22.0521,40.3252],[22.083,40.319],[22.0955,40.3228],[22.1039,40.3207],[22.1062,40.3303],[22.1281,40.3289],[22.132,40.3197]]]}},{"type":"Feature","properties":{"code":"9068","name":"Κοζάνης","pe":"Π.Ε. Κοζάνης"},"geometry":{"type":"Polygon","coordinates":[[[21.7853,40.1063],[21.7675,40.1091],[21.7352,40.0915],[21.7142,40.11],[21.6931,40.1128],[21.7035,40.1209],[21.7071,40.1537],[21.6936,40.1677],[21.6806,40.1744],[21.696,40.1871],[21.6802,40.2005],[21.677,40.2156],[21.6664,40.2292],[21.6487,40.2376],[21.6327,40.2385],[21.624,40.2635],[21.611,40.2801],[21.6194,40.2892],[21.6227,40.3083],[21.612,40.3282],[21.6174,40.3362],[21.5939,40.3638],[21.6231,40.3643],[21.6469,40.3739],[21.658,40.3697],[21.6476,40.3905],[21.6336,40.4019],[21.6397,40.4118],[21.6336,40.4292],[21.6397,40.4284],[21.6522,40.4363],[21.6836,40.425],[21.6973,40.4281],[21.708,40.4158],[21.7521,40.4335],[21.7547,40.4383],[21.7847,40.4456],[21.785,40.4286],[21.7933,40.4226],[21.8314,40.4637],[21.8375,40.4661],[21.8415,40.4612],[21.8517,40.4702],[21.865,40.4747],[21.9168,40.4738],[21.9281,40.4887],[21.9345,40.484],[21.985,40.4781],[21.9985,40.4638],[22.0134,40.4619],[22.0286,40.4474],[22.019,40.4426],[22.0231,40.4361],[22.0711,40.4415],[22.091,40.4321],[22.1047,40.4317],[22.1018,40.407],[22.0923,40.3934],[22.0926,40.3807],[22.098,40.3751],[22.1112,40.3726],[22.1268,40.3568],[22.151,40.3601],[22.1542,40.3523],[22.1354,40.3434],[22.1273,40.3306],[22.1062,40.3303],[22.1039,40.3207],[22.0955,40.3228],[22.083,40.319],[22.0521,40.3252],[22.0226,40.3221],[22.016,40.3167],[21.9996,40.3233],[21.9881,40.3357],[21.9742,40.3212],[21.9659,40.3204],[21.965,40.3281],[21.9579,40.3264],[21.9506,40.3165],[21.8975,40.2971],[21.9015,40.2826],[21.8928,40.2795],[21.8856,40.2704],[21.8851,40.261],[21.8959,40.2503],[21.9076,40.2497],[21.9243,40.2254],[21.9351,40.2197],[21.9333,40.2117],[21.9202,40.2082],[21.9117,40.1982],[21.9071,40.1689],[21.8886,40.1559],[21.8727,40.1526],[21.894,40.1369],[21.8898,40.1287],[21.8991,40.1264],[21.8941,40.1223],[21.9015,40.1146],[21.8948,40.1121],[21.8823,40.1186],[21.872,40.1156],[21.8597,40.1194],[21.8351,40.1113],[21.8266,40.1147],[21.8029,40.1095],[21.8063,40.0994],[21.8028,40.0957],[21.7853,40.1063]]]}},{"type":"Feature","properties":{"code":"9066","name":"Βοϊου","pe":"Π.Ε. Κοζάνης"},"geometry":{"type":"Polygon","coordinates":[[[21.6496,40.1923],[21.6163,40.1754],[21.5961,40.1544],[21.5713,40.1504],[21.5704,40.1614],[21.5495,40.1684],[21.5538,40.1747],[21.5406,40.1792],[21.5383,40.2011],[21.5346,40.2021],[21.5345,40.1941],[21.53,40.1932],[21.5328,40.2024],[21.5299,40.2062],[21.5346,40.2084],[21.5259,40.2141],[21.521,40.2121],[21.5252,40.2185],[21.5227,40.2226],[21.5193,40.22],[21.4986,40.227],[21.5012,40.2324],[21.4951,40.2368],[21.4976,40.2309],[21.4921,40.228],[21.483,40.2373],[21.4452,40.2341],[21.4408,40.2411],[21.4201,40.2488],[21.4153,40.2449],[21.4151,40.2331],[21.3928,40.2333],[21.3779,40.2275],[21.3633,40.2337],[21.363,40.2247],[21.3367,40.2113],[21.3235,40.2137],[21.3236,40.2207],[21.3131,40.2257],[21.3049,40.1968],[21.2979,40.1881],[21.2905,40.1852],[21.2751,40.1916],[21.2671,40.1825],[21.2646,40.1717],[21.247,40.1752],[21.243,40.1703],[21.2462,40.1659],[21.2337,40.1575],[21.2279,40.1604],[21.2135,40.1559],[21.2001,40.1601],[21.2021,40.163],[21.1947,40.1683],[21.1977,40.172],[21.1902,40.1748],[21.1651,40.159],[21.1633,40.1529],[21.1568,40.153],[21.1552,40.1453],[21.1241,40.1541],[21.1085,40.1514],[21.0927,40.1593],[21.0988,40.1638],[21.0701,40.1831],[21.0692,40.1875],[21.0816,40.1984],[21.0848,40.2239],[21.0805,40.2359],[21.0674,40.2409],[21.0718,40.2532],[21.0645,40.2645],[21.0761,40.2948],[21.0733,40.3102],[21.088,40.3212],[21.0883,40.3332],[21.1192,40.3352],[21.1264,40.3432],[21.1362,40.3417],[21.1421,40.3519],[21.162,40.3506],[21.1683,40.3574],[21.1815,40.3483],[21.2243,40.3442],[21.2239,40.3516],[21.2328,40.36],[21.2258,40.366],[21.2304,40.3732],[21.2172,40.3785],[21.2379,40.3985],[21.2477,40.3855],[21.263,40.3853],[21.2608,40.3663],[21.2787,40.3605],[21.2871,40.3698],[21.2995,40.3747],[21.3054,40.3861],[21.3196,40.3909],[21.3278,40.4107],[21.3255,40.4168],[21.3351,40.4073],[21.3393,40.4181],[21.3445,40.4112],[21.3606,40.4071],[21.3554,40.4022],[21.3661,40.394],[21.3587,40.3949],[21.3559,40.3907],[21.3721,40.3757],[21.3612,40.3724],[21.383,40.3737],[21.3997,40.3683],[21.4077,40.3752],[21.4188,40.397],[21.4319,40.3924],[21.4607,40.41],[21.4708,40.4308],[21.468,40.4441],[21.4772,40.4556],[21.4901,40.4503],[21.517,40.4485],[21.5329,40.4198],[21.5875,40.3919],[21.587,40.374],[21.6174,40.3362],[21.6125,40.3257],[21.6228,40.3117],[21.62,40.2907],[21.6125,40.2845],[21.6117,40.2774],[21.624,40.2635],[21.6327,40.2385],[21.6619,40.2323],[21.6767,40.2163],[21.6802,40.2005],[21.696,40.1871],[21.6806,40.1744],[21.6496,40.1923]]]}},{"type":"Feature","properties":{"code":"9067","name":"Εορδαίας","pe":"Π.Ε. Κοζάνης"},"geometry":{"type":"Polygon","coordinates":[[[21.4698,40.4605],[21.4699,40.4674],[21.4822,40.4859],[21.4911,40.4826],[21.4917,40.4969],[21.5016,40.4988],[21.5173,40.5104],[21.5104,40.5256],[21.5183,40.5235],[21.5279,40.5289],[21.5376,40.5403],[21.5312,40.5535],[21.5532,40.5626],[21.5615,40.572],[21.5939,40.5838],[21.6231,40.588],[21.641,40.5853],[21.6417,40.5947],[21.6623,40.5896],[21.682,40.5956],[21.7131,40.5886],[21.7213,40.5912],[21.7196,40.6003],[21.7232,40.6042],[21.7361,40.598],[21.7765,40.6078],[21.7886,40.6191],[21.8,40.641],[21.7877,40.6591],[21.7987,40.6655],[21.8041,40.6756],[21.8037,40.692],[21.828,40.6988],[21.8346,40.6964],[21.8423,40.7071],[21.8473,40.7079],[21.8581,40.6958],[21.8701,40.6896],[21.9064,40.6813],[21.9027,40.6508],[21.8854,40.6423],[21.8874,40.6295],[21.882,40.6233],[21.8891,40.6111],[21.886,40.5933],[21.91,40.5802],[21.9144,40.5735],[21.9138,40.5679],[21.8921,40.5568],[21.8962,40.5423],[21.9266,40.5159],[21.9313,40.4965],[21.9179,40.4743],[21.865,40.4747],[21.8517,40.4702],[21.8415,40.4612],[21.8369,40.466],[21.8278,40.4609],[21.7933,40.4226],[21.785,40.4286],[21.7847,40.4456],[21.7547,40.4383],[21.7521,40.4335],[21.708,40.4158],[21.6973,40.4281],[21.6836,40.425],[21.6522,40.4363],[21.6397,40.4284],[21.6336,40.4292],[21.6397,40.4118],[21.6336,40.4019],[21.6476,40.3905],[21.658,40.3697],[21.6469,40.3739],[21.6208,40.3641],[21.5939,40.3638],[21.587,40.374],[21.5875,40.3919],[21.5329,40.4198],[21.517,40.4485],[21.4901,40.4503],[21.4698,40.4605]]]}},{"type":"Feature","properties":{"code":"9243","name":"Κορινθίων","pe":"Π.Ε. Κορινθίας"},"geometry":{"type":"MultiPolygon","coordinates":[[[[23.1727,37.7641],[23.1763,37.7636],[23.174,37.7594],[23.1727,37.7641]]],[[[23.0066,37.8879],[22.9919,37.8813],[22.9932,37.874],[23.0031,37.8682],[22.997,37.8635],[23.0043,37.8492],[23.0158,37.8432],[23.0466,37.8475],[23.0638,37.8392],[23.0672,37.8407],[23.0652,37.8435],[23.0747,37.8412],[23.0972,37.8483],[23.1171,37.8466],[23.1132,37.8416],[23.1253,37.8429],[23.1282,37.8357],[23.1349,37.8381],[23.1296,37.8341],[23.1421,37.8335],[23.1477,37.8214],[23.1665,37.8122],[23.1659,37.8061],[23.179,37.8041],[23.1747,37.7907],[23.1793,37.7772],[23.1641,37.7661],[23.1578,37.7674],[23.1517,37.757],[23.1295,37.7583],[23.1331,37.7639],[23.1269,37.7664],[23.117,37.7558],[23.118,37.746],[23.1284,37.7316],[23.1193,37.7328],[23.1199,37.7297],[23.1064,37.7217],[23.0978,37.721],[23.0683,37.7295],[23.0463,37.702],[23.0277,37.7119],[22.9994,37.7073],[22.9854,37.717],[22.9558,37.7093],[22.9463,37.7282],[22.9569,37.742],[22.9491,37.7398],[22.932,37.7445],[22.9164,37.7554],[22.9085,37.7498],[22.8894,37.7512],[22.8704,37.7388],[22.8254,37.7333],[22.8074,37.7377],[22.7849,37.7343],[22.7562,37.7453],[22.7463,37.7551],[22.7432,37.7653],[22.7462,37.775],[22.7343,37.79],[22.7495,37.8058],[22.7669,37.8116],[22.7727,37.8088],[22.7772,37.814],[22.7715,37.8181],[22.7798,37.8242],[22.7785,37.8299],[22.7897,37.8371],[22.7764,37.8492],[22.784,37.8531],[22.7879,37.8635],[22.8078,37.8644],[22.8147,37.8856],[22.8123,37.8942],[22.8058,37.897],[22.8232,37.9154],[22.8079,37.9243],[22.8164,37.9385],[22.8171,37.9496],[22.8254,37.9547],[22.8574,37.9376],[22.896,37.9318],[22.9339,37.9454],[22.9317,37.9436],[22.938,37.9396],[22.949,37.9422],[22.9582,37.9503],[22.9709,37.9386],[22.9785,37.9375],[22.9639,37.9329],[22.9695,37.928],[22.9612,37.9195],[22.9687,37.9116],[22.972,37.8997],[22.9929,37.8929],[23.0164,37.8996],[23.0066,37.8879]]]]}},{"type":"Feature","properties":{"code":"9245","name":"Νεμέας","pe":"Π.Ε. Κορινθίας"},"geometry":{"type":"Polygon","coordinates":[[[22.7248,37.7697],[22.7193,37.7803],[22.7037,37.773],[22.6888,37.7734],[22.6817,37.7644],[22.6666,37.7639],[22.6455,37.7783],[22.6165,37.777],[22.6129,37.788],[22.6029,37.7815],[22.5698,37.7929],[22.5351,37.7804],[22.5323,37.8024],[22.5477,37.8259],[22.5636,37.8343],[22.5573,37.8503],[22.5638,37.8554],[22.5643,37.8655],[22.5695,37.8695],[22.5651,37.8749],[22.5769,37.8867],[22.5724,37.8977],[22.6071,37.9019],[22.6244,37.8965],[22.6491,37.8959],[22.6519,37.8765],[22.6651,37.8799],[22.6819,37.8754],[22.693,37.8606],[22.6853,37.8475],[22.689,37.8433],[22.7046,37.8523],[22.716,37.8458],[22.7297,37.8465],[22.7371,37.8596],[22.7494,37.857],[22.7571,37.8628],[22.7724,37.8609],[22.7838,37.8528],[22.7764,37.8484],[22.7897,37.8371],[22.7785,37.8299],[22.7798,37.8242],[22.7715,37.8181],[22.7772,37.814],[22.7727,37.8088],[22.7669,37.8116],[22.7495,37.8058],[22.7343,37.79],[22.7451,37.7779],[22.7248,37.7697]]]}},{"type":"Feature","properties":{"code":"9247","name":"Σικυωνίων","pe":"Π.Ε. Κορινθίας"},"geometry":{"type":"Polygon","coordinates":[[[22.5479,37.841],[22.5215,37.8352],[22.5096,37.8446],[22.5004,37.8567],[22.5015,37.8608],[22.4939,37.8595],[22.4784,37.8448],[22.4652,37.84],[22.4437,37.8173],[22.4347,37.8152],[22.4277,37.8043],[22.409,37.8],[22.3857,37.8067],[22.365,37.8039],[22.3555,37.7978],[22.3322,37.798],[22.3211,37.8071],[22.3182,37.8178],[22.3047,37.8234],[22.2962,37.8346],[22.2765,37.8405],[22.2643,37.8394],[22.2469,37.8651],[22.2284,37.8761],[22.2267,37.8845],[22.2185,37.8866],[22.246,37.909],[22.2465,37.924],[22.2398,37.9464],[22.2429,37.9549],[22.2676,37.9535],[22.2788,37.9617],[22.2921,37.9633],[22.3034,37.9735],[22.3017,37.9878],[22.3135,37.9904],[22.3235,37.9856],[22.3416,38.0063],[22.3543,38.0129],[22.3871,38.0133],[22.3841,37.9984],[22.3982,37.9847],[22.3872,37.9686],[22.3974,37.9461],[22.3945,37.9351],[22.4238,37.9288],[22.4197,37.9115],[22.4306,37.9098],[22.4375,37.9036],[22.4359,37.9112],[22.4437,37.9138],[22.45,37.9234],[22.4436,37.9286],[22.4678,37.9264],[22.4898,37.9426],[22.5063,37.9436],[22.5338,37.9546],[22.5414,37.9762],[22.5511,37.9787],[22.567,37.9923],[22.5703,38.0001],[22.5873,38.0063],[22.5975,38.0015],[22.6145,38.0063],[22.6287,38.0195],[22.6394,38.0381],[22.662,38.0456],[22.666,38.0459],[22.6502,38.0345],[22.6563,38.027],[22.6532,38.0202],[22.6583,38.0197],[22.6684,38.0283],[22.6917,38.0241],[22.6945,38.0275],[22.6872,38.0345],[22.7051,38.0429],[22.7255,38.036],[22.7402,38.0197],[22.7723,38.0008],[22.7718,37.9962],[22.7675,37.9967],[22.7511,37.9831],[22.6981,37.9551],[22.6979,37.9613],[22.6849,37.9668],[22.6784,37.9595],[22.6815,37.9449],[22.662,37.9275],[22.6612,37.9165],[22.6491,37.8959],[22.6244,37.8965],[22.6071,37.9019],[22.573,37.8981],[22.5769,37.8867],[22.5651,37.8749],[22.5695,37.8695],[22.5643,37.8655],[22.5638,37.8554],[22.5479,37.841]]]}},{"type":"Feature","properties":{"code":"9246","name":"Ξυλοκάστρου - Ευρωστίνης","pe":"Π.Ε. Κορινθίας"},"geometry":{"type":"Polygon","coordinates":[[[22.3629,38.023],[22.3597,38.0396],[22.3712,38.045],[22.372,38.0714],[22.3771,38.0797],[22.378,38.1023],[22.3721,38.1234],[22.3774,38.1314],[22.373,38.1422],[22.4148,38.1306],[22.4285,38.1364],[22.4498,38.13],[22.4907,38.1362],[22.5475,38.1047],[22.5712,38.1022],[22.6092,38.0841],[22.6393,38.0783],[22.6559,38.0705],[22.6611,38.0614],[22.7051,38.0429],[22.6872,38.0345],[22.6945,38.0275],[22.6917,38.0241],[22.6684,38.0283],[22.6573,38.0195],[22.6532,38.0202],[22.6563,38.027],[22.6502,38.0345],[22.666,38.0459],[22.6407,38.039],[22.6158,38.007],[22.5975,38.0015],[22.5873,38.0063],[22.5703,38.0001],[22.567,37.9923],[22.5511,37.9787],[22.5414,37.9762],[22.5338,37.9546],[22.5063,37.9436],[22.4898,37.9426],[22.4678,37.9264],[22.4436,37.9286],[22.45,37.9234],[22.4437,37.9138],[22.4359,37.9112],[22.4375,37.9036],[22.4306,37.9098],[22.4197,37.9115],[22.4238,37.9288],[22.3945,37.9351],[22.3974,37.9461],[22.3872,37.9686],[22.3982,37.9847],[22.3841,37.9984],[22.3871,38.0133],[22.3543,38.0129],[22.3629,38.023]]]}},{"type":"Feature","properties":{"code":"9242","name":"Βέλου - Βόχας","pe":"Π.Ε. Κορινθίας"},"geometry":{"type":"Polygon","coordinates":[[[22.7915,37.9714],[22.8254,37.9547],[22.8171,37.9496],[22.8164,37.9385],[22.8079,37.9243],[22.8232,37.9154],[22.8058,37.897],[22.8123,37.8942],[22.8147,37.8856],[22.8078,37.8644],[22.7879,37.8635],[22.7838,37.8528],[22.7724,37.8609],[22.7571,37.8628],[22.7494,37.857],[22.7371,37.8596],[22.7297,37.8465],[22.716,37.8458],[22.7046,37.8523],[22.6864,37.8447],[22.693,37.8606],[22.6889,37.8677],[22.6819,37.8754],[22.6665,37.8798],[22.6519,37.8765],[22.6486,37.8935],[22.6625,37.9198],[22.662,37.9275],[22.6815,37.9449],[22.6792,37.9616],[22.687,37.9683],[22.6888,37.9632],[22.6979,37.9613],[22.6981,37.9551],[22.7511,37.9831],[22.7675,37.9967],[22.7718,37.9962],[22.7723,38.0008],[22.7915,37.9714]]]}},{"type":"Feature","properties":{"code":"9244","name":"Λουτρακίου - Αγ. Θεοδώρων","pe":"Π.Ε. Κορινθίας"},"geometry":{"type":"MultiPolygon","coordinates":[[[[23.1367,37.8576],[23.1356,37.8581],[23.1435,37.8612],[23.1451,37.8582],[23.1367,37.8576]]],[[[23.0884,37.8672],[23.0837,37.8695],[23.0852,37.8696],[23.0884,37.8672]]],[[[22.9621,37.9496],[22.9992,37.9227],[23.0094,37.916],[23.0158,37.9],[22.9929,37.8929],[22.972,37.8997],[22.9687,37.9116],[22.9612,37.9195],[22.9695,37.928],[22.9639,37.9329],[22.9785,37.9375],[22.9709,37.9386],[22.9586,37.9505],[22.9621,37.9496]]],[[[23.1164,38.0286],[23.1315,38.0204],[23.1142,38.0133],[23.1067,37.9952],[23.1164,37.9838],[23.1719,37.9687],[23.1797,37.9516],[23.1657,37.9487],[23.1394,37.9218],[23.0966,37.915],[23.0885,37.9189],[23.0881,37.915],[23.086,37.9174],[23.0707,37.9123],[23.0564,37.9124],[23.0511,37.922],[23.0301,37.9179],[23.0166,37.9237],[23.0089,37.9169],[22.9587,37.9531],[22.97,37.9638],[22.9759,37.9783],[22.9547,37.9865],[22.91,38.0171],[22.8492,38.0279],[22.8841,38.0471],[22.8854,38.0536],[22.8939,38.0508],[22.9093,38.055],[22.9195,38.0673],[22.9379,38.0665],[22.938,38.075],[22.9535,38.08],[22.9685,38.0794],[22.9795,38.0726],[22.9902,38.0744],[22.9963,38.0646],[23.025,38.0547],[23.0283,38.0625],[23.0367,38.0637],[23.0425,38.0621],[23.0424,38.0562],[23.0552,38.0528],[23.0765,38.0595],[23.1172,38.061],[23.12,38.0504],[23.1164,38.0286]]],[[[22.996,38.0689],[22.9964,38.0686],[22.9952,38.0682],[22.996,38.0689]]],[[[22.9944,38.069],[22.9943,38.0694],[22.9949,38.0693],[22.9944,38.069]]],[[[22.9803,38.1096],[22.9769,38.1134],[22.9839,38.1099],[22.9803,38.1096]]],[[[22.9986,38.1047],[22.9888,38.1195],[22.9968,38.1178],[22.9986,38.1047]]],[[[22.9755,38.1137],[22.974,38.1142],[22.9751,38.1147],[22.9755,38.1137]]],[[[22.9872,38.1164],[22.9771,38.1245],[22.9847,38.1233],[22.9872,38.1164]]]]}},{"type":"Feature","properties":{"code":"9285","name":"Νισύρου","pe":"Π.Ε. Κω"},"geometry":{"type":"MultiPolygon","coordinates":[[[[26.9706,36.4977],[26.9605,36.4973],[26.9672,36.5065],[26.9807,36.5087],[26.9706,36.4977]]],[[[27.0704,36.5738],[27.083,36.5706],[27.0623,36.5665],[27.0704,36.5738]]],[[[27.0441,36.5931],[27.0428,36.5807],[27.0296,36.5901],[27.0313,36.5955],[27.0441,36.5931]]],[[[27.1905,36.618],[27.2139,36.5854],[27.212,36.5782],[27.1938,36.5584],[27.1661,36.5581],[27.1451,36.5657],[27.1351,36.5632],[27.1344,36.5724],[27.1226,36.5724],[27.1281,36.5766],[27.1292,36.5915],[27.1258,36.5977],[27.1297,36.6111],[27.139,36.6145],[27.1549,36.6126],[27.1689,36.621],[27.1905,36.618]]],[[[27.1346,36.6821],[27.1448,36.6696],[27.1252,36.6676],[27.1159,36.6546],[27.1129,36.6397],[27.1127,36.6455],[27.1049,36.6527],[27.1039,36.6646],[27.1185,36.6659],[27.1346,36.6821]]],[[[27.1349,36.6625],[27.1344,36.6646],[27.1364,36.6651],[27.138,36.6617],[27.1349,36.6625]]],[[[27.1775,36.6833],[27.1814,36.6824],[27.1826,36.6801],[27.1779,36.6787],[27.1775,36.6833]]]]}},{"type":"Feature","properties":{"code":"9284","name":"Κω","pe":"Π.Ε. Κω"},"geometry":{"type":"MultiPolygon","coordinates":[[[[26.9888,36.7501],[26.9891,36.7492],[26.9877,36.7491],[26.9888,36.7501]]],[[[26.9905,36.7504],[26.9904,36.7508],[26.9914,36.7509],[26.9905,36.7504]]],[[[26.9657,36.7745],[26.9908,36.7696],[27.0029,36.7789],[27.0292,36.8124],[27.0414,36.8179],[27.0756,36.8502],[27.1044,36.8572],[27.1659,36.8885],[27.2054,36.8905],[27.2343,36.8944],[27.2799,36.9167],[27.2879,36.8948],[27.2895,36.8952],[27.2888,36.8969],[27.2903,36.8983],[27.2917,36.8951],[27.2946,36.8931],[27.3061,36.8876],[27.3235,36.8849],[27.3399,36.8912],[27.3515,36.8745],[27.3558,36.8595],[27.3247,36.8456],[27.2651,36.8306],[27.2336,36.827],[27.171,36.8075],[27.1419,36.7788],[27.1125,36.7576],[27.1019,36.7563],[27.0457,36.768],[27.0166,36.7642],[27.0061,36.7594],[27.0074,36.7559],[26.9808,36.7505],[26.9708,36.7372],[26.9805,36.7285],[26.984,36.7164],[26.967,36.7056],[26.9669,36.6826],[26.9737,36.6727],[26.9539,36.6765],[26.9537,36.6807],[26.9414,36.687],[26.9221,36.7081],[26.9173,36.7185],[26.9239,36.7418],[26.9179,36.7493],[26.922,36.7641],[26.9264,36.7619],[26.9319,36.7678],[26.9389,36.7659],[26.963,36.775],[26.9649,36.7747],[26.9649,36.7751],[26.9657,36.7745]]]]}},{"type":"Feature","properties":{"code":"9103","name":"Φαρσάλων","pe":"Π.Ε. Λάρισας"},"geometry":{"type":"Polygon","coordinates":[[[22.6183,39.3809],[22.6147,39.3749],[22.6249,39.3626],[22.6558,39.3543],[22.6691,39.3547],[22.6507,39.3308],[22.6556,39.3263],[22.6529,39.3173],[22.6564,39.3057],[22.6496,39.2968],[22.6347,39.289],[22.6054,39.2825],[22.6007,39.2665],[22.5599,39.2694],[22.5316,39.2574],[22.5301,39.2529],[22.5387,39.2495],[22.5376,39.2429],[22.5431,39.2403],[22.5374,39.2322],[22.5551,39.2158],[22.5534,39.2105],[22.557,39.2102],[22.5611,39.1967],[22.5504,39.1942],[22.5532,39.1892],[22.5442,39.1833],[22.5557,39.1635],[22.551,39.1477],[22.5319,39.1458],[22.5121,39.1314],[22.4934,39.1308],[22.4788,39.144],[22.4614,39.136],[22.4483,39.1385],[22.4442,39.1485],[22.4517,39.1684],[22.4393,39.1888],[22.4083,39.1985],[22.4038,39.2088],[22.4049,39.2197],[22.3892,39.2294],[22.378,39.2266],[22.2876,39.237],[22.2785,39.2609],[22.2668,39.2732],[22.2487,39.2729],[22.2401,39.2841],[22.2245,39.2908],[22.2208,39.3046],[22.213,39.3103],[22.2139,39.3343],[22.2366,39.3378],[22.2249,39.3578],[22.2255,39.3665],[22.2643,39.3778],[22.2594,39.3881],[22.2374,39.4001],[22.2543,39.4089],[22.2599,39.4215],[22.2891,39.4108],[22.3097,39.4247],[22.3133,39.4128],[22.3241,39.4128],[22.3323,39.3995],[22.3401,39.4121],[22.3587,39.4188],[22.365,39.4146],[22.3646,39.3997],[22.3818,39.3952],[22.4058,39.4138],[22.4553,39.4073],[22.4624,39.4232],[22.4792,39.4251],[22.493,39.4181],[22.4974,39.407],[22.5065,39.4028],[22.5294,39.4117],[22.5671,39.4039],[22.5646,39.3946],[22.59,39.3989],[22.6064,39.3974],[22.6183,39.3809]]]}},{"type":"Feature","properties":{"code":"9099","name":"Κιλελέρ","pe":"Π.Ε. Λάρισας"},"geometry":{"type":"Polygon","coordinates":[[[22.2216,39.4249],[22.228,39.4441],[22.2223,39.4589],[22.245,39.4782],[22.2353,39.5163],[22.253,39.5318],[22.2521,39.5416],[22.2872,39.5417],[22.3014,39.526],[22.313,39.5345],[22.3391,39.533],[22.3494,39.5505],[22.3512,39.5732],[22.3769,39.5883],[22.386,39.5856],[22.3883,39.5808],[22.4071,39.5793],[22.4256,39.5962],[22.4696,39.6033],[22.4624,39.6206],[22.4626,39.6432],[22.4667,39.6523],[22.4531,39.677],[22.4594,39.6982],[22.4783,39.6946],[22.4815,39.6989],[22.4866,39.6973],[22.509,39.7071],[22.527,39.7011],[22.5433,39.6876],[22.5371,39.677],[22.5394,39.6635],[22.5626,39.6715],[22.579,39.6947],[22.5918,39.6927],[22.6116,39.6654],[22.5956,39.6568],[22.5988,39.6538],[22.6136,39.6458],[22.6446,39.6418],[22.6599,39.6105],[22.6845,39.6017],[22.7132,39.567],[22.7253,39.5798],[22.7362,39.5804],[22.7519,39.5907],[22.7568,39.588],[22.7649,39.5607],[22.7788,39.5419],[22.7938,39.5334],[22.7806,39.5195],[22.758,39.526],[22.7602,39.5117],[22.7529,39.4889],[22.723,39.4787],[22.7128,39.4578],[22.7004,39.4479],[22.7172,39.4366],[22.7219,39.4214],[22.69,39.4127],[22.6807,39.4025],[22.676,39.3878],[22.6695,39.4056],[22.674,39.4161],[22.6689,39.4205],[22.6435,39.4148],[22.6064,39.3974],[22.5798,39.3989],[22.5646,39.3946],[22.5671,39.4039],[22.5294,39.4117],[22.5065,39.4028],[22.4974,39.407],[22.493,39.4181],[22.4792,39.4251],[22.4624,39.4232],[22.4553,39.4073],[22.4058,39.4138],[22.3818,39.3952],[22.3646,39.3997],[22.365,39.4146],[22.3587,39.4188],[22.3401,39.4121],[22.3323,39.3995],[22.3241,39.4128],[22.3133,39.4128],[22.3097,39.4247],[22.2891,39.4108],[22.2599,39.4215],[22.2216,39.4249]]]}},{"type":"Feature","properties":{"code":"9100","name":"Λαρισαίων","pe":"Π.Ε. Λάρισας"},"geometry":{"type":"Polygon","coordinates":[[[22.2123,39.5054],[22.1926,39.5051],[22.1869,39.508],[22.1758,39.5331],[22.1772,39.5499],[22.1862,39.5611],[22.1906,39.5793],[22.2151,39.5853],[22.2129,39.5941],[22.2191,39.5927],[22.2228,39.5974],[22.2167,39.6078],[22.2255,39.608],[22.2157,39.6143],[22.2174,39.6222],[22.2036,39.6297],[22.2114,39.6394],[22.2233,39.6443],[22.2209,39.664],[22.2299,39.6659],[22.2662,39.657],[22.277,39.6611],[22.2774,39.6516],[22.3082,39.653],[22.3089,39.6492],[22.3186,39.6459],[22.3237,39.6481],[22.3146,39.6541],[22.3151,39.6579],[22.3397,39.6588],[22.3433,39.6492],[22.3493,39.6485],[22.3533,39.6497],[22.3651,39.6791],[22.3584,39.6865],[22.359,39.6917],[22.3775,39.7157],[22.385,39.7182],[22.3815,39.7216],[22.3858,39.7287],[22.4185,39.7533],[22.4283,39.752],[22.4274,39.7426],[22.4336,39.7441],[22.4372,39.7401],[22.429,39.7398],[22.4294,39.7337],[22.4209,39.724],[22.4314,39.7255],[22.4356,39.7185],[22.4495,39.7162],[22.4663,39.7243],[22.4754,39.7468],[22.4897,39.7448],[22.5043,39.7494],[22.5085,39.7426],[22.5031,39.7407],[22.5062,39.7347],[22.5037,39.7283],[22.5134,39.724],[22.506,39.7175],[22.4915,39.7199],[22.4783,39.6946],[22.459,39.6981],[22.4531,39.6777],[22.4667,39.6523],[22.4626,39.6432],[22.4624,39.6206],[22.4696,39.6033],[22.4256,39.5962],[22.4071,39.5793],[22.3883,39.5808],[22.386,39.5856],[22.3769,39.5883],[22.3512,39.5732],[22.3494,39.5505],[22.3391,39.533],[22.313,39.5345],[22.3014,39.526],[22.2872,39.5417],[22.2538,39.5421],[22.253,39.5318],[22.2123,39.5054]]]}},{"type":"Feature","properties":{"code":"9102","name":"Τυρνάβου","pe":"Π.Ε. Λάρισας"},"geometry":{"type":"Polygon","coordinates":[[[22.1961,39.63],[22.1653,39.6087],[22.1476,39.6162],[22.1452,39.6403],[22.1364,39.6576],[22.1588,39.6743],[22.18,39.6749],[22.1839,39.6782],[22.1775,39.6852],[22.1634,39.6801],[22.1472,39.6895],[22.139,39.6889],[22.1338,39.695],[22.1232,39.6931],[22.1166,39.6994],[22.1064,39.6971],[22.104,39.7021],[22.1402,39.7076],[22.1372,39.7211],[22.1441,39.7216],[22.1514,39.7326],[22.1638,39.7364],[22.1633,39.7446],[22.1728,39.7622],[22.1953,39.774],[22.216,39.8051],[22.215,39.8278],[22.2189,39.8326],[22.2384,39.8329],[22.2491,39.8502],[22.2754,39.8676],[22.2876,39.8518],[22.2948,39.8522],[22.2956,39.868],[22.3094,39.8801],[22.2992,39.8962],[22.3066,39.915],[22.3293,39.9248],[22.3465,39.9133],[22.3685,39.923],[22.3799,39.9199],[22.3985,39.9343],[22.4092,39.9198],[22.4195,39.9154],[22.4155,39.8947],[22.4325,39.8854],[22.4265,39.8618],[22.4356,39.8489],[22.4389,39.8331],[22.4366,39.8219],[22.4307,39.8234],[22.4242,39.818],[22.4176,39.8203],[22.4038,39.8139],[22.4051,39.807],[22.3968,39.8045],[22.4351,39.7901],[22.4573,39.7943],[22.4519,39.7761],[22.4483,39.7736],[22.4371,39.7771],[22.4133,39.7594],[22.4185,39.7533],[22.4113,39.7454],[22.3858,39.7287],[22.3815,39.7216],[22.385,39.7182],[22.3775,39.7157],[22.3585,39.6908],[22.3651,39.6791],[22.3533,39.6497],[22.344,39.6487],[22.3397,39.6588],[22.3167,39.6586],[22.3141,39.6547],[22.3237,39.6481],[22.3186,39.6459],[22.3089,39.6492],[22.3082,39.653],[22.2774,39.6516],[22.277,39.6611],[22.2662,39.657],[22.2285,39.6658],[22.2206,39.6634],[22.2227,39.6434],[22.2114,39.6394],[22.2036,39.6297],[22.1961,39.63]]]}},{"type":"Feature","properties":{"code":"9098","name":"Ελασσόνας","pe":"Π.Ε. Λάρισας"},"geometry":{"type":"Polygon","coordinates":[[[22.1141,39.6633],[22.0942,39.6522],[22.0798,39.6511],[22.0766,39.6644],[22.0623,39.6727],[22.0504,39.7034],[22.0376,39.7252],[22.0286,39.7328],[22.0182,39.7333],[21.9872,39.7111],[21.9793,39.6981],[21.96,39.7116],[21.9528,39.7302],[21.9402,39.7472],[21.9452,39.7577],[21.9217,39.7795],[21.9287,39.7915],[21.9525,39.8102],[21.9674,39.8302],[22.0215,39.8264],[22.0279,39.8294],[22.0062,39.8388],[21.9964,39.8387],[21.9887,39.8473],[21.9182,39.8526],[21.9191,39.8622],[21.9135,39.8735],[21.9158,39.8785],[21.9094,39.8941],[21.9004,39.903],[21.9099,39.9142],[21.9099,39.9228],[21.8919,39.942],[21.8719,39.9444],[21.8639,39.9582],[21.8742,39.9541],[21.8863,39.9561],[21.905,39.9668],[21.9106,39.9825],[21.9311,39.9813],[21.9459,39.9904],[21.959,40.0069],[21.9616,40.0288],[21.9961,40.043],[21.9944,40.0596],[22.0216,40.063],[22.0229,40.0768],[22.0732,40.1128],[22.0854,40.132],[22.1016,40.1443],[22.0877,40.1629],[22.0931,40.1715],[22.1028,40.1782],[22.1146,40.1662],[22.1228,40.1637],[22.1233,40.1797],[22.1152,40.19],[22.1475,40.1896],[22.1836,40.1966],[22.2105,40.19],[22.222,40.1764],[22.2007,40.1695],[22.1901,40.1542],[22.1936,40.1469],[22.2102,40.1492],[22.2064,40.1289],[22.217,40.111],[22.2153,40.1019],[22.2425,40.1123],[22.2456,40.1219],[22.2631,40.1399],[22.2686,40.1595],[22.2887,40.1744],[22.3003,40.1733],[22.3196,40.1823],[22.3258,40.1737],[22.3409,40.1681],[22.3531,40.1566],[22.3535,40.151],[22.3444,40.1413],[22.347,40.1289],[22.3556,40.1395],[22.3711,40.1396],[22.3638,40.0973],[22.358,40.0924],[22.3572,40.0831],[22.3489,40.0813],[22.3461,40.0687],[22.361,40.065],[22.3644,40.0607],[22.362,40.0546],[22.3748,40.0497],[22.3789,40.0391],[22.3985,40.0496],[22.41,40.0351],[22.4313,40.0405],[22.4407,40.0294],[22.4807,40.0119],[22.489,40.0131],[22.4959,40.0072],[22.4883,40.0003],[22.4802,39.9991],[22.4721,39.9875],[22.461,39.9852],[22.4255,39.9424],[22.404,39.9375],[22.3811,39.9204],[22.3685,39.923],[22.3465,39.9133],[22.3293,39.9248],[22.3066,39.915],[22.2992,39.8962],[22.3094,39.8801],[22.2956,39.868],[22.294,39.8514],[22.2876,39.8518],[22.2754,39.8676],[22.2491,39.8502],[22.2384,39.8329],[22.2233,39.8338],[22.2158,39.8299],[22.2164,39.8058],[22.1953,39.774],[22.1728,39.7622],[22.1633,39.7446],[22.1638,39.7364],[22.1514,39.7326],[22.1441,39.7216],[22.1372,39.7211],[22.1402,39.7076],[22.104,39.7021],[22.1064,39.6971],[22.1166,39.6994],[22.1232,39.6931],[22.1338,39.695],[22.139,39.6889],[22.1472,39.6895],[22.1634,39.6801],[22.1775,39.6852],[22.1839,39.6782],[22.18,39.6749],[22.1588,39.6743],[22.1364,39.6576],[22.1141,39.6633]]]}},{"type":"Feature","properties":{"code":"9101","name":"Τεμπών","pe":"Π.Ε. Λάρισας"},"geometry":{"type":"Polygon","coordinates":[[[22.489,39.9935],[22.4983,39.9907],[22.4978,39.9691],[22.5064,39.9579],[22.5142,39.9591],[22.531,39.9469],[22.5461,39.9525],[22.5991,39.9555],[22.6246,39.9721],[22.6541,39.9637],[22.6617,39.9467],[22.6682,39.9467],[22.6785,39.9587],[22.6624,39.9756],[22.7065,39.9546],[22.7188,39.9375],[22.7126,39.9279],[22.6946,39.9225],[22.6801,39.9272],[22.6785,39.9176],[22.655,39.9128],[22.6442,39.915],[22.643,39.9035],[22.6265,39.896],[22.6109,39.8958],[22.6074,39.892],[22.6114,39.883],[22.6055,39.8711],[22.6119,39.8681],[22.6266,39.873],[22.627,39.8649],[22.6489,39.8646],[22.6688,39.8758],[22.6679,39.8644],[22.6507,39.8511],[22.6846,39.8508],[22.6836,39.8409],[22.6943,39.8295],[22.7244,39.8196],[22.7067,39.801],[22.6826,39.7966],[22.6852,39.7823],[22.6773,39.7647],[22.6528,39.7642],[22.6468,39.7539],[22.6176,39.7487],[22.6081,39.7377],[22.599,39.7344],[22.5924,39.7228],[22.5796,39.7189],[22.583,39.7088],[22.5721,39.6833],[22.5626,39.6715],[22.5394,39.6635],[22.5371,39.677],[22.5433,39.6876],[22.527,39.7011],[22.509,39.7071],[22.4861,39.6972],[22.4797,39.7],[22.4913,39.7139],[22.4915,39.7199],[22.506,39.7175],[22.5139,39.7247],[22.5037,39.7283],[22.5062,39.7347],[22.5031,39.7407],[22.5085,39.7426],[22.5043,39.7494],[22.4897,39.7448],[22.4754,39.7468],[22.4667,39.7249],[22.4559,39.7178],[22.4356,39.7185],[22.4314,39.7255],[22.4214,39.7234],[22.4294,39.7337],[22.429,39.7398],[22.4372,39.7401],[22.4336,39.7441],[22.4274,39.7426],[22.4283,39.752],[22.4203,39.7512],[22.4133,39.7594],[22.4379,39.7776],[22.4503,39.7743],[22.4573,39.7943],[22.4351,39.7901],[22.3968,39.8045],[22.4051,39.807],[22.4038,39.8139],[22.4176,39.8203],[22.4242,39.818],[22.4307,39.8234],[22.4366,39.8219],[22.4389,39.8331],[22.4356,39.8489],[22.4265,39.8618],[22.4325,39.8854],[22.4155,39.8947],[22.4195,39.9154],[22.4092,39.9198],[22.3985,39.9343],[22.4245,39.9416],[22.461,39.9852],[22.4721,39.9875],[22.4802,39.9991],[22.4883,40.0003],[22.489,39.9935]]]}},{"type":"Feature","properties":{"code":"9097","name":"Αγιάς","pe":"Π.Ε. Λάρισας"},"geometry":{"type":"MultiPolygon","coordinates":[[[[22.8905,39.6721],[22.8906,39.6717],[22.8903,39.672],[22.8905,39.6721]]],[[[22.8888,39.6765],[22.8887,39.6762],[22.8885,39.6765],[22.8888,39.6765]]],[[[22.89,39.6805],[22.8903,39.681],[22.8905,39.6807],[22.89,39.6805]]],[[[22.8897,39.6808],[22.8895,39.6806],[22.8894,39.681],[22.8897,39.6808]]],[[[22.7123,39.9093],[22.7361,39.8687],[22.77,39.856],[22.7826,39.8426],[22.7982,39.8346],[22.8133,39.8168],[22.8527,39.8004],[22.8676,39.7263],[22.8896,39.6794],[22.8882,39.6779],[22.8882,39.6746],[22.897,39.643],[22.9043,39.637],[22.9035,39.6262],[22.9148,39.6097],[22.9159,39.6029],[22.89,39.592],[22.8481,39.5656],[22.8281,39.5425],[22.802,39.5307],[22.7992,39.5123],[22.7806,39.5195],[22.7938,39.5334],[22.7788,39.5419],[22.7649,39.5607],[22.7568,39.588],[22.7519,39.5907],[22.7362,39.5804],[22.7253,39.5798],[22.7132,39.567],[22.6845,39.6017],[22.6599,39.6105],[22.6446,39.6418],[22.6136,39.6458],[22.5956,39.6568],[22.6109,39.6671],[22.5918,39.6927],[22.579,39.6947],[22.583,39.7088],[22.5796,39.7189],[22.5924,39.7228],[22.599,39.7344],[22.6081,39.7377],[22.6176,39.7487],[22.6468,39.7539],[22.6528,39.7642],[22.6773,39.7647],[22.6852,39.7823],[22.6826,39.7966],[22.7067,39.801],[22.7247,39.8206],[22.6943,39.8295],[22.6836,39.8409],[22.6846,39.8508],[22.6507,39.8511],[22.6679,39.8644],[22.6688,39.8758],[22.6489,39.8646],[22.627,39.8649],[22.6257,39.8731],[22.6066,39.8693],[22.6118,39.8858],[22.6074,39.892],[22.643,39.9035],[22.6434,39.9147],[22.655,39.9128],[22.6805,39.9186],[22.6801,39.9272],[22.6946,39.9225],[22.7126,39.9279],[22.7123,39.9093]]]]}},{"type":"Feature","properties":{"code":"9261","name":"Λέσβου","pe":"Π.Ε. Λέσβου"},"geometry":{"type":"MultiPolygon","coordinates":[[[[26.0901,39.0707],[26.0902,39.0703],[26.0897,39.0701],[26.0901,39.0707]]],[[[26.0886,39.0711],[26.0887,39.0707],[26.0883,39.071],[26.0886,39.0711]]],[[[26.0875,39.0713],[26.0877,39.0709],[26.0873,39.0709],[26.0875,39.0713]]],[[[26.0768,39.0769],[26.0774,39.0774],[26.0793,39.0748],[26.0768,39.0769]]],[[[25.9366,39.1287],[25.9364,39.1279],[25.9362,39.1284],[25.9366,39.1287]]],[[[25.9358,39.1292],[25.9363,39.1289],[25.9354,39.1285],[25.9358,39.1292]]],[[[25.9309,39.1311],[25.9312,39.1307],[25.9305,39.1307],[25.9309,39.1311]]],[[[25.8458,39.1974],[25.8455,39.1973],[25.8454,39.1988],[25.8458,39.1974]]],[[[25.8262,39.1987],[25.8251,39.1989],[25.8261,39.1992],[25.8262,39.1987]]],[[[25.8224,39.2006],[25.8234,39.1994],[25.8205,39.1995],[25.8224,39.2006]]],[[[25.831,39.213],[25.8419,39.2284],[25.8381,39.2175],[25.8383,39.2066],[25.831,39.213]]],[[[25.9816,39.2856],[25.9821,39.2856],[25.9825,39.2843],[25.9816,39.2856]]],[[[25.9735,39.2876],[25.9733,39.2874],[25.973,39.2878],[25.9735,39.2876]]],[[[25.9013,39.2892],[25.9015,39.2888],[25.9009,39.2889],[25.9013,39.2892]]],[[[26.0058,39.2891],[26.0051,39.2895],[26.0059,39.2894],[26.0058,39.2891]]],[[[25.9101,39.2948],[25.9089,39.2974],[25.9097,39.2974],[25.9101,39.2948]]],[[[25.9047,39.2979],[25.9052,39.2981],[25.9057,39.2976],[25.9047,39.2979]]],[[[26.0209,39.2999],[26.0211,39.2994],[26.0208,39.2994],[26.0209,39.2999]]],[[[26.0213,39.3001],[26.0217,39.3001],[26.0215,39.2999],[26.0213,39.3001]]],[[[26.0218,39.3007],[26.0222,39.3006],[26.0221,39.3005],[26.0218,39.3007]]],[[[26.0222,39.3013],[26.0225,39.3013],[26.0222,39.301],[26.0222,39.3013]]],[[[26.1621,39.0156],[26.1626,39.0156],[26.1623,39.0152],[26.1621,39.0156]]],[[[26.1613,39.0161],[26.1617,39.0162],[26.1615,39.0158],[26.1613,39.0161]]],[[[26.1596,39.017],[26.1604,39.0168],[26.1602,39.0165],[26.1596,39.017]]],[[[26.1587,39.0172],[26.1587,39.0168],[26.1584,39.0168],[26.1587,39.0172]]],[[[26.1574,39.0178],[26.158,39.0177],[26.1576,39.0174],[26.1574,39.0178]]],[[[26.1568,39.0184],[26.1568,39.0179],[26.1564,39.0179],[26.1568,39.0184]]],[[[26.153,39.0185],[26.1532,39.0181],[26.1527,39.0181],[26.153,39.0185]]],[[[26.1533,39.0193],[26.1535,39.0196],[26.1539,39.0194],[26.1533,39.0193]]],[[[26.1378,39.0377],[26.1375,39.0382],[26.1379,39.0384],[26.1378,39.0377]]],[[[26.1363,39.0411],[26.1367,39.0411],[26.1367,39.0405],[26.1363,39.0411]]],[[[26.1293,39.0444],[26.1298,39.0442],[26.1294,39.044],[26.1293,39.0444]]],[[[26.1309,39.0447],[26.1313,39.045],[26.1314,39.0447],[26.1309,39.0447]]],[[[26.1236,39.0522],[26.1242,39.0519],[26.1238,39.0515],[26.1236,39.0522]]],[[[26.1189,39.0615],[26.1189,39.0611],[26.1184,39.0612],[26.1189,39.0615]]],[[[26.0921,39.0708],[26.0926,39.0706],[26.0922,39.0703],[26.0921,39.0708]]],[[[26.1045,39.104],[26.1051,39.1025],[26.1013,39.1043],[26.1045,39.104]]],[[[26.1544,39.3278],[26.1561,39.3281],[26.1559,39.3275],[26.1544,39.3278]]],[[[26.1413,39.3286],[26.1422,39.3286],[26.1417,39.3283],[26.1413,39.3286]]],[[[26.1412,39.3339],[26.142,39.3338],[26.1415,39.3335],[26.1412,39.3339]]],[[[26.1458,39.3362],[26.1485,39.3317],[26.1451,39.3322],[26.1458,39.3362]]],[[[26.1415,39.3352],[26.142,39.3347],[26.1411,39.3346],[26.1415,39.3352]]],[[[26.5129,38.9663],[26.5135,38.9657],[26.5109,38.9643],[26.5129,38.9663]]],[[[26.5106,38.9683],[26.5088,38.9683],[26.5089,38.9697],[26.5106,38.9683]]],[[[26.5403,38.9704],[26.54,38.9711],[26.5418,38.9709],[26.5403,38.9704]]],[[[26.1642,39.014],[26.1641,39.0143],[26.1649,39.0142],[26.1642,39.014]]],[[[26.1633,39.0146],[26.1638,39.0148],[26.1638,39.0145],[26.1633,39.0146]]],[[[26.5337,39.0184],[26.5343,39.0182],[26.5337,39.018],[26.5337,39.0184]]],[[[26.5381,39.1579],[26.54,39.1562],[26.5386,39.1553],[26.5381,39.1579]]],[[[26.3644,39.3795],[26.367,39.3763],[26.3581,39.3702],[26.3502,39.3558],[26.3565,39.3473],[26.3647,39.3482],[26.3712,39.3401],[26.4013,39.344],[26.4245,39.334],[26.4249,39.3294],[26.4096,39.3204],[26.4172,39.3158],[26.3969,39.3053],[26.3978,39.2988],[26.3796,39.2825],[26.3817,39.2694],[26.4058,39.2625],[26.4107,39.2567],[26.4313,39.2498],[26.4318,39.2424],[26.4512,39.2386],[26.4616,39.2276],[26.4753,39.2244],[26.4796,39.2199],[26.4749,39.2146],[26.4797,39.2105],[26.4855,39.213],[26.4857,39.2052],[26.4913,39.2013],[26.4903,39.1939],[26.4991,39.1814],[26.5147,39.172],[26.5407,39.1675],[26.5407,39.1635],[26.5312,39.1608],[26.5299,39.1412],[26.5387,39.1362],[26.548,39.1383],[26.5474,39.1254],[26.5539,39.1137],[26.5671,39.1118],[26.5636,39.1002],[26.5633,39.1053],[26.5559,39.1053],[26.5598,39.1034],[26.5556,39.1007],[26.5572,39.0962],[26.594,39.0696],[26.612,39.0458],[26.6156,39.0243],[26.6074,39.0089],[26.5888,39.0091],[26.5622,39.0188],[26.5551,39.013],[26.5444,39.0177],[26.5414,39.0114],[26.5382,39.0127],[26.5342,39.0286],[26.5264,39.0294],[26.5209,39.0378],[26.5281,39.0395],[26.5311,39.0458],[26.5119,39.0488],[26.513,39.0576],[26.5183,39.0621],[26.5332,39.0632],[26.5291,39.0822],[26.5147,39.0923],[26.5012,39.1112],[26.4853,39.1194],[26.4565,39.114],[26.4418,39.1014],[26.4505,39.0818],[26.4587,39.079],[26.468,39.067],[26.491,39.0606],[26.4935,39.0531],[26.5033,39.0482],[26.518,39.0287],[26.5296,39.023],[26.5339,39.0146],[26.5311,39.0091],[26.5386,39.0044],[26.5364,39.0],[26.5451,39.0045],[26.5439,38.9979],[26.5398,38.9986],[26.5365,38.9924],[26.5447,38.9902],[26.5178,38.9711],[26.5126,38.9748],[26.5134,38.9808],[26.505,38.9779],[26.5034,38.9703],[26.49,38.9771],[26.4889,38.9731],[26.4811,38.9749],[26.4773,38.9704],[26.3981,38.9625],[26.3622,38.9769],[26.3275,38.9763],[26.2857,39.0015],[26.2365,39.0154],[26.1891,39.0183],[26.1776,39.0147],[26.1684,39.0049],[26.1673,39.0127],[26.1657,39.0143],[26.1467,39.0246],[26.1406,39.0378],[26.1366,39.0419],[26.1333,39.0419],[26.1324,39.0464],[26.1203,39.0613],[26.104,39.0721],[26.0845,39.0729],[26.0843,39.0786],[26.0971,39.0818],[26.105,39.0939],[26.1142,39.0928],[26.1158,39.0973],[26.1333,39.0864],[26.1458,39.0952],[26.1551,39.0943],[26.1685,39.1005],[26.1727,39.1119],[26.1884,39.1261],[26.2046,39.1287],[26.2079,39.1332],[26.2222,39.1307],[26.2323,39.1389],[26.2486,39.1427],[26.2513,39.1504],[26.2821,39.1557],[26.2861,39.16],[26.2838,39.1687],[26.2913,39.1689],[26.2948,39.1844],[26.2804,39.1968],[26.2518,39.2056],[26.2198,39.2024],[26.2138,39.2067],[26.2014,39.2066],[26.1851,39.1973],[26.1685,39.1967],[26.156,39.1827],[26.1557,39.1593],[26.1421,39.1541],[26.1366,39.14],[26.1236,39.1386],[26.1127,39.1048],[26.1033,39.1125],[26.0957,39.1112],[26.0971,39.1083],[26.0875,39.1041],[26.0908,39.0993],[26.0858,39.0961],[26.0857,39.0902],[26.0766,39.0865],[25.9927,39.1089],[25.9564,39.1045],[25.9431,39.1201],[25.9445,39.126],[25.923,39.1372],[25.8932,39.1416],[25.8856,39.151],[25.8752,39.1503],[25.8676,39.1671],[25.8433,39.1755],[25.8407,39.1828],[25.8354,39.1824],[25.8315,39.1884],[25.8415,39.189],[25.843,39.184],[25.8534,39.1821],[25.8487,39.1881],[25.8553,39.1929],[25.8488,39.1977],[25.8551,39.1988],[25.8498,39.2044],[25.8545,39.2086],[25.8493,39.2129],[25.8551,39.2148],[25.8568,39.2205],[25.8534,39.2232],[25.8571,39.2258],[25.851,39.2275],[25.8506,39.2236],[25.8454,39.2295],[25.848,39.2365],[25.8559,39.2341],[25.8622,39.2428],[25.8556,39.255],[25.8658,39.2588],[25.8734,39.2715],[25.8785,39.2704],[25.8818,39.2798],[25.8921,39.2778],[25.9043,39.2841],[25.9013,39.2875],[25.9041,39.2961],[25.9085,39.2897],[25.9221,39.2961],[25.9199,39.2824],[25.9282,39.2797],[25.9374,39.2837],[25.9507,39.2753],[25.9704,39.2861],[25.9763,39.2857],[25.9729,39.2824],[25.9779,39.2788],[25.9997,39.2796],[26.0051,39.2889],[26.0177,39.2903],[26.0192,39.2928],[26.0241,39.2864],[26.0376,39.2884],[26.036,39.292],[26.042,39.2926],[26.0383,39.2981],[26.0491,39.2957],[26.0445,39.2939],[26.0469,39.2916],[26.0733,39.2962],[26.0793,39.3031],[26.0949,39.3045],[26.1018,39.3159],[26.1152,39.3057],[26.1274,39.3081],[26.1322,39.3152],[26.1507,39.3227],[26.1704,39.325],[26.1815,39.337],[26.1697,39.3464],[26.1747,39.3651],[26.166,39.3703],[26.1846,39.3795],[26.1968,39.3744],[26.2355,39.3834],[26.2523,39.3781],[26.3176,39.3734],[26.3326,39.3801],[26.3415,39.3897],[26.3438,39.3829],[26.357,39.3774],[26.3644,39.3795]]],[[[26.5038,39.1951],[26.5046,39.1956],[26.5051,39.195],[26.5038,39.1951]]],[[[26.4524,39.2401],[26.4551,39.2409],[26.4546,39.2401],[26.4524,39.2401]]],[[[26.409,39.27],[26.4093,39.2696],[26.4089,39.2696],[26.409,39.27]]],[[[26.4128,39.2713],[26.4111,39.2716],[26.4121,39.2717],[26.4128,39.2713]]],[[[26.4329,39.292],[26.4333,39.2917],[26.4329,39.2916],[26.4329,39.292]]],[[[26.433,39.2955],[26.4326,39.2928],[26.4313,39.2943],[26.433,39.2955]]],[[[26.4378,39.2968],[26.4335,39.2974],[26.4341,39.2999],[26.4378,39.2968]]],[[[26.4283,39.3024],[26.4284,39.3021],[26.4277,39.3022],[26.4283,39.3024]]],[[[26.4366,39.3076],[26.4329,39.3045],[26.4336,39.3145],[26.442,39.3102],[26.4366,39.3076]]],[[[26.4484,39.3144],[26.4491,39.3125],[26.4443,39.3132],[26.4443,39.3166],[26.4484,39.3144]]],[[[26.4212,39.3174],[26.4217,39.3172],[26.4212,39.3172],[26.4212,39.3174]]],[[[26.4228,39.3181],[26.4227,39.3177],[26.4223,39.3178],[26.4228,39.3181]]],[[[26.4238,39.3187],[26.424,39.3184],[26.4235,39.3184],[26.4238,39.3187]]]]}},{"type":"Feature","properties":{"code":"9262","name":"Αγίου Ευστρατίου","pe":"Π.Ε. Λήμνου"},"geometry":{"type":"MultiPolygon","coordinates":[[[[25.0353,39.5089],[25.0347,39.5091],[25.0353,39.5092],[25.0353,39.5089]]],[[[24.9943,39.5578],[25.0057,39.5623],[25.0574,39.5305],[25.0461,39.5146],[25.033,39.5089],[25.0245,39.4945],[25.0066,39.4898],[24.9866,39.4618],[24.9735,39.4834],[24.9708,39.5096],[24.9777,39.5353],[24.9871,39.5374],[24.9943,39.5578]]],[[[25.055,39.52],[25.0545,39.5199],[25.0545,39.5202],[25.055,39.52]]],[[[25.0542,39.5205],[25.0537,39.5211],[25.0543,39.5212],[25.0542,39.5205]]],[[[25.0536,39.5237],[25.0536,39.5242],[25.0539,39.524],[25.0536,39.5237]]],[[[25.0617,39.5372],[25.0612,39.5371],[25.061,39.5379],[25.0617,39.5372]]],[[[25.0634,39.5401],[25.0616,39.5383],[25.0611,39.5385],[25.0634,39.5401]]],[[[25.0054,39.5639],[25.0053,39.5643],[25.0061,39.564],[25.0054,39.5639]]],[[[25.0038,39.5663],[25.0053,39.5649],[25.004,39.565],[25.0038,39.5663]]]]}},{"type":"Feature","properties":{"code":"9263","name":"Λήμνου","pe":"Π.Ε. Λήμνου"},"geometry":{"type":"MultiPolygon","coordinates":[[[[25.1326,39.8125],[25.1308,39.8116],[25.1311,39.8122],[25.1326,39.8125]]],[[[25.0473,39.8324],[25.0448,39.8297],[25.0451,39.8316],[25.0473,39.8324]]],[[[25.0483,39.832],[25.0478,39.8316],[25.0477,39.832],[25.0483,39.832]]],[[[25.0478,39.8331],[25.0477,39.8329],[25.0473,39.8334],[25.0478,39.8331]]],[[[25.0713,39.8373],[25.0719,39.8379],[25.0724,39.8371],[25.0713,39.8373]]],[[[25.0453,39.8566],[25.0444,39.8579],[25.0466,39.8583],[25.0453,39.8566]]],[[[25.0424,39.8573],[25.0413,39.8584],[25.0438,39.8584],[25.0424,39.8573]]],[[[25.0491,39.8662],[25.0489,39.8665],[25.0491,39.8665],[25.0491,39.8662]]],[[[25.0493,39.8675],[25.049,39.8672],[25.0491,39.8676],[25.0493,39.8675]]],[[[25.0534,39.8696],[25.0531,39.8695],[25.0531,39.8699],[25.0534,39.8696]]],[[[25.0535,39.8708],[25.054,39.8709],[25.0537,39.8705],[25.0535,39.8708]]],[[[25.1535,39.9992],[25.1557,39.9987],[25.1532,39.9977],[25.1535,39.9992]]],[[[25.1354,40.0175],[25.1254,40.0201],[25.1358,40.0263],[25.1437,40.025],[25.1354,40.0175]]],[[[25.2368,39.7933],[25.2373,39.7913],[25.2366,39.7914],[25.2368,39.7933]]],[[[25.1667,39.8463],[25.1671,39.8456],[25.1665,39.8462],[25.1667,39.8463]]],[[[25.2131,39.8624],[25.2183,39.8697],[25.2231,39.8705],[25.2131,39.8624]]],[[[25.2313,39.8841],[25.2295,39.8839],[25.2295,39.8842],[25.2313,39.8841]]],[[[25.1758,39.8512],[25.1723,39.8546],[25.1594,39.8548],[25.1377,39.834],[25.1294,39.8341],[25.1337,39.8443],[25.1269,39.8437],[25.1279,39.8484],[25.1176,39.8516],[25.1089,39.8501],[25.1038,39.8425],[25.0861,39.8398],[25.0886,39.8339],[25.0831,39.8341],[25.0761,39.842],[25.0668,39.8417],[25.0526,39.8322],[25.0527,39.8371],[25.0476,39.8337],[25.0487,39.8415],[25.058,39.8431],[25.0674,39.8539],[25.0583,39.8603],[25.0507,39.8542],[25.0486,39.8581],[25.0534,39.8599],[25.0496,39.8662],[25.0611,39.8711],[25.0608,39.8747],[25.0522,39.8779],[25.0601,39.8785],[25.0632,39.886],[25.0549,39.8895],[25.0676,39.898],[25.066,39.9058],[25.0739,39.9182],[25.0637,39.9301],[25.0484,39.9327],[25.0525,39.9444],[25.0447,39.9574],[25.0509,39.9768],[25.0466,39.9844],[25.0347,39.9851],[25.0377,39.9892],[25.0461,39.9901],[25.0466,39.9851],[25.0513,39.9842],[25.0667,39.9912],[25.1029,39.9909],[25.1048,39.9949],[25.1222,39.9973],[25.1409,40.0072],[25.1531,40.0016],[25.151,39.992],[25.1568,39.989],[25.1659,39.9941],[25.1718,39.9903],[25.184,39.9973],[25.194,39.9967],[25.1945,40.0001],[25.2149,39.9978],[25.2365,40.0052],[25.2333,40.002],[25.2394,40.0],[25.2359,39.9963],[25.2476,39.9931],[25.2488,39.989],[25.2662,39.9847],[25.2735,39.9906],[25.2711,39.9856],[25.275,39.9839],[25.268,39.9823],[25.2631,39.9752],[25.2689,39.9685],[25.2658,39.9635],[25.275,39.9574],[25.2856,39.9563],[25.2854,39.9534],[25.2899,39.9548],[25.2891,39.9525],[25.2812,39.9505],[25.2762,39.9486],[25.2755,39.9478],[25.2828,39.9405],[25.2925,39.9398],[25.3072,39.9488],[25.3055,39.9559],[25.316,39.9598],[25.3183,39.9673],[25.3324,39.9701],[25.3296,39.9679],[25.3339,39.9646],[25.322,39.9608],[25.3256,39.9572],[25.348,39.9663],[25.3499,39.9722],[25.3374,39.9772],[25.3723,40.0025],[25.3692,40.0186],[25.3792,40.02],[25.3832,40.0139],[25.3917,40.013],[25.3926,40.0074],[25.402,40.0059],[25.4232,40.0258],[25.4481,40.0355],[25.4441,40.0243],[25.4328,40.0186],[25.4381,40.0108],[25.447,40.0133],[25.438,40.0063],[25.4443,39.9812],[25.416,39.9692],[25.4071,39.9539],[25.3892,39.9444],[25.3839,39.9292],[25.3883,39.9109],[25.3749,39.9148],[25.3599,39.9102],[25.3557,39.9024],[25.3593,39.8907],[25.3725,39.8904],[25.3424,39.8789],[25.3454,39.8652],[25.3522,39.8639],[25.3578,39.8569],[25.3434,39.8513],[25.3452,39.84],[25.3746,39.8115],[25.3527,39.7999],[25.3521,39.7921],[25.3594,39.7843],[25.3433,39.7832],[25.3042,39.793],[25.2905,39.8077],[25.2962,39.8225],[25.2847,39.8297],[25.2674,39.8309],[25.262,39.8363],[25.265,39.8407],[25.2502,39.8524],[25.2425,39.8545],[25.2356,39.8499],[25.2432,39.8606],[25.2612,39.8606],[25.271,39.8676],[25.2637,39.8777],[25.273,39.8838],[25.2665,39.8864],[25.2713,39.8877],[25.2733,39.8839],[25.2806,39.8955],[25.2653,39.9027],[25.268,39.9075],[25.2622,39.9106],[25.2337,39.9108],[25.2158,39.8954],[25.1911,39.8837],[25.2095,39.8867],[25.2316,39.8793],[25.2295,39.8765],[25.211,39.8804],[25.2029,39.877],[25.2027,39.8722],[25.1803,39.8488],[25.1802,39.8452],[25.1884,39.8416],[25.1968,39.8504],[25.1993,39.848],[25.196,39.8416],[25.2033,39.8424],[25.2036,39.8373],[25.2108,39.8397],[25.2056,39.8352],[25.2069,39.8223],[25.229,39.7993],[25.2372,39.7987],[25.2361,39.7957],[25.1995,39.8016],[25.191,39.7974],[25.1696,39.8006],[25.1657,39.7967],[25.1588,39.7985],[25.1556,39.8078],[25.1509,39.809],[25.1416,39.8085],[25.1379,39.8038],[25.1376,39.8109],[25.1476,39.8131],[25.1463,39.8233],[25.1563,39.8286],[25.1627,39.8464],[25.1671,39.8456],[25.1727,39.8446],[25.1758,39.8512]]],[[[25.3815,39.91],[25.3831,39.9092],[25.3823,39.9092],[25.3815,39.91]]],[[[25.2816,39.9576],[25.2824,39.9575],[25.281,39.9571],[25.2816,39.9576]]],[[[25.2743,39.9606],[25.2734,39.9606],[25.2744,39.9614],[25.2743,39.9606]]],[[[25.2729,39.9856],[25.2738,39.9852],[25.2728,39.9852],[25.2729,39.9856]]],[[[25.1598,39.9985],[25.1595,39.9992],[25.1604,39.9992],[25.1598,39.9985]]],[[[25.3936,40.0108],[25.393,40.0111],[25.3934,40.0112],[25.3936,40.0108]]],[[[25.3678,40.0137],[25.3668,40.0144],[25.3685,40.0138],[25.3678,40.0137]]]]}},{"type":"Feature","properties":{"code":"9248","name":"Ανατολικής Μάνης","pe":"Π.Ε. Λακωνίας"},"geometry":{"type":"Polygon","coordinates":[[[22.5662,36.7762],[22.5632,36.7701],[22.5701,36.7533],[22.5731,36.7556],[22.5764,36.755],[22.5701,36.753],[22.5696,36.7438],[22.5761,36.7333],[22.5356,36.7204],[22.5219,36.706],[22.5223,36.7013],[22.5305,36.6964],[22.5205,36.6911],[22.5218,36.6806],[22.5248,36.6764],[22.5379,36.6788],[22.5379,36.6736],[22.5478,36.6721],[22.5486,36.6668],[22.5433,36.6628],[22.5466,36.6571],[22.5509,36.6579],[22.5512,36.6504],[22.5404,36.6476],[22.5372,36.656],[22.5321,36.6563],[22.5361,36.6583],[22.5335,36.6623],[22.5155,36.6687],[22.5072,36.6674],[22.5003,36.6618],[22.4999,36.6553],[22.5255,36.6291],[22.5289,36.6166],[22.51,36.6029],[22.4968,36.6192],[22.4877,36.6169],[22.4887,36.6138],[22.4811,36.618],[22.476,36.6125],[22.4722,36.5904],[22.4781,36.5807],[22.4768,36.5671],[22.4813,36.5646],[22.482,36.5546],[22.4723,36.5272],[22.4838,36.5118],[22.4896,36.51],[22.4867,36.5047],[22.4937,36.4966],[22.5023,36.4954],[22.5042,36.4858],[22.5031,36.46],[22.4945,36.4598],[22.5003,36.4555],[22.4974,36.4518],[22.5023,36.4494],[22.5022,36.4438],[22.4948,36.4365],[22.4905,36.4388],[22.4822,36.4325],[22.4872,36.4282],[22.4913,36.4316],[22.4911,36.4261],[22.4965,36.4247],[22.4967,36.4092],[22.4918,36.4136],[22.4896,36.4126],[22.5012,36.4014],[22.4902,36.3979],[22.486,36.4019],[22.4883,36.3939],[22.4834,36.3854],[22.4802,36.3975],[22.4699,36.4043],[22.4682,36.4123],[22.4689,36.4244],[22.4748,36.4234],[22.4765,36.4299],[22.4568,36.4405],[22.4588,36.4516],[22.4448,36.4592],[22.4383,36.4568],[22.4351,36.4617],[22.4193,36.464],[22.414,36.4743],[22.4046,36.476],[22.4011,36.4811],[22.3939,36.4658],[22.3913,36.4704],[22.3704,36.4765],[22.3472,36.5142],[22.3478,36.5275],[22.3555,36.5242],[22.3673,36.5332],[22.3642,36.5467],[22.3741,36.5351],[22.3909,36.5413],[22.3833,36.5465],[22.3818,36.5542],[22.3868,36.5597],[22.381,36.5692],[22.3866,36.5712],[22.3867,36.5753],[22.3718,36.5772],[22.3732,36.5866],[22.3868,36.5925],[22.3837,36.5971],[22.3648,36.6006],[22.3638,36.607],[22.3767,36.6176],[22.3668,36.6212],[22.3631,36.6389],[22.3816,36.6389],[22.383,36.6453],[22.3681,36.651],[22.3616,36.6653],[22.3657,36.678],[22.3785,36.6801],[22.3813,36.6866],[22.3898,36.6911],[22.3817,36.6972],[22.3691,36.6922],[22.3504,36.6967],[22.3491,36.7085],[22.3389,36.7113],[22.3314,36.7378],[22.369,36.7494],[22.3823,36.7848],[22.3974,36.7903],[22.3943,36.816],[22.402,36.823],[22.3863,36.8437],[22.3864,36.854],[22.3755,36.8577],[22.3602,36.8837],[22.3794,36.8703],[22.4154,36.8629],[22.4253,36.8541],[22.4499,36.8705],[22.4514,36.8852],[22.4789,36.8768],[22.4864,36.865],[22.4907,36.867],[22.5299,36.8567],[22.5497,36.8306],[22.5497,36.818],[22.5611,36.8112],[22.5524,36.7991],[22.5593,36.7972],[22.5594,36.7921],[22.5736,36.7927],[22.5807,36.7845],[22.5662,36.7762]]]}},{"type":"Feature","properties":{"code":"9252","name":"Σπάρτης","pe":"Π.Ε. Λακωνίας"},"geometry":{"type":"Polygon","coordinates":[[[22.3561,36.89],[22.3646,36.8992],[22.3624,36.9189],[22.3452,36.9363],[22.3545,36.971],[22.3505,36.9918],[22.3369,37.0105],[22.3267,37.0139],[22.3172,37.0425],[22.2689,37.0463],[22.2722,37.0585],[22.2937,37.071],[22.3021,37.0908],[22.3024,37.1022],[22.298,37.1107],[22.2797,37.1125],[22.2753,37.139],[22.2523,37.1687],[22.2503,37.1883],[22.2349,37.2077],[22.2371,37.2207],[22.2241,37.2486],[22.2228,37.2743],[22.2306,37.2762],[22.2516,37.2684],[22.272,37.2805],[22.2885,37.2828],[22.2964,37.2677],[22.2971,37.249],[22.3248,37.2432],[22.3412,37.233],[22.3417,37.2256],[22.336,37.2185],[22.3392,37.2161],[22.3664,37.212],[22.3767,37.2153],[22.3837,37.2197],[22.3879,37.2385],[22.3986,37.2175],[22.4088,37.2123],[22.4234,37.2185],[22.4196,37.2398],[22.4323,37.2576],[22.4103,37.2897],[22.4017,37.3225],[22.4161,37.335],[22.4209,37.3351],[22.4316,37.3234],[22.4366,37.3226],[22.4452,37.3297],[22.4629,37.3185],[22.4833,37.3128],[22.4945,37.32],[22.525,37.3188],[22.5351,37.308],[22.5441,37.3051],[22.5416,37.2978],[22.5542,37.2843],[22.6047,37.2969],[22.6115,37.2805],[22.6062,37.249],[22.6086,37.2301],[22.6313,37.2045],[22.6385,37.1778],[22.6349,37.1693],[22.6457,37.1586],[22.6536,37.1421],[22.6407,37.1343],[22.64,37.1187],[22.6091,37.1037],[22.6146,37.0789],[22.6119,37.0527],[22.6369,37.0385],[22.6417,37.0302],[22.6342,36.9991],[22.609,36.982],[22.6061,36.9632],[22.5813,36.9693],[22.5783,36.9775],[22.57,36.9755],[22.5633,36.9877],[22.5558,36.9824],[22.5429,36.9881],[22.5219,36.9754],[22.5058,36.9577],[22.5124,36.9448],[22.5066,36.9364],[22.5095,36.9282],[22.507,36.9132],[22.4881,36.916],[22.4703,36.9109],[22.4638,36.8902],[22.4675,36.8801],[22.4514,36.8852],[22.4499,36.8705],[22.4263,36.8543],[22.4154,36.8629],[22.3794,36.8703],[22.3561,36.89]]]}},{"type":"Feature","properties":{"code":"9250","name":"Ευρώτα","pe":"Π.Ε. Λακωνίας"},"geometry":{"type":"MultiPolygon","coordinates":[[[[22.6099,36.7915],[22.6085,36.7914],[22.609,36.7919],[22.6099,36.7915]]],[[[22.6033,36.7933],[22.6042,36.793],[22.6041,36.7925],[22.6033,36.7933]]],[[[22.6083,36.7929],[22.6081,36.7925],[22.6067,36.7932],[22.6083,36.7929]]],[[[22.68,37.1202],[22.6872,37.106],[22.7067,37.0939],[22.7022,37.0861],[22.6906,37.0801],[22.6898,37.0725],[22.6838,37.068],[22.6877,37.0585],[22.7136,37.033],[22.7323,37.0403],[22.7358,37.0511],[22.7518,37.0582],[22.7623,37.0558],[22.7792,37.0387],[22.793,37.0345],[22.8049,37.0141],[22.8157,37.0142],[22.8295,37.0068],[22.8449,37.0069],[22.85,36.9934],[22.8583,36.9989],[22.8705,36.9983],[22.8684,37.0071],[22.8768,37.0222],[22.8971,37.029],[22.9053,37.0275],[22.9184,37.0158],[22.9245,37.0161],[22.9378,37.0015],[22.9371,36.9965],[22.9278,36.9934],[22.93,36.9785],[22.926,36.9722],[22.943,36.9513],[22.9378,36.9464],[22.9617,36.9281],[22.9426,36.9181],[22.929,36.8996],[22.9075,36.9204],[22.9041,36.9126],[22.9074,36.9051],[22.8965,36.901],[22.8906,36.8946],[22.8936,36.8886],[22.8761,36.879],[22.8644,36.8661],[22.8617,36.8456],[22.8553,36.8485],[22.8503,36.8578],[22.8196,36.8568],[22.8124,36.8637],[22.8035,36.855],[22.8265,36.8162],[22.8125,36.8121],[22.7891,36.7924],[22.7782,36.8009],[22.7522,36.805],[22.6311,36.8068],[22.6208,36.8059],[22.6139,36.7968],[22.6034,36.7963],[22.5805,36.7856],[22.5718,36.7936],[22.5594,36.7921],[22.5593,36.7972],[22.5524,36.7991],[22.5611,36.8112],[22.5497,36.818],[22.5497,36.8306],[22.5309,36.8562],[22.4907,36.867],[22.4864,36.865],[22.4824,36.8743],[22.4645,36.885],[22.4685,36.9002],[22.4657,36.903],[22.4703,36.9109],[22.4881,36.916],[22.5083,36.9151],[22.5066,36.9364],[22.5124,36.9448],[22.5058,36.9577],[22.5219,36.9754],[22.5429,36.9881],[22.5558,36.9824],[22.5633,36.9877],[22.57,36.9755],[22.5783,36.9775],[22.5813,36.9693],[22.6061,36.9632],[22.609,36.982],[22.6342,36.9991],[22.6417,37.0302],[22.6369,37.0385],[22.6119,37.0527],[22.6146,37.0789],[22.6091,37.1037],[22.64,37.1187],[22.6407,37.1343],[22.6549,37.1418],[22.68,37.1202]]]]}},{"type":"Feature","properties":{"code":"9251","name":"Μονεμβασιάς","pe":"Π.Ε. Λακωνίας"},"geometry":{"type":"MultiPolygon","coordinates":[[[[23.0488,36.617],[23.0483,36.6152],[23.0472,36.6156],[23.0488,36.617]]],[[[22.955,37.023],[22.9618,37.0357],[22.9683,37.0363],[22.9825,37.048],[22.9928,37.0444],[22.9949,37.032],[23.0041,37.025],[23.0038,37.0205],[22.9955,37.0189],[23.0043,37.0091],[22.999,37.003],[23.0049,36.9963],[23.0062,36.9833],[22.997,36.9847],[22.9902,36.9744],[22.9961,36.9668],[23.0098,36.9688],[23.0051,36.9563],[23.0101,36.9562],[23.013,36.9534],[23.0099,36.9502],[23.0201,36.9455],[23.0108,36.9399],[23.0329,36.9074],[23.0396,36.8885],[23.0368,36.884],[23.0517,36.8619],[23.0391,36.8585],[23.0481,36.8562],[23.0443,36.8503],[23.0586,36.8429],[23.0527,36.8383],[23.0729,36.8311],[23.079,36.8187],[23.0904,36.8193],[23.0887,36.8125],[23.0834,36.8104],[23.0895,36.8002],[23.0898,36.7859],[23.0785,36.7905],[23.0748,36.7868],[23.0911,36.7834],[23.0971,36.788],[23.0996,36.777],[23.1109,36.774],[23.0844,36.7602],[23.0849,36.7431],[23.0916,36.7375],[23.0865,36.7371],[23.0893,36.7343],[23.0865,36.729],[23.0677,36.7352],[23.0587,36.7455],[23.0475,36.7423],[23.0462,36.7373],[23.0499,36.7347],[23.0462,36.7301],[23.0356,36.7341],[23.0276,36.7283],[23.0241,36.7129],[23.0373,36.7032],[23.0336,36.6922],[23.0404,36.6875],[23.0598,36.6904],[23.0542,36.686],[23.039,36.6865],[23.0387,36.6757],[23.0264,36.6616],[23.033,36.6411],[23.0296,36.6382],[23.0319,36.6277],[23.0409,36.6189],[23.045,36.6196],[23.0472,36.6095],[23.0543,36.6111],[23.0588,36.5961],[23.0674,36.5906],[23.0663,36.5861],[23.0997,36.5643],[23.1276,36.5589],[23.134,36.5482],[23.1329,36.5419],[23.1387,36.5431],[23.1526,36.5359],[23.1381,36.5279],[23.1422,36.5135],[23.129,36.5014],[23.1296,36.4961],[23.1395,36.4941],[23.1451,36.4853],[23.1637,36.4828],[23.1636,36.4785],[23.168,36.477],[23.1637,36.4703],[23.1664,36.4658],[23.1779,36.468],[23.1951,36.4585],[23.2016,36.4493],[23.1968,36.4347],[23.1443,36.4409],[23.1385,36.4309],[23.1309,36.4276],[23.1121,36.434],[23.1056,36.4411],[23.0984,36.4413],[23.0954,36.4371],[23.0916,36.442],[23.0853,36.4398],[23.0871,36.4444],[23.0833,36.444],[23.0732,36.4635],[23.0621,36.4739],[23.0696,36.4849],[23.063,36.4875],[23.0685,36.494],[23.065,36.505],[23.038,36.525],[23.0272,36.5284],[23.0084,36.5275],[23.0052,36.5315],[22.9973,36.5315],[22.9808,36.5204],[22.9683,36.5195],[22.9544,36.5508],[22.9366,36.561],[22.9447,36.5724],[22.9365,36.5833],[22.8973,36.6084],[22.8851,36.6094],[22.8877,36.6134],[22.8695,36.6287],[22.8796,36.6283],[22.8841,36.6397],[22.8832,36.6485],[22.8689,36.6605],[22.8708,36.6632],[22.8511,36.6722],[22.8481,36.6832],[22.838,36.6881],[22.8282,36.6869],[22.8283,36.6726],[22.8212,36.6627],[22.8211,36.6543],[22.8164,36.661],[22.8195,36.6637],[22.8067,36.6715],[22.8039,36.6816],[22.8126,36.6889],[22.8092,36.697],[22.8201,36.7028],[22.8204,36.7149],[22.8118,36.7369],[22.7981,36.7497],[22.8012,36.7556],[22.7937,36.7617],[22.7974,36.7675],[22.7914,36.7737],[22.7937,36.7817],[22.7858,36.7932],[22.7942,36.7952],[22.8125,36.8121],[22.8265,36.8162],[22.8035,36.855],[22.814,36.8648],[22.8196,36.8568],[22.8503,36.8578],[22.8553,36.8485],[22.8617,36.8456],[22.8644,36.8661],[22.8761,36.879],[22.8936,36.8886],[22.8906,36.8946],[22.8965,36.901],[22.9074,36.9051],[22.9041,36.9126],[22.9075,36.9204],[22.929,36.8996],[22.9426,36.9181],[22.9617,36.9281],[22.9378,36.9464],[22.943,36.9513],[22.926,36.9722],[22.93,36.9785],[22.9278,36.9934],[22.9383,36.9991],[22.9245,37.0161],[22.955,37.023]]],[[[23.0892,36.7532],[23.09,36.7531],[23.0905,36.752],[23.0892,36.7532]]]]}},{"type":"Feature","properties":{"code":"9249","name":"Ελαφονήσου","pe":"Π.Ε. Λακωνίας"},"geometry":{"type":"MultiPolygon","coordinates":[[[[22.9239,36.4699],[22.9222,36.4703],[22.9227,36.472],[22.9239,36.4699]]],[[[22.9866,36.4825],[22.9827,36.4823],[22.9813,36.4765],[22.9918,36.4692],[22.9875,36.4556],[22.9816,36.4587],[22.9818,36.4661],[22.9706,36.4633],[22.9773,36.4682],[22.9675,36.4765],[22.9485,36.4741],[22.9328,36.4611],[22.9254,36.467],[22.927,36.4813],[22.9333,36.4881],[22.9427,36.4901],[22.9456,36.5018],[22.9706,36.5118],[22.9802,36.512],[22.9866,36.4825]]],[[[22.9266,36.4881],[22.928,36.4904],[22.9306,36.4885],[22.9266,36.4881]]],[[[22.9385,36.4971],[22.9388,36.4953],[22.9374,36.4953],[22.9385,36.4971]]],[[[22.9813,36.5124],[22.9814,36.5129],[22.9819,36.5124],[22.9813,36.5124]]],[[[22.9877,36.514],[22.9867,36.5141],[22.9875,36.5155],[22.9877,36.514]]],[[[22.9841,36.5158],[22.9808,36.5204],[22.9973,36.5315],[23.0052,36.5315],[23.0084,36.5275],[22.9841,36.5158]]],[[[22.8958,36.5989],[22.8987,36.5997],[22.8968,36.5981],[22.8958,36.5989]]]]}},{"type":"Feature","properties":{"code":"9311","name":"Ιεράπετρας","pe":"Π.Ε. Λασιθίου"},"geometry":{"type":"MultiPolygon","coordinates":[[[[25.708,34.8654],[25.6809,34.8717],[25.6834,34.8784],[25.6939,34.8809],[25.7053,34.875],[25.7312,34.8808],[25.7332,34.8737],[25.708,34.8654]]],[[[25.7456,34.8775],[25.7454,34.8749],[25.7412,34.8754],[25.7456,34.8775]]],[[[25.8397,35.0104],[25.8393,35.0103],[25.8394,35.0106],[25.8397,35.0104]]],[[[26.0347,35.0193],[26.026,35.0135],[26.0163,35.0208],[26.0013,35.02],[26.0013,35.0252],[25.9924,35.0337],[25.9777,35.0392],[25.9605,35.0315],[25.9323,35.0346],[25.8987,35.0286],[25.8717,35.0181],[25.8632,35.0197],[25.8541,35.0146],[25.8437,35.0148],[25.8148,34.9998],[25.7723,34.9999],[25.7461,35.0098],[25.7366,35.002],[25.7085,35.0123],[25.6885,35.0142],[25.6733,35.0113],[25.6626,35.0042],[25.5956,35.0069],[25.5506,34.9908],[25.547,35.0193],[25.5348,35.0264],[25.53,35.0241],[25.5269,35.0367],[25.4987,35.0404],[25.4948,35.0473],[25.5194,35.0652],[25.5025,35.0794],[25.4771,35.0857],[25.4716,35.0916],[25.4955,35.1034],[25.4945,35.1117],[25.5004,35.1187],[25.5593,35.1188],[25.5665,35.1155],[25.583,35.119],[25.5869,35.11],[25.6054,35.1045],[25.6543,35.106],[25.6486,35.0993],[25.6517,35.0869],[25.6702,35.0887],[25.6744,35.0811],[25.6927,35.069],[25.691,35.0843],[25.6981,35.099],[25.7078,35.0948],[25.7204,35.1075],[25.7498,35.0821],[25.7618,35.1008],[25.7568,35.1079],[25.7752,35.1063],[25.773,35.1209],[25.7803,35.1185],[25.7814,35.1215],[25.7884,35.114],[25.813,35.1096],[25.8261,35.1204],[25.8367,35.1337],[25.8352,35.1371],[25.8433,35.1401],[25.8479,35.1559],[25.8579,35.1595],[25.8637,35.152],[25.8692,35.1581],[25.8777,35.1589],[25.8865,35.15],[25.8777,35.1351],[25.8809,35.1284],[25.9124,35.1189],[25.9672,35.1181],[25.9767,35.1256],[25.9851,35.108],[25.9828,35.1023],[25.9912,35.0994],[26.002,35.1017],[26.0156,35.084],[26.0212,35.0867],[26.0259,35.0984],[26.0518,35.0872],[26.0611,35.0782],[26.0541,35.0723],[26.0699,35.0682],[26.0756,35.058],[26.0839,35.0555],[26.0758,35.0418],[26.0827,35.0313],[26.0794,35.0263],[26.0819,35.0183],[26.0347,35.0193]]],[[[25.8037,35.113],[25.8035,35.1124],[25.8033,35.1128],[25.8037,35.113]]],[[[25.8019,35.1153],[25.8021,35.1149],[25.8019,35.115],[25.8019,35.1153]]],[[[25.7732,35.1214],[25.7726,35.1213],[25.7729,35.1216],[25.7732,35.1214]]],[[[25.7748,35.1228],[25.7752,35.1224],[25.775,35.1223],[25.7748,35.1228]]],[[[25.8113,35.1268],[25.8127,35.1259],[25.812,35.1251],[25.8113,35.1268]]],[[[25.7636,35.1289],[25.7622,35.129],[25.7636,35.1302],[25.7636,35.1289]]],[[[25.8315,35.1309],[25.8305,35.131],[25.8308,35.1318],[25.8315,35.1309]]],[[[25.8474,35.0129],[25.8478,35.0128],[25.8477,35.0126],[25.8474,35.0129]]],[[[25.8736,35.0141],[25.8731,35.0144],[25.8737,35.0144],[25.8736,35.0141]]],[[[25.8603,35.0172],[25.8603,35.0175],[25.8606,35.0173],[25.8603,35.0172]]],[[[25.8713,35.0174],[25.8715,35.0178],[25.8715,35.0175],[25.8713,35.0174]]],[[[25.8721,35.0178],[25.8717,35.0179],[25.872,35.018],[25.8721,35.0178]]],[[[25.9038,35.0278],[25.9036,35.028],[25.9039,35.0281],[25.9038,35.0278]]],[[[25.9096,35.0289],[25.91,35.0291],[25.9098,35.0286],[25.9096,35.0289]]],[[[25.8471,35.1571],[25.8477,35.1572],[25.8477,35.1568],[25.8471,35.1571]]],[[[25.9061,35.186],[25.9048,35.1874],[25.9075,35.1882],[25.9061,35.186]]],[[[25.8626,35.1826],[25.852,35.1831],[25.8565,35.1912],[25.8711,35.1975],[25.8626,35.1826]]]]}},{"type":"Feature","properties":{"code":"9312","name":"Οροπεδίου Λασιθίου","pe":"Π.Ε. Λασιθίου"},"geometry":{"type":"Polygon","coordinates":[[[25.4469,35.1108],[25.4346,35.1098],[25.4206,35.1154],[25.4202,35.1249],[25.4239,35.1273],[25.4148,35.1351],[25.4098,35.1339],[25.414,35.1569],[25.408,35.1556],[25.399,35.1678],[25.4187,35.1868],[25.4134,35.1935],[25.4133,35.2052],[25.4242,35.2104],[25.4408,35.2019],[25.4535,35.2024],[25.4684,35.2109],[25.4738,35.2212],[25.4822,35.2267],[25.5123,35.229],[25.5074,35.209],[25.5204,35.1965],[25.5419,35.2005],[25.5432,35.1939],[25.5509,35.1916],[25.5687,35.198],[25.5779,35.183],[25.5285,35.1638],[25.5215,35.1461],[25.5223,35.1185],[25.4987,35.1181],[25.4945,35.1117],[25.4955,35.1034],[25.4723,35.0927],[25.4718,35.0881],[25.4469,35.1108]]]}},{"type":"Feature","properties":{"code":"9310","name":"Αγίου Νικολάου","pe":"Π.Ε. Λασιθίου"},"geometry":{"type":"MultiPolygon","coordinates":[[[[25.7266,35.1968],[25.7314,35.2019],[25.7346,35.1988],[25.7308,35.1949],[25.7266,35.1968]]],[[[25.7315,35.2024],[25.7309,35.2039],[25.7323,35.2047],[25.7315,35.2024]]],[[[25.4939,35.2482],[25.4971,35.264],[25.5061,35.2724],[25.5013,35.2815],[25.5029,35.2869],[25.492,35.2883],[25.4907,35.2983],[25.5132,35.3086],[25.5289,35.3102],[25.5437,35.3211],[25.556,35.3236],[25.5714,35.3202],[25.5899,35.3332],[25.6461,35.3416],[25.6599,35.3484],[25.6985,35.336],[25.7291,35.3407],[25.7325,35.3366],[25.7452,35.3395],[25.7506,35.336],[25.7717,35.3418],[25.7645,35.3221],[25.7269,35.3033],[25.7303,35.2903],[25.7243,35.2822],[25.7217,35.2629],[25.7349,35.2572],[25.7304,35.2526],[25.7309,35.2454],[25.7395,35.2327],[25.7315,35.2253],[25.7138,35.2197],[25.7127,35.2108],[25.72,35.2017],[25.715,35.2055],[25.713,35.198],[25.7196,35.1923],[25.7169,35.1906],[25.7228,35.1898],[25.7159,35.1878],[25.7097,35.1757],[25.7146,35.1694],[25.7115,35.1656],[25.7234,35.1553],[25.7251,35.1501],[25.7211,35.148],[25.7299,35.1491],[25.7267,35.1308],[25.7357,35.1275],[25.7405,35.133],[25.7424,35.1266],[25.7515,35.1306],[25.7537,35.1259],[25.7602,35.1302],[25.773,35.1209],[25.7752,35.1063],[25.7568,35.1079],[25.7618,35.1008],[25.7488,35.082],[25.7204,35.1075],[25.7078,35.0948],[25.6981,35.099],[25.691,35.0843],[25.6927,35.069],[25.6744,35.0811],[25.6702,35.0887],[25.6517,35.0869],[25.6486,35.0993],[25.6543,35.106],[25.6054,35.1045],[25.5869,35.11],[25.583,35.119],[25.5665,35.1155],[25.5593,35.1188],[25.5223,35.1185],[25.5215,35.1461],[25.5285,35.1638],[25.5779,35.183],[25.5657,35.1997],[25.5528,35.1916],[25.5441,35.1931],[25.5419,35.2005],[25.5204,35.1965],[25.5074,35.209],[25.5123,35.229],[25.4939,35.2482]]],[[[25.7585,35.2611],[25.7604,35.2687],[25.7623,35.2666],[25.7585,35.2611]]],[[[25.7588,35.2864],[25.7484,35.2781],[25.7488,35.2742],[25.7571,35.2771],[25.759,35.2716],[25.7539,35.2706],[25.7513,35.2624],[25.7594,35.2575],[25.7573,35.2503],[25.7444,35.2581],[25.7351,35.2573],[25.7415,35.2687],[25.7363,35.2728],[25.7426,35.2796],[25.7354,35.2816],[25.7385,35.2944],[25.7588,35.2864]]],[[[25.7389,35.2995],[25.7383,35.2958],[25.7362,35.2968],[25.7389,35.2995]]],[[[25.5768,35.6017],[25.575,35.603],[25.5759,35.6037],[25.5768,35.6017]]]]}},{"type":"Feature","properties":{"code":"9313","name":"Σητείας","pe":"Π.Ε. Λασιθίου"},"geometry":{"type":"MultiPolygon","coordinates":[[[[26.129,34.9201],[26.1332,34.9217],[26.1311,34.9167],[26.129,34.9201]]],[[[26.1564,34.9404],[26.1552,34.9371],[26.1334,34.9232],[26.1354,34.9304],[26.1232,34.9322],[26.1268,34.9421],[26.124,34.9445],[26.1314,34.9492],[26.1564,34.9404]]],[[[26.1269,34.9476],[26.1264,34.9467],[26.1257,34.9474],[26.1269,34.9476]]],[[[26.1286,34.9541],[26.1304,34.9534],[26.1253,34.952],[26.1286,34.9541]]],[[[26.1297,34.9558],[26.1313,34.961],[26.1347,34.9581],[26.1297,34.9558]]],[[[26.116,34.9939],[26.1155,34.9942],[26.116,34.9951],[26.116,34.9939]]],[[[26.1157,34.9956],[26.1151,34.9955],[26.115,34.9961],[26.1157,34.9956]]],[[[25.8851,35.17],[25.8952,35.1724],[25.8909,35.1797],[25.8962,35.1877],[25.899,35.183],[25.9048,35.1854],[25.917,35.1793],[25.9457,35.1809],[25.9532,35.1839],[25.9612,35.1998],[25.9692,35.2006],[25.9745,35.195],[25.9966,35.1987],[26.0065,35.2055],[26.0049,35.2139],[26.0102,35.2157],[26.0238,35.2287],[26.036,35.2312],[26.0394,35.2261],[26.0497,35.225],[26.0599,35.2372],[26.0658,35.2368],[26.0592,35.2305],[26.069,35.2202],[26.076,35.2228],[26.0845,35.2175],[26.1093,35.2289],[26.1172,35.225],[26.1069,35.2087],[26.1147,35.2024],[26.1371,35.1961],[26.1599,35.1982],[26.1794,35.212],[26.1864,35.2121],[26.1812,35.2245],[26.2006,35.2287],[26.2083,35.2365],[26.204,35.2418],[26.2151,35.2388],[26.2266,35.255],[26.2202,35.256],[26.2218,35.268],[26.2373,35.2699],[26.2306,35.2743],[26.2333,35.2787],[26.2448,35.2827],[26.2471,35.274],[26.2546,35.2719],[26.259,35.2801],[26.2872,35.2853],[26.2875,35.2907],[26.2742,35.2955],[26.3009,35.3017],[26.2974,35.3053],[26.2827,35.3054],[26.2826,35.3107],[26.314,35.3153],[26.3113,35.3142],[26.3145,35.3067],[26.3026,35.3027],[26.3068,35.2935],[26.2929,35.292],[26.2968,35.2867],[26.2912,35.2893],[26.293,35.2827],[26.2877,35.2758],[26.274,35.274],[26.2634,35.2649],[26.2653,35.2538],[26.2703,35.2513],[26.2717,35.2349],[26.2769,35.2303],[26.2736,35.2257],[26.2779,35.223],[26.2739,35.2211],[26.275,35.2166],[26.2684,35.2145],[26.2702,35.2068],[26.2799,35.2024],[26.2802,35.1945],[26.3013,35.1872],[26.3161,35.1986],[26.3182,35.1814],[26.304,35.1714],[26.2895,35.1733],[26.2805,35.1671],[26.282,35.1551],[26.2761,35.151],[26.2856,35.1361],[26.2804,35.123],[26.2821,35.1154],[26.2643,35.0977],[26.272,35.0877],[26.2465,35.0646],[26.2445,35.0544],[26.2308,35.0329],[26.2176,35.0353],[26.2095,35.0286],[26.2121,35.0258],[26.2089,35.0217],[26.1955,35.0225],[26.1939,35.0149],[26.1772,35.0163],[26.1657,35.0121],[26.1586,35.0153],[26.1557,35.0106],[26.1413,35.0075],[26.1441,35.0031],[26.1384,35.0008],[26.096,34.9961],[26.0931,34.9999],[26.0969,35.0067],[26.0868,35.0182],[26.0819,35.0183],[26.0794,35.0263],[26.0827,35.0313],[26.0759,35.0411],[26.0839,35.0555],[26.0756,35.058],[26.0699,35.0682],[26.0541,35.0723],[26.0611,35.0782],[26.0518,35.0872],[26.0259,35.0984],[26.0212,35.0867],[26.0156,35.084],[26.002,35.1017],[25.9912,35.0994],[25.9828,35.1023],[25.9851,35.108],[25.9767,35.1256],[25.9672,35.1181],[25.9124,35.1189],[25.8809,35.1284],[25.8777,35.1351],[25.8865,35.15],[25.8777,35.1589],[25.8851,35.17]]],[[[25.9816,35.1966],[25.9814,35.197],[25.9819,35.1968],[25.9816,35.1966]]],[[[25.9939,35.1993],[25.9937,35.199],[25.9935,35.1992],[25.9939,35.1993]]],[[[25.992,35.2001],[25.9917,35.2],[25.9915,35.2003],[25.992,35.2001]]],[[[26.0153,35.2216],[26.016,35.2218],[26.0158,35.2216],[26.0153,35.2216]]],[[[26.0277,35.2307],[26.0277,35.2304],[26.0274,35.2306],[26.0277,35.2307]]],[[[26.2003,35.015],[26.1997,35.0138],[26.1983,35.0147],[26.2003,35.015]]],[[[26.2283,35.0264],[26.2282,35.0283],[26.2286,35.0282],[26.2283,35.0264]]],[[[26.2274,35.0292],[26.2268,35.0293],[26.2267,35.0299],[26.2274,35.0292]]],[[[26.2352,35.0303],[26.2352,35.0312],[26.2358,35.031],[26.2352,35.0303]]],[[[26.2911,35.1997],[26.2913,35.2014],[26.2922,35.2016],[26.2911,35.1997]]],[[[26.2973,35.2079],[26.3041,35.2096],[26.3041,35.2084],[26.2956,35.2018],[26.2973,35.2079]]],[[[26.1738,35.2093],[26.1743,35.2096],[26.1743,35.2093],[26.1738,35.2093]]],[[[26.3528,35.2702],[26.3353,35.2694],[26.3307,35.2803],[26.3334,35.2827],[26.3528,35.2702]]],[[[26.1741,35.3226],[26.1544,35.3254],[26.1548,35.3286],[26.1873,35.3332],[26.1892,35.3305],[26.1741,35.3226]]],[[[26.1925,35.3495],[26.1838,35.3437],[26.1871,35.3405],[26.1683,35.3351],[26.1584,35.3344],[26.1698,35.3399],[26.1688,35.3505],[26.1783,35.3559],[26.1862,35.3555],[26.1925,35.3495]]],[[[26.1787,35.3572],[26.1774,35.3575],[26.1788,35.3595],[26.1787,35.3572]]],[[[26.1694,35.3743],[26.1745,35.3791],[26.1735,35.3841],[26.1767,35.3758],[26.1694,35.3743]]]]}},{"type":"Feature","properties":{"code":"9121","name":"Λευκάδας","pe":"Π.Ε. Λευκάδας"},"geometry":{"type":"MultiPolygon","coordinates":[[[[20.5479,38.5626],[20.5478,38.5619],[20.5475,38.5624],[20.5479,38.5626]]],[[[20.5487,38.5948],[20.5486,38.5951],[20.5491,38.5959],[20.5487,38.5948]]],[[[20.551,38.6079],[20.5518,38.6081],[20.5515,38.6076],[20.551,38.6079]]],[[[20.5397,38.6961],[20.5405,38.6953],[20.5398,38.6942],[20.5397,38.6961]]],[[[20.7076,38.8317],[20.7136,38.8297],[20.7191,38.8205],[20.7169,38.8141],[20.7267,38.8065],[20.7197,38.7975],[20.7232,38.7689],[20.7184,38.7619],[20.7218,38.7509],[20.7322,38.7401],[20.7323,38.7331],[20.729,38.7232],[20.7171,38.7162],[20.7067,38.6957],[20.6983,38.6904],[20.6971,38.6801],[20.7082,38.6774],[20.7118,38.6867],[20.7086,38.6973],[20.7152,38.7015],[20.714,38.7049],[20.7246,38.6948],[20.7204,38.69],[20.723,38.6742],[20.7192,38.6703],[20.7114,38.6717],[20.7237,38.647],[20.7217,38.6262],[20.7148,38.6219],[20.7105,38.6267],[20.7071,38.6246],[20.7006,38.6379],[20.695,38.6393],[20.6936,38.6239],[20.7006,38.6189],[20.6923,38.6159],[20.6908,38.622],[20.6813,38.6246],[20.6885,38.6198],[20.6839,38.6042],[20.6773,38.6072],[20.674,38.6023],[20.664,38.6031],[20.6567,38.6106],[20.6527,38.6087],[20.6416,38.5968],[20.6485,38.5817],[20.6407,38.5789],[20.6319,38.587],[20.6332,38.6021],[20.6158,38.5989],[20.6061,38.6164],[20.6084,38.6265],[20.5958,38.6321],[20.5739,38.5942],[20.5695,38.5934],[20.5709,38.5881],[20.5572,38.5803],[20.56,38.5767],[20.542,38.5614],[20.5515,38.5777],[20.5427,38.5871],[20.5505,38.5942],[20.5475,38.6039],[20.5542,38.6081],[20.5582,38.6279],[20.5563,38.6805],[20.5763,38.7113],[20.5995,38.7811],[20.6079,38.7905],[20.6224,38.7932],[20.6318,38.815],[20.646,38.8321],[20.6563,38.8354],[20.6739,38.8324],[20.6856,38.8519],[20.7208,38.8477],[20.7154,38.8441],[20.7067,38.8477],[20.6971,38.8447],[20.691,38.8499],[20.6898,38.8415],[20.6821,38.84],[20.6831,38.8345],[20.7097,38.8362],[20.7176,38.844],[20.7076,38.8317]]],[[[20.6893,38.8364],[20.6895,38.8358],[20.689,38.8358],[20.6893,38.8364]]],[[[20.7242,38.7159],[20.7245,38.7152],[20.7237,38.7146],[20.7242,38.7159]]],[[[20.7267,38.7942],[20.7277,38.7945],[20.7276,38.7939],[20.7267,38.7942]]],[[[20.7274,38.8037],[20.7279,38.806],[20.7292,38.8035],[20.7274,38.8037]]],[[[20.7132,38.8336],[20.7144,38.8379],[20.7202,38.8217],[20.7132,38.8336]]],[[[20.6947,38.8403],[20.6947,38.8392],[20.6943,38.8391],[20.6947,38.8403]]],[[[20.7157,38.8438],[20.7166,38.8441],[20.7164,38.8429],[20.7157,38.8438]]]]}},{"type":"Feature","properties":{"code":"9122","name":"Μεγανησίου","pe":"Π.Ε. Λευκάδας"},"geometry":{"type":"MultiPolygon","coordinates":[[[[20.7863,38.5863],[20.8002,38.5877],[20.8076,38.581],[20.7863,38.5863]]],[[[20.771,38.5912],[20.7699,38.5914],[20.77,38.5923],[20.771,38.5912]]],[[[20.7783,38.6704],[20.7817,38.6784],[20.7855,38.6773],[20.7815,38.6737],[20.7855,38.6701],[20.7876,38.6755],[20.7929,38.6737],[20.7878,38.6693],[20.7912,38.6699],[20.7889,38.6648],[20.7951,38.6708],[20.8047,38.6717],[20.7981,38.6675],[20.7976,38.6605],[20.8082,38.6682],[20.8067,38.659],[20.7969,38.6549],[20.8035,38.6526],[20.7801,38.641],[20.7645,38.6461],[20.7537,38.626],[20.7732,38.6107],[20.797,38.6014],[20.8114,38.5887],[20.7654,38.6112],[20.735,38.6375],[20.7405,38.6682],[20.7591,38.6635],[20.7625,38.6587],[20.7633,38.6663],[20.7703,38.6656],[20.7709,38.6691],[20.7837,38.6646],[20.7783,38.6704]]],[[[20.7348,38.656],[20.7329,38.6545],[20.7307,38.6585],[20.7348,38.656]]],[[[20.7382,38.6867],[20.7384,38.6965],[20.7439,38.6932],[20.7466,38.697],[20.7534,38.6964],[20.746,38.6878],[20.7382,38.6867]]],[[[20.736,38.6915],[20.7349,38.6928],[20.7356,38.693],[20.736,38.6915]]],[[[20.7468,38.702],[20.7421,38.6977],[20.7415,38.7005],[20.7468,38.702]]],[[[20.7234,38.7046],[20.7219,38.7078],[20.7248,38.7088],[20.7234,38.7046]]],[[[20.7348,38.7119],[20.7461,38.7197],[20.7423,38.7119],[20.7372,38.7087],[20.7348,38.7119]]],[[[20.8552,38.5615],[20.8559,38.5622],[20.8564,38.5613],[20.8552,38.5615]]],[[[20.8508,38.5614],[20.8504,38.5647],[20.8552,38.5647],[20.8508,38.5614]]],[[[20.9186,38.572],[20.9188,38.5715],[20.9183,38.5716],[20.9186,38.572]]],[[[20.932,38.5959],[20.9233,38.5756],[20.9106,38.5689],[20.9135,38.5664],[20.9089,38.5651],[20.911,38.5617],[20.9047,38.5535],[20.8996,38.5557],[20.9074,38.5407],[20.8983,38.5452],[20.8962,38.5408],[20.8977,38.5673],[20.9027,38.5635],[20.9084,38.5762],[20.9324,38.6038],[20.9388,38.6042],[20.9393,38.5995],[20.932,38.5959]]],[[[20.9255,38.5738],[20.9255,38.5726],[20.9236,38.5725],[20.9255,38.5738]]],[[[20.9404,38.6064],[20.9363,38.6072],[20.9404,38.6101],[20.9404,38.6064]]],[[[20.952,38.6328],[20.9344,38.6262],[20.9279,38.6152],[20.9001,38.6111],[20.8846,38.6012],[20.8865,38.5963],[20.8921,38.5971],[20.8883,38.5896],[20.8785,38.5793],[20.8698,38.579],[20.8728,38.5856],[20.8689,38.5874],[20.8721,38.5907],[20.8679,38.5972],[20.8736,38.6003],[20.8715,38.6062],[20.8798,38.6073],[20.8763,38.6129],[20.9024,38.6462],[20.911,38.6495],[20.9324,38.6472],[20.9521,38.6537],[20.9598,38.6516],[20.9607,38.6463],[20.952,38.6328]]],[[[20.8075,38.6734],[20.8072,38.6731],[20.8069,38.6734],[20.8075,38.6734]]],[[[20.8014,38.6741],[20.8021,38.675],[20.8027,38.6742],[20.8014,38.6741]]]]}},{"type":"Feature","properties":{"code":"9286","name":"Κιμώλου","pe":"Π.Ε. Μήλου"},"geometry":{"type":"MultiPolygon","coordinates":[[[[24.5401,36.7253],[24.5394,36.7255],[24.5398,36.7259],[24.5401,36.7253]]],[[[24.5738,36.7547],[24.5741,36.7551],[24.5743,36.7548],[24.5738,36.7547]]],[[[24.5735,36.7553],[24.5735,36.7549],[24.5728,36.7548],[24.5735,36.7553]]],[[[24.4892,36.7644],[24.4901,36.7643],[24.4896,36.7639],[24.4892,36.7644]]],[[[24.4882,36.7634],[24.4855,36.7638],[24.4863,36.7652],[24.4882,36.7634]]],[[[24.4838,36.7645],[24.4829,36.7645],[24.4831,36.7649],[24.4838,36.7645]]],[[[24.5124,36.7681],[24.5123,36.7685],[24.5128,36.7683],[24.5124,36.7681]]],[[[24.5104,36.7705],[24.5107,36.7701],[24.5098,36.7698],[24.5104,36.7705]]],[[[24.5276,36.789],[24.5278,36.7881],[24.5263,36.7882],[24.5276,36.789]]],[[[24.5693,36.8419],[24.5742,36.8294],[24.5807,36.8328],[24.5835,36.8294],[24.5895,36.8296],[24.5918,36.8375],[24.6059,36.8254],[24.5951,36.8225],[24.5905,36.8123],[24.5931,36.8055],[24.5886,36.8077],[24.5898,36.7913],[24.582,36.79],[24.5758,36.7787],[24.539,36.7723],[24.5276,36.7849],[24.5323,36.7864],[24.5313,36.794],[24.5198,36.7998],[24.5226,36.8012],[24.5206,36.8225],[24.5302,36.8213],[24.538,36.8317],[24.5472,36.8337],[24.5446,36.8356],[24.5498,36.8376],[24.5476,36.8405],[24.5528,36.8396],[24.5587,36.8465],[24.5693,36.8419]]],[[[24.5312,36.8309],[24.5307,36.8308],[24.531,36.8312],[24.5312,36.8309]]],[[[24.5316,36.8311],[24.5314,36.8315],[24.5319,36.8313],[24.5316,36.8311]]],[[[24.6453,36.7418],[24.6451,36.7414],[24.6442,36.7413],[24.6453,36.7418]]],[[[24.6333,36.7467],[24.6333,36.7472],[24.6338,36.7473],[24.6333,36.7467]]],[[[24.5743,36.7558],[24.5748,36.756],[24.5747,36.7556],[24.5743,36.7558]]],[[[24.5756,36.7567],[24.5803,36.7612],[24.5782,36.7566],[24.5756,36.7567]]],[[[24.6385,36.7869],[24.6435,36.7812],[24.6607,36.7794],[24.6659,36.7524],[24.6442,36.7428],[24.6393,36.7485],[24.6156,36.7548],[24.6173,36.7618],[24.6128,36.7632],[24.6118,36.7731],[24.606,36.7745],[24.6051,36.7809],[24.6135,36.7886],[24.6385,36.7869]]],[[[24.6079,36.7676],[24.611,36.7683],[24.6111,36.7679],[24.6079,36.7676]]],[[[24.5794,36.7739],[24.5788,36.7738],[24.5786,36.7743],[24.5794,36.7739]]],[[[24.58,36.7753],[24.5841,36.7767],[24.5834,36.773],[24.58,36.7753]]],[[[24.5952,36.7971],[24.5951,36.7975],[24.5956,36.7982],[24.5952,36.7971]]],[[[24.5929,36.8095],[24.5925,36.8099],[24.5931,36.8101],[24.5929,36.8095]]],[[[24.5974,36.819],[24.5965,36.8209],[24.5996,36.8207],[24.5974,36.819]]],[[[24.5863,36.8302],[24.5857,36.83],[24.5855,36.8304],[24.5863,36.8302]]]]}},{"type":"Feature","properties":{"code":"9288","name":"Σερίφου","pe":"Π.Ε. Μήλου"},"geometry":{"type":"MultiPolygon","coordinates":[[[[24.4815,37.1097],[24.4828,37.1104],[24.483,37.11],[24.4815,37.1097]]],[[[24.4741,37.1238],[24.4732,37.124],[24.4738,37.1242],[24.4741,37.1238]]],[[[24.5624,37.144],[24.5648,37.1411],[24.5597,37.1387],[24.5624,37.144]]],[[[24.5228,37.1653],[24.5231,37.1599],[24.5346,37.1576],[24.5312,37.1489],[24.5391,37.1435],[24.5349,37.1418],[24.5344,37.131],[24.5303,37.1293],[24.5309,37.1376],[24.5257,37.132],[24.5219,37.146],[24.5155,37.1453],[24.5174,37.122],[24.5113,37.1152],[24.5076,37.1171],[24.5053,37.1106],[24.5011,37.1136],[24.4932,37.1082],[24.4901,37.1131],[24.4837,37.1107],[24.4943,37.1187],[24.4926,37.1244],[24.472,37.1258],[24.4593,37.1219],[24.4557,37.1274],[24.4611,37.1283],[24.4633,37.1352],[24.4603,37.1384],[24.4511,37.1364],[24.4527,37.1321],[24.448,37.1315],[24.4477,37.1264],[24.4399,37.1356],[24.435,37.1275],[24.4263,37.1257],[24.4227,37.1296],[24.4207,37.1228],[24.4116,37.1241],[24.419,37.138],[24.4307,37.1402],[24.4246,37.142],[24.4301,37.1459],[24.4231,37.1501],[24.4204,37.1596],[24.4357,37.162],[24.4275,37.1706],[24.4419,37.1775],[24.4392,37.1858],[24.4482,37.1854],[24.4458,37.1928],[24.4513,37.1955],[24.459,37.1903],[24.4589,37.2011],[24.4735,37.1958],[24.4774,37.2039],[24.4718,37.2048],[24.4774,37.2077],[24.4851,37.2066],[24.4895,37.2013],[24.4925,37.2102],[24.4973,37.2084],[24.4986,37.2005],[24.5132,37.2064],[24.5141,37.2003],[24.5222,37.2013],[24.5227,37.1965],[24.5329,37.1931],[24.5308,37.1892],[24.5348,37.185],[24.5282,37.1827],[24.5339,37.1786],[24.5228,37.1653]]],[[[24.5164,37.2049],[24.5167,37.205],[24.5167,37.2045],[24.5164,37.2049]]],[[[24.4708,37.2065],[24.4703,37.2063],[24.4701,37.2069],[24.4708,37.2065]]],[[[24.6153,37.2512],[24.6153,37.2505],[24.6145,37.2505],[24.6153,37.2512]]],[[[24.5966,37.2523],[24.583,37.2483],[24.5858,37.2548],[24.599,37.2606],[24.6157,37.2527],[24.5966,37.2523]]]]}},{"type":"Feature","properties":{"code":"9289","name":"Σίφνου","pe":"Π.Ε. Μήλου"},"geometry":{"type":"MultiPolygon","coordinates":[[[[24.7223,36.8968],[24.7184,36.8976],[24.7212,36.8987],[24.7175,36.9024],[24.7225,36.9063],[24.735,36.9072],[24.7343,36.9028],[24.7223,36.8968]]],[[[24.7038,37.0169],[24.7082,37.0204],[24.7105,37.013],[24.7148,37.0142],[24.7188,37.0006],[24.7374,36.9896],[24.7403,36.9794],[24.7443,36.9766],[24.7485,36.9756],[24.7509,36.9657],[24.7617,36.9588],[24.7656,36.9487],[24.7545,36.9386],[24.7498,36.944],[24.7395,36.9259],[24.7329,36.9318],[24.7269,36.9298],[24.7292,36.9196],[24.7208,36.9178],[24.7147,36.9104],[24.7167,36.9061],[24.7031,36.9011],[24.6979,36.904],[24.7047,36.9075],[24.6957,36.9071],[24.6834,36.9263],[24.6926,36.9276],[24.6918,36.9315],[24.6801,36.9321],[24.678,36.9401],[24.6814,36.9456],[24.6751,36.9514],[24.6809,36.9558],[24.6747,36.9587],[24.6742,36.9647],[24.6663,36.9626],[24.6692,36.973],[24.6562,36.9798],[24.6641,36.9891],[24.6769,36.989],[24.6788,36.9929],[24.6539,36.9985],[24.6633,37.0077],[24.6517,37.0131],[24.6557,37.0237],[24.6356,37.0276],[24.6519,37.0343],[24.6388,37.0352],[24.6364,37.0404],[24.6642,37.0358],[24.6753,37.0248],[24.6885,37.0231],[24.6975,37.0267],[24.6997,37.0197],[24.7038,37.0169]]],[[[24.7459,36.9773],[24.7455,36.9769],[24.7456,36.9777],[24.7459,36.9773]]],[[[24.6372,37.0248],[24.6383,37.0248],[24.6373,37.0244],[24.6372,37.0248]]]]}},{"type":"Feature","properties":{"code":"9287","name":"Μήλου","pe":"Π.Ε. Μήλου"},"geometry":{"type":"MultiPolygon","coordinates":[[[[24.1292,36.5079],[24.1295,36.5078],[24.1293,36.5077],[24.1292,36.5079]]],[[[24.1299,36.5091],[24.1295,36.5095],[24.1308,36.5098],[24.1299,36.5091]]],[[[24.1303,36.5113],[24.1304,36.5149],[24.134,36.5137],[24.1303,36.5113]]],[[[24.1301,36.5154],[24.13,36.5151],[24.1299,36.5155],[24.1301,36.5154]]],[[[24.1304,36.5164],[24.13,36.516],[24.1301,36.5164],[24.1304,36.5164]]],[[[24.1283,36.5182],[24.129,36.5184],[24.1295,36.5181],[24.1283,36.5182]]],[[[24.3198,36.6335],[24.3202,36.6331],[24.3168,36.6301],[24.3198,36.6335]]],[[[24.3332,36.6504],[24.3333,36.6495],[24.3324,36.6496],[24.3332,36.6504]]],[[[24.3893,36.7813],[24.3938,36.781],[24.3933,36.7797],[24.3893,36.7813]]],[[[24.2376,36.8059],[24.2524,36.8034],[24.2569,36.7922],[24.2457,36.7696],[24.2369,36.771],[24.2299,36.7814],[24.2226,36.7807],[24.2211,36.801],[24.2376,36.8059]]],[[[24.4737,36.6577],[24.473,36.6581],[24.4735,36.6583],[24.4737,36.6577]]],[[[24.4377,36.6624],[24.4369,36.6621],[24.4368,36.6624],[24.4377,36.6624]]],[[[24.4049,36.7524],[24.4126,36.7543],[24.4093,36.7639],[24.4127,36.7673],[24.4097,36.77],[24.4103,36.7715],[24.4207,36.7694],[24.428,36.7737],[24.4303,36.7665],[24.4265,36.7583],[24.4404,36.7563],[24.4434,36.7492],[24.4517,36.7522],[24.4574,36.7441],[24.4706,36.7419],[24.4875,36.7487],[24.4912,36.7545],[24.5019,36.7532],[24.508,36.7581],[24.5103,36.7682],[24.5207,36.7645],[24.5229,36.7691],[24.5278,36.7688],[24.5252,36.7656],[24.5297,36.7613],[24.5474,36.756],[24.5351,36.7499],[24.5311,36.7411],[24.5397,36.7365],[24.5364,36.7289],[24.5472,36.7068],[24.5455,36.6926],[24.5273,36.6705],[24.5143,36.6749],[24.5092,36.6694],[24.4965,36.6699],[24.4942,36.664],[24.4799,36.666],[24.4723,36.6579],[24.4621,36.6679],[24.4495,36.6665],[24.4439,36.67],[24.4363,36.6659],[24.4338,36.6586],[24.4282,36.6632],[24.4123,36.6555],[24.3961,36.659],[24.3828,36.6536],[24.339,36.6532],[24.332,36.6512],[24.3301,36.6461],[24.3218,36.6461],[24.3184,36.6664],[24.3325,36.6816],[24.3242,36.6899],[24.3285,36.6927],[24.3253,36.6959],[24.3348,36.6992],[24.3368,36.7043],[24.3355,36.71],[24.325,36.7156],[24.3398,36.7222],[24.3415,36.7275],[24.3353,36.7305],[24.3434,36.7378],[24.3373,36.7396],[24.3534,36.7513],[24.3717,36.7311],[24.3951,36.7364],[24.3933,36.7297],[24.398,36.7251],[24.3905,36.7133],[24.3961,36.7049],[24.4056,36.7033],[24.3988,36.7034],[24.401,36.7013],[24.4215,36.7028],[24.4305,36.6911],[24.4417,36.6932],[24.4448,36.6893],[24.4694,36.7032],[24.4554,36.7247],[24.4414,36.725],[24.4351,36.7202],[24.4279,36.7251],[24.417,36.7372],[24.4049,36.7524]]],[[[24.4198,36.7351],[24.4195,36.7346],[24.4194,36.7346],[24.4198,36.7351]]],[[[24.4521,36.753],[24.4523,36.7526],[24.4516,36.7525],[24.4521,36.753]]],[[[24.4526,36.7548],[24.4532,36.755],[24.4536,36.7541],[24.4526,36.7548]]],[[[24.4449,36.7598],[24.4446,36.7602],[24.4453,36.7602],[24.4449,36.7598]]],[[[24.4131,36.7717],[24.4136,36.7713],[24.4129,36.7712],[24.4131,36.7717]]],[[[24.4032,36.7816],[24.4004,36.7796],[24.397,36.781],[24.4004,36.7852],[24.4032,36.7816]]]]}},{"type":"Feature","properties":{"code":"9104","name":"Αλμυρού","pe":"Π.Ε. Μαγνησίας"},"geometry":{"type":"MultiPolygon","coordinates":[[[[22.9916,39.0532],[22.9911,39.0526],[22.9906,39.0527],[22.9916,39.0532]]],[[[22.8238,39.2049],[22.8485,39.1686],[22.851,39.154],[22.8647,39.1537],[22.8677,39.1619],[22.8735,39.1626],[22.8718,39.1699],[22.8804,39.1697],[22.8698,39.1864],[22.8797,39.1837],[22.8845,39.1902],[22.8905,39.1892],[22.8905,39.1813],[22.8865,39.1795],[22.888,39.1696],[22.8974,39.1671],[22.9015,39.1715],[22.9043,39.1628],[22.9085,39.1581],[22.9109,39.1603],[22.9129,39.1318],[22.9226,39.1134],[22.9309,39.1098],[22.9417,39.1141],[22.9308,39.1259],[22.9351,39.1271],[22.9307,39.13],[22.9347,39.1326],[22.9445,39.1199],[22.9515,39.1227],[22.958,39.1211],[22.9552,39.1178],[22.9642,39.12],[22.9669,39.1087],[22.9828,39.0991],[22.9764,39.0887],[22.9892,39.0711],[22.9989,39.0684],[22.9925,39.0649],[22.9941,39.0616],[22.9879,39.055],[22.9892,39.052],[22.9963,39.0501],[22.9902,39.0412],[22.9974,39.0401],[22.9942,39.0353],[22.9789,39.0379],[22.9738,39.0307],[22.9616,39.0334],[22.9594,39.0241],[22.9657,39.021],[22.9584,39.0114],[22.9606,39.0077],[22.9696,39.0067],[22.9736,39.0141],[23.0032,39.0197],[23.0088,39.0275],[23.017,39.0242],[23.0336,39.0372],[23.0668,39.039],[23.056,39.0156],[23.0481,39.0192],[23.0278,39.016],[23.0181,39.0027],[22.9986,38.9995],[22.9959,38.9918],[22.9687,38.9764],[22.9318,38.9697],[22.9142,38.9763],[22.8971,38.9746],[22.884,38.9804],[22.8673,39.0049],[22.8553,38.9992],[22.8133,39.0022],[22.7604,38.9993],[22.7517,39.005],[22.7459,39.0181],[22.7325,39.0133],[22.7067,39.0188],[22.6867,39.0336],[22.687,39.0484],[22.673,39.0491],[22.6666,39.0547],[22.6466,39.0493],[22.6278,39.0515],[22.6105,39.0471],[22.6028,39.0392],[22.5748,39.0362],[22.5436,39.0381],[22.5127,39.0487],[22.4934,39.047],[22.504,39.0598],[22.5005,39.0864],[22.5035,39.0928],[22.4927,39.0954],[22.4982,39.1002],[22.4984,39.1067],[22.4914,39.116],[22.5057,39.1312],[22.5142,39.1322],[22.5319,39.1458],[22.5501,39.1469],[22.5557,39.1628],[22.5442,39.1833],[22.5532,39.1892],[22.5504,39.1942],[22.5608,39.1981],[22.557,39.2102],[22.5534,39.2105],[22.5551,39.2158],[22.5374,39.2322],[22.5431,39.2403],[22.5376,39.2429],[22.5387,39.2495],[22.5301,39.2529],[22.5327,39.2585],[22.5599,39.2694],[22.6007,39.2665],[22.6054,39.2825],[22.6247,39.2866],[22.6492,39.2656],[22.6716,39.2654],[22.6772,39.2608],[22.6712,39.2545],[22.6947,39.2566],[22.6948,39.2495],[22.719,39.2293],[22.7339,39.2334],[22.7494,39.2302],[22.8066,39.2451],[22.8054,39.2383],[22.8149,39.2395],[22.8238,39.2049]]],[[[22.901,39.1781],[22.9015,39.173],[22.8999,39.1734],[22.901,39.1781]]]]}},{"type":"Feature","properties":{"code":"9108","name":"Ρήγα Φερραίου","pe":"Π.Ε. Μαγνησίας"},"geometry":{"type":"MultiPolygon","coordinates":[[[[22.6555,39.3037],[22.6575,39.3099],[22.6529,39.3173],[22.6558,39.3252],[22.6507,39.3308],[22.6691,39.3547],[22.6558,39.3543],[22.6234,39.3636],[22.6147,39.3749],[22.6186,39.3798],[22.6083,39.3898],[22.6067,39.3988],[22.6435,39.4148],[22.6689,39.4205],[22.674,39.4161],[22.6695,39.4056],[22.676,39.3878],[22.6807,39.4025],[22.69,39.4127],[22.7219,39.4214],[22.7172,39.4366],[22.7004,39.4479],[22.7128,39.4578],[22.723,39.4787],[22.7529,39.4889],[22.7602,39.5117],[22.7594,39.527],[22.7992,39.5123],[22.8033,39.5318],[22.8281,39.5425],[22.8481,39.5656],[22.89,39.592],[22.9159,39.6029],[22.9358,39.5737],[22.9745,39.5614],[22.9836,39.55],[23.0035,39.5512],[23.0137,39.5332],[23.0355,39.5277],[23.0123,39.5062],[23.0122,39.4992],[23.0035,39.4874],[23.0273,39.4497],[23.016,39.4502],[22.9898,39.4398],[22.9826,39.4428],[22.9795,39.4567],[22.9584,39.463],[22.9368,39.45],[22.9112,39.45],[22.899,39.46],[22.859,39.4546],[22.8407,39.4384],[22.8281,39.3961],[22.8418,39.3986],[22.8486,39.3921],[22.8253,39.3752],[22.8106,39.3502],[22.8153,39.3337],[22.8251,39.3305],[22.8253,39.3262],[22.808,39.3178],[22.8019,39.2995],[22.7795,39.3007],[22.7677,39.2904],[22.7357,39.2887],[22.7119,39.2759],[22.6859,39.2698],[22.6772,39.2608],[22.6709,39.2658],[22.6492,39.2656],[22.6294,39.2867],[22.6555,39.3037]]],[[[22.9519,39.5689],[22.9518,39.5694],[22.9523,39.569],[22.9519,39.5689]]]]}},{"type":"Feature","properties":{"code":"9106","name":"Ζαγοράς - Μουρεσίου","pe":"Π.Ε. Μαγνησίας"},"geometry":{"type":"MultiPolygon","coordinates":[[[[23.0533,39.5266],[23.055,39.5217],[23.096,39.5002],[23.1194,39.4574],[23.1517,39.4314],[23.1697,39.4083],[23.1807,39.4072],[23.1923,39.3971],[23.1931,39.3857],[23.1957,39.382],[23.201,39.3838],[23.2075,39.3643],[23.1846,39.3522],[23.1609,39.3556],[23.143,39.3647],[23.1426,39.3498],[23.1265,39.3483],[23.1292,39.3818],[23.1053,39.3761],[23.0945,39.3908],[23.08,39.3864],[23.0824,39.3977],[23.0737,39.4026],[23.0388,39.4017],[23.0399,39.4075],[23.0514,39.4144],[23.0513,39.4315],[23.0293,39.4473],[23.0035,39.4874],[23.0122,39.4992],[23.0123,39.5062],[23.0364,39.5275],[23.0533,39.5266]]],[[[22.9818,39.5541],[22.9819,39.5538],[22.9814,39.5537],[22.9818,39.5541]]]]}},{"type":"Feature","properties":{"code":"9107","name":"Νοτίου Πηλίου","pe":"Π.Ε. Μαγνησίας"},"geometry":{"type":"MultiPolygon","coordinates":[[[[23.0677,39.0053],[23.0671,39.0056],[23.0675,39.0058],[23.0677,39.0053]]],[[[23.0595,39.0093],[23.0736,39.0116],[23.0775,39.0091],[23.0595,39.0093]]],[[[23.059,39.0144],[23.0598,39.0147],[23.0601,39.0142],[23.059,39.0144]]],[[[23.1662,39.1457],[23.1656,39.1454],[23.165,39.1461],[23.1662,39.1457]]],[[[23.0811,39.1664],[23.0938,39.168],[23.0888,39.1575],[23.0649,39.1505],[23.0652,39.1574],[23.0717,39.1602],[23.067,39.1624],[23.0683,39.1658],[23.0758,39.1693],[23.0745,39.1637],[23.0811,39.1664]]],[[[23.056,39.1738],[23.0554,39.1744],[23.0558,39.1751],[23.056,39.1738]]],[[[23.0469,39.1765],[23.0475,39.1767],[23.0476,39.1764],[23.0469,39.1765]]],[[[23.0491,39.179],[23.055,39.183],[23.0554,39.1764],[23.0491,39.179]]],[[[23.1966,39.1515],[23.2089,39.1706],[23.2083,39.1595],[23.1966,39.1515]]],[[[23.202,39.1629],[23.2024,39.163],[23.2021,39.1626],[23.202,39.1629]]],[[[23.3228,39.2313],[23.322,39.2313],[23.3221,39.2316],[23.3228,39.2313]]],[[[23.2208,39.3514],[23.233,39.3456],[23.2323,39.3418],[23.2549,39.3359],[23.2759,39.3136],[23.2749,39.2965],[23.2853,39.2896],[23.282,39.2784],[23.2847,39.2723],[23.3178,39.2458],[23.3159,39.2374],[23.3235,39.2292],[23.3321,39.2254],[23.3329,39.2107],[23.343,39.1995],[23.344,39.1925],[23.3515,39.1878],[23.3445,39.1711],[23.3243,39.1506],[23.3025,39.1398],[23.2729,39.1409],[23.2479,39.1264],[23.2272,39.1266],[23.2222,39.1326],[23.2113,39.1276],[23.2057,39.1171],[23.2256,39.1113],[23.2013,39.102],[23.2018,39.0952],[23.1955,39.1043],[23.1756,39.1031],[23.1627,39.0988],[23.163,39.0919],[23.1595,39.091],[23.1505,39.0953],[23.1343,39.0952],[23.1294,39.093],[23.1291,39.0866],[23.1242,39.088],[23.1218,39.0836],[23.1042,39.0884],[23.0737,39.0847],[23.0697,39.0921],[23.0519,39.0947],[23.0548,39.107],[23.0677,39.117],[23.0641,39.1216],[23.0686,39.1284],[23.0678,39.1381],[23.0805,39.1473],[23.0817,39.144],[23.0906,39.1472],[23.0938,39.1422],[23.1042,39.1584],[23.1084,39.1598],[23.1047,39.1543],[23.1066,39.1506],[23.1124,39.1513],[23.1072,39.1438],[23.1123,39.1427],[23.1099,39.1367],[23.1218,39.1359],[23.1088,39.1252],[23.1128,39.1229],[23.1098,39.1184],[23.0982,39.1136],[23.0943,39.0959],[23.1097,39.1],[23.126,39.1121],[23.1311,39.1111],[23.1417,39.1214],[23.1559,39.1192],[23.1487,39.1315],[23.1676,39.1248],[23.1774,39.1276],[23.1734,39.1352],[23.1784,39.1407],[23.1737,39.1483],[23.1824,39.1599],[23.1833,39.1527],[23.1929,39.1601],[23.188,39.1543],[23.2,39.1442],[23.2124,39.1469],[23.2167,39.1511],[23.2114,39.1585],[23.2192,39.1675],[23.2193,39.18],[23.2223,39.1808],[23.2165,39.19],[23.1894,39.2081],[23.1861,39.2231],[23.1772,39.2281],[23.1817,39.2487],[23.1719,39.2614],[23.1665,39.262],[23.1629,39.2733],[23.1501,39.2793],[23.1417,39.2906],[23.1271,39.2957],[23.1202,39.3055],[23.1044,39.3101],[23.0966,39.3072],[23.093,39.3116],[23.0712,39.3154],[23.0708,39.3252],[23.0794,39.3372],[23.0681,39.3518],[23.0801,39.3569],[23.0933,39.3719],[23.1292,39.3818],[23.1265,39.3483],[23.1426,39.3498],[23.143,39.3647],[23.1609,39.3556],[23.1846,39.3522],[23.2105,39.3648],[23.2208,39.3514]]],[[[23.3215,39.2328],[23.3208,39.2332],[23.3216,39.2331],[23.3215,39.2328]]],[[[23.2359,39.3417],[23.2359,39.3422],[23.2364,39.342],[23.2359,39.3417]]],[[[23.221,39.3579],[23.2216,39.3576],[23.2209,39.3568],[23.221,39.3579]]]]}},{"type":"Feature","properties":{"code":"9105","name":"Βόλου","pe":"Π.Ε. Μαγνησίας"},"geometry":{"type":"Polygon","coordinates":[[[23.0574,39.3114],[23.0189,39.3167],[23.0116,39.3299],[23.0128,39.3375],[23.0024,39.3406],[22.9929,39.3507],[22.9698,39.3478],[22.9513,39.3575],[22.9498,39.3555],[22.9428,39.3531],[22.9504,39.3569],[22.94,39.3619],[22.9389,39.3558],[22.9305,39.3596],[22.9282,39.3487],[22.9342,39.3462],[22.9391,39.3493],[22.9435,39.3428],[22.9251,39.3203],[22.9366,39.3143],[22.9358,39.3097],[22.9464,39.2998],[22.9353,39.2949],[22.9088,39.2919],[22.9042,39.2948],[22.9045,39.2911],[22.8965,39.2876],[22.8925,39.2907],[22.8913,39.287],[22.8767,39.2929],[22.866,39.286],[22.8606,39.2891],[22.8516,39.2831],[22.8416,39.285],[22.8307,39.2777],[22.8212,39.2775],[22.8152,39.258],[22.8149,39.2395],[22.8054,39.2383],[22.8057,39.245],[22.7494,39.2302],[22.7339,39.2334],[22.719,39.2293],[22.6948,39.2495],[22.6947,39.2566],[22.6712,39.2545],[22.6859,39.2698],[22.7119,39.2759],[22.7357,39.2887],[22.7677,39.2904],[22.7795,39.3007],[22.8019,39.2995],[22.808,39.3178],[22.8253,39.3262],[22.8251,39.3305],[22.8153,39.3337],[22.8106,39.3502],[22.8253,39.3752],[22.8486,39.3921],[22.8418,39.3986],[22.8281,39.3961],[22.8382,39.435],[22.859,39.4546],[22.8729,39.4572],[22.899,39.46],[22.9112,39.45],[22.9368,39.45],[22.9571,39.4633],[22.9795,39.4567],[22.9826,39.4428],[22.9898,39.4398],[23.016,39.4502],[23.0273,39.4497],[23.0521,39.4294],[23.0514,39.4144],[23.0399,39.4075],[23.0388,39.4017],[23.0737,39.4026],[23.0824,39.3977],[23.08,39.3864],[23.0945,39.3908],[23.1053,39.3761],[23.0933,39.3719],[23.0801,39.3569],[23.0681,39.3518],[23.0794,39.3372],[23.0708,39.3252],[23.0712,39.3154],[23.0574,39.3114]]]}},{"type":"Feature","properties":{"code":"9258","name":"Τριφυλίας","pe":"Π.Ε. Μεσσηνίας"},"geometry":{"type":"MultiPolygon","coordinates":[[[[21.5553,37.0517],[21.5595,37.0437],[21.5495,37.0338],[21.5484,37.042],[21.5528,37.0493],[21.5414,37.0504],[21.5391,37.0568],[21.5581,37.0662],[21.5609,37.0569],[21.5553,37.0517]]],[[[21.6364,37.0081],[21.6185,37.0137],[21.6201,37.0184],[21.613,37.021],[21.5959,37.0463],[21.5738,37.059],[21.5823,37.0924],[21.576,37.0977],[21.5657,37.1633],[21.5774,37.1927],[21.5955,37.2131],[21.6304,37.2316],[21.65,37.2522],[21.6621,37.2592],[21.6656,37.2558],[21.6702,37.2585],[21.686,37.291],[21.6912,37.2923],[21.6983,37.3184],[21.6929,37.3473],[21.6802,37.3774],[21.6879,37.3842],[21.7099,37.3958],[21.7493,37.3934],[21.7871,37.398],[21.8099,37.3912],[21.8194,37.3967],[21.8239,37.3931],[21.8499,37.3913],[21.8512,37.3734],[21.8385,37.3617],[21.8266,37.3614],[21.8222,37.3477],[21.8273,37.3385],[21.8357,37.3366],[21.847,37.326],[21.8303,37.2846],[21.859,37.2782],[21.8525,37.2579],[21.8551,37.2453],[21.8294,37.233],[21.8258,37.2114],[21.831,37.2104],[21.8295,37.1844],[21.8173,37.1758],[21.8125,37.1649],[21.7618,37.1606],[21.7549,37.1558],[21.7536,37.1457],[21.7371,37.1459],[21.7149,37.1366],[21.7143,37.128],[21.7345,37.0914],[21.7343,37.0786],[21.7075,37.0726],[21.7092,37.0592],[21.7006,37.0598],[21.697,37.0671],[21.692,37.0652],[21.6752,37.0484],[21.6703,37.0111],[21.6776,37.007],[21.6776,37.0013],[21.6618,36.9989],[21.653,36.9926],[21.6464,36.9946],[21.6364,37.0081]]]]}},{"type":"Feature","properties":{"code":"9256","name":"Οιχαλίας","pe":"Π.Ε. Μεσσηνίας"},"geometry":{"type":"Polygon","coordinates":[[[21.8763,37.4011],[21.9016,37.4045],[21.8921,37.418],[21.8863,37.4383],[21.8889,37.4403],[21.8834,37.442],[21.8861,37.4549],[21.8939,37.4471],[21.8996,37.4475],[21.9125,37.4702],[21.9265,37.4659],[21.9233,37.4719],[21.9403,37.481],[21.9518,37.4851],[21.9657,37.4833],[21.9478,37.4722],[21.9563,37.4646],[21.9565,37.4565],[21.9744,37.4561],[21.9806,37.4417],[21.9904,37.4413],[21.9876,37.4304],[21.9937,37.4162],[21.9821,37.3951],[21.9763,37.3918],[21.9748,37.3828],[21.9602,37.3808],[21.9562,37.3729],[21.9734,37.357],[21.9743,37.3513],[21.9911,37.342],[22.0022,37.3416],[22.0086,37.3304],[22.0193,37.3265],[22.0261,37.3113],[22.0186,37.2971],[22.0193,37.2841],[22.029,37.27],[22.0437,37.2618],[22.0644,37.2594],[22.0723,37.2518],[22.0727,37.2353],[22.1002,37.1984],[22.0904,37.1923],[22.0602,37.1976],[22.0518,37.2134],[22.0459,37.2097],[22.0403,37.2165],[22.0322,37.2102],[22.0279,37.1937],[22.0161,37.2043],[22.0113,37.1941],[22.0146,37.1669],[22.0027,37.1627],[21.9971,37.1699],[21.9909,37.17],[21.9925,37.1794],[21.9824,37.1856],[21.9529,37.1892],[21.9418,37.1862],[21.923,37.1917],[21.9192,37.2054],[21.9262,37.2132],[21.9085,37.2237],[21.8835,37.2211],[21.8838,37.2238],[21.8486,37.225],[21.831,37.2104],[21.8258,37.2114],[21.8294,37.233],[21.8553,37.2461],[21.8525,37.2579],[21.859,37.2782],[21.8303,37.2846],[21.847,37.326],[21.8357,37.3366],[21.8273,37.3385],[21.8222,37.3477],[21.8266,37.3614],[21.8385,37.3617],[21.8512,37.3734],[21.8494,37.3915],[21.8763,37.4011]]]}},{"type":"Feature","properties":{"code":"9254","name":"Καλαμάτας","pe":"Π.Ε. Μεσσηνίας"},"geometry":{"type":"Polygon","coordinates":[[[22.1065,37.2276],[22.1162,37.2063],[22.127,37.1959],[22.1373,37.193],[22.1377,37.1787],[22.148,37.1727],[22.1632,37.1731],[22.174,37.1661],[22.1799,37.1518],[22.1776,37.1454],[22.1849,37.1373],[22.1999,37.1384],[22.2053,37.1503],[22.2158,37.158],[22.2146,37.1655],[22.2296,37.16],[22.2348,37.1658],[22.252,37.1693],[22.2753,37.139],[22.2797,37.1125],[22.298,37.1107],[22.3009,37.1064],[22.3021,37.0908],[22.2937,37.071],[22.273,37.0591],[22.2699,37.0533],[22.2591,37.0524],[22.2632,37.0452],[22.2564,37.0324],[22.2345,37.0244],[22.1983,37.0282],[22.1965,37.0139],[22.2225,37.0035],[22.224,36.9984],[22.2032,36.9953],[22.1848,36.9837],[22.1646,36.9868],[22.1659,36.9769],[22.1791,36.9692],[22.1625,36.9667],[22.1462,36.9742],[22.1549,37.0002],[22.1523,37.0159],[22.1457,37.0196],[22.1234,37.0246],[22.1158,37.0218],[22.1099,37.0259],[22.1098,37.0228],[22.1189,37.0201],[22.114,37.0199],[22.109,37.0225],[22.1085,37.0239],[22.0736,37.0285],[22.0205,37.0218],[22.0353,37.0378],[22.033,37.054],[22.0208,37.0528],[22.0189,37.0803],[22.0072,37.0817],[22.0,37.0942],[21.99,37.0993],[21.9926,37.1145],[21.9889,37.1319],[21.9921,37.1387],[21.9828,37.1471],[22.0016,37.1525],[22.003,37.1632],[22.0146,37.1669],[22.0113,37.1941],[22.0161,37.2043],[22.0279,37.1937],[22.0322,37.2102],[22.0421,37.2169],[22.0459,37.2097],[22.0518,37.2134],[22.0602,37.1976],[22.0904,37.1923],[22.1002,37.1984],[22.0779,37.2292],[22.1065,37.2276]]]}},{"type":"Feature","properties":{"code":"9253","name":"Δυτικής Μάνης","pe":"Π.Ε. Μεσσηνίας"},"geometry":{"type":"MultiPolygon","coordinates":[[[[22.2551,36.857],[22.255,36.8563],[22.2539,36.8564],[22.2551,36.857]]],[[[22.2331,36.8793],[22.232,36.8814],[22.2326,36.8821],[22.2331,36.8793]]],[[[22.2756,37.0435],[22.318,37.042],[22.3267,37.0139],[22.3369,37.0105],[22.3507,36.9912],[22.3545,36.971],[22.3452,36.9363],[22.3614,36.9209],[22.3646,36.9006],[22.3562,36.8891],[22.3755,36.8577],[22.3864,36.854],[22.3863,36.8437],[22.402,36.823],[22.3943,36.816],[22.3974,36.7903],[22.3833,36.7861],[22.3753,36.7726],[22.3767,36.7623],[22.3624,36.7454],[22.3314,36.7378],[22.3237,36.7433],[22.3244,36.7492],[22.3133,36.7711],[22.3008,36.7704],[22.3096,36.7771],[22.2964,36.8036],[22.2963,36.8141],[22.2789,36.8229],[22.28,36.83],[22.2664,36.8404],[22.2585,36.8392],[22.2568,36.8589],[22.2456,36.8597],[22.2506,36.8623],[22.2483,36.8677],[22.2359,36.8735],[22.2392,36.8807],[22.2267,36.8934],[22.2119,36.895],[22.2019,36.9059],[22.1929,36.9028],[22.1904,36.8974],[22.1871,36.899],[22.1881,36.8949],[22.1815,36.8982],[22.1821,36.8903],[22.1711,36.8899],[22.1261,36.9151],[22.1313,36.9196],[22.1322,36.9283],[22.1413,36.9287],[22.1459,36.9372],[22.1407,36.9644],[22.1444,36.9731],[22.1625,36.9667],[22.1791,36.9692],[22.1659,36.9769],[22.1646,36.9868],[22.1848,36.9837],[22.2032,36.9953],[22.224,36.9984],[22.2225,37.0035],[22.1965,37.0139],[22.1983,37.0282],[22.2418,37.0256],[22.2564,37.0324],[22.2632,37.0452],[22.2591,37.0524],[22.269,37.0538],[22.2756,37.0435]]],[[[22.1552,36.897],[22.1544,36.8966],[22.1544,36.8971],[22.1552,36.897]]]]}},{"type":"Feature","properties":{"code":"9255","name":"Μεσσήνης","pe":"Π.Ε. Μεσσηνίας"},"geometry":{"type":"Polygon","coordinates":[[[21.9614,37.0003],[21.9301,36.9812],[21.9268,36.9639],[21.9305,36.9582],[21.9366,36.9597],[21.932,36.9459],[21.9349,36.9319],[21.9311,36.9136],[21.9247,36.9039],[21.9253,36.8764],[21.9216,36.8653],[21.9307,36.8409],[21.9078,36.841],[21.8952,36.8368],[21.88,36.8538],[21.8722,36.8441],[21.8534,36.8366],[21.848,36.8415],[21.8571,36.8562],[21.8509,36.8569],[21.8309,36.8409],[21.8185,36.8374],[21.8155,36.8471],[21.804,36.8509],[21.8046,36.8538],[21.8147,36.8552],[21.8214,36.8751],[21.8395,36.8913],[21.8405,36.9062],[21.8321,36.9213],[21.8442,36.9343],[21.8479,36.9234],[21.8606,36.9293],[21.8643,36.9575],[21.8529,36.9567],[21.8489,36.971],[21.8385,36.973],[21.8382,36.9805],[21.8308,36.9881],[21.8129,36.9794],[21.8073,36.9966],[21.7928,37.0095],[21.8144,37.0224],[21.8278,37.0366],[21.8034,37.0426],[21.7921,37.0594],[21.8028,37.0677],[21.8091,37.0666],[21.8032,37.0817],[21.8249,37.0818],[21.8255,37.0864],[21.785,37.1101],[21.7551,37.1422],[21.7543,37.1545],[21.7605,37.1602],[21.7796,37.1646],[21.8125,37.1649],[21.8173,37.1758],[21.8295,37.1844],[21.8304,37.2096],[21.8486,37.225],[21.8838,37.2238],[21.8835,37.2211],[21.9051,37.2244],[21.9226,37.2177],[21.9262,37.2132],[21.9187,37.2011],[21.923,37.1917],[21.9418,37.1862],[21.9529,37.1892],[21.9824,37.1856],[21.9925,37.1794],[21.9909,37.17],[21.9971,37.1699],[22.0027,37.1627],[22.0016,37.1525],[21.9828,37.1471],[21.9921,37.1387],[21.9889,37.1319],[21.9926,37.1145],[21.99,37.0993],[22.0,37.0942],[22.0072,37.0817],[22.0189,37.0803],[22.0208,37.0528],[22.0333,37.0531],[22.0353,37.0378],[22.0205,37.0218],[21.9614,37.0003]]]}},{"type":"Feature","properties":{"code":"9257","name":"Πύλου - Νέστορος","pe":"Π.Ε. Μεσσηνίας"},"geometry":{"type":"MultiPolygon","coordinates":[[[[21.6953,36.7358],[21.6965,36.735],[21.6942,36.7335],[21.6953,36.7358]]],[[[21.7023,36.7357],[21.702,36.7353],[21.7006,36.7357],[21.7023,36.7357]]],[[[21.7079,36.7564],[21.7064,36.756],[21.7077,36.7581],[21.7079,36.7564]]],[[[21.7264,36.7841],[21.7156,36.779],[21.7201,36.7651],[21.7001,36.7588],[21.7053,36.7466],[21.702,36.7377],[21.6953,36.7366],[21.6912,36.7407],[21.6937,36.7485],[21.6897,36.75],[21.6971,36.7579],[21.6921,36.7729],[21.694,36.7836],[21.6986,36.7841],[21.7038,36.7956],[21.7095,36.7896],[21.7264,36.7841]]],[[[21.6969,36.8281],[21.6973,36.8259],[21.6964,36.8264],[21.6969,36.8281]]],[[[21.6944,36.8313],[21.6929,36.8318],[21.6963,36.8337],[21.6944,36.8313]]],[[[21.6716,36.9054],[21.6726,36.9077],[21.6733,36.9062],[21.6716,36.9054]]],[[[21.6752,36.9158],[21.671,36.9092],[21.6641,36.916],[21.6652,36.9239],[21.6542,36.949],[21.6626,36.9487],[21.6752,36.9158]]],[[[21.6876,36.9428],[21.6879,36.9423],[21.6873,36.9415],[21.6876,36.9428]]],[[[21.8943,36.6731],[21.895,36.6735],[21.8942,36.6707],[21.8943,36.6731]]],[[[21.8955,36.676],[21.8951,36.6746],[21.8949,36.6756],[21.8955,36.676]]],[[[21.8829,36.6885],[21.8859,36.7048],[21.8928,36.6988],[21.8894,36.6898],[21.8829,36.6885]]],[[[21.7884,36.7402],[21.7818,36.7357],[21.7824,36.7317],[21.7774,36.7323],[21.7778,36.7137],[21.7731,36.7099],[21.7787,36.7042],[21.778,36.6987],[21.7628,36.7053],[21.7675,36.717],[21.7509,36.7128],[21.7485,36.725],[21.7535,36.7272],[21.7599,36.7582],[21.7724,36.7462],[21.7884,36.7402]]],[[[21.7413,36.759],[21.7438,36.7548],[21.7404,36.7475],[21.7379,36.7561],[21.7413,36.759]]],[[[21.7584,36.7865],[21.7592,36.7866],[21.7592,36.7861],[21.7584,36.7865]]],[[[21.7773,36.795],[21.7764,36.7949],[21.7764,36.7953],[21.7773,36.795]]],[[[21.9324,36.8218],[21.9386,36.808],[21.9675,36.7941],[21.9559,36.7922],[21.9377,36.7817],[21.9314,36.7724],[21.9331,36.7582],[21.9187,36.7539],[21.9177,36.746],[21.9064,36.7454],[21.8859,36.7239],[21.8788,36.7231],[21.8777,36.7175],[21.8643,36.7482],[21.8464,36.7567],[21.8391,36.7717],[21.8296,36.7771],[21.823,36.7911],[21.8237,36.8032],[21.8087,36.8072],[21.7827,36.801],[21.7768,36.7959],[21.7691,36.7995],[21.7606,36.7863],[21.7522,36.7991],[21.7279,36.7998],[21.7153,36.8168],[21.7079,36.817],[21.7044,36.8119],[21.6967,36.8376],[21.6895,36.8403],[21.6909,36.8546],[21.6849,36.8609],[21.6795,36.8882],[21.6898,36.9027],[21.6888,36.9124],[21.7081,36.9243],[21.7103,36.9423],[21.6845,36.9561],[21.6573,36.9503],[21.6538,36.9597],[21.6627,36.964],[21.6568,36.9657],[21.6588,36.9728],[21.6476,36.9916],[21.6776,37.0013],[21.6776,37.007],[21.6703,37.0111],[21.6752,37.0484],[21.694,37.0665],[21.7013,37.0594],[21.7092,37.0592],[21.7075,37.0726],[21.7343,37.0786],[21.7345,37.0914],[21.7143,37.128],[21.7149,37.1366],[21.7371,37.1459],[21.7536,37.1457],[21.785,37.1101],[21.8255,37.0864],[21.8249,37.0818],[21.8032,37.0817],[21.8091,37.0666],[21.8028,37.0677],[21.7921,37.0594],[21.8034,37.0426],[21.8278,37.0366],[21.8144,37.0224],[21.7928,37.0095],[21.8073,36.9966],[21.8129,36.9794],[21.8308,36.9881],[21.8382,36.9805],[21.8385,36.973],[21.8489,36.971],[21.8529,36.9567],[21.8643,36.9575],[21.8638,36.9421],[21.8606,36.9293],[21.8479,36.9234],[21.8442,36.9343],[21.8321,36.9213],[21.8405,36.9062],[21.8395,36.8913],[21.8214,36.8751],[21.8147,36.8552],[21.8083,36.8556],[21.804,36.8509],[21.8155,36.8471],[21.8148,36.8405],[21.8201,36.8371],[21.8509,36.8569],[21.8571,36.8562],[21.848,36.8415],[21.8522,36.8368],[21.8722,36.8441],[21.8807,36.8539],[21.8952,36.8368],[21.9255,36.8423],[21.9316,36.8409],[21.9324,36.8218]]]]}},{"type":"Feature","properties":{"code":"9290","name":"Μυκόνου","pe":"Π.Ε. Μυκόνου"},"geometry":{"type":"MultiPolygon","coordinates":[[[[25.2653,37.3678],[25.2657,37.3682],[25.2658,37.3678],[25.2653,37.3678]]],[[[25.263,37.3711],[25.2629,37.3728],[25.2659,37.3729],[25.263,37.3711]]],[[[25.2957,37.3899],[25.2961,37.3906],[25.2964,37.3905],[25.2957,37.3899]]],[[[25.3022,37.393],[25.3045,37.393],[25.3035,37.3922],[25.3022,37.393]]],[[[25.2984,37.3915],[25.2971,37.3909],[25.3005,37.3951],[25.2984,37.3915]]],[[[25.2796,37.4124],[25.2749,37.4033],[25.2792,37.3909],[25.2742,37.3859],[25.2772,37.3807],[25.2663,37.3732],[25.2679,37.3888],[25.2636,37.3989],[25.2675,37.4099],[25.2796,37.4124]]],[[[25.2593,37.3946],[25.2619,37.3984],[25.2625,37.3953],[25.2593,37.3946]]],[[[25.2617,37.4016],[25.2623,37.4027],[25.2629,37.4016],[25.2617,37.4016]]],[[[25.2407,37.3918],[25.244,37.397],[25.2449,37.3935],[25.2551,37.4014],[25.2546,37.3786],[25.245,37.3769],[25.2402,37.386],[25.2367,37.3846],[25.2363,37.3765],[25.2185,37.3678],[25.2153,37.3747],[25.2182,37.3735],[25.2347,37.3921],[25.234,37.3966],[25.2294,37.4018],[25.2266,37.3992],[25.2266,37.4041],[25.215,37.3994],[25.2145,37.4052],[25.2105,37.4052],[25.2128,37.4146],[25.2002,37.4202],[25.198,37.4326],[25.2069,37.4331],[25.2086,37.4267],[25.2115,37.4297],[25.2117,37.4261],[25.2172,37.4253],[25.2208,37.4274],[25.22,37.44],[25.2283,37.4367],[25.2275,37.4284],[25.2397,37.4214],[25.2365,37.4154],[25.2409,37.4119],[25.2354,37.4099],[25.2332,37.4032],[25.2407,37.3918]]],[[[25.3308,37.4087],[25.3304,37.4086],[25.3305,37.4091],[25.3308,37.4087]]],[[[25.2434,37.4193],[25.2416,37.4193],[25.2432,37.4239],[25.2434,37.4193]]],[[[25.2069,37.4371],[25.2074,37.4365],[25.2057,37.4363],[25.2069,37.4371]]],[[[25.3069,37.4417],[25.3041,37.4437],[25.305,37.4448],[25.3069,37.4417]]],[[[25.3006,37.4462],[25.3006,37.4454],[25.3001,37.4455],[25.3006,37.4462]]],[[[25.3652,37.4871],[25.3655,37.4866],[25.3647,37.4866],[25.3652,37.4871]]],[[[25.5567,37.4116],[25.5569,37.412],[25.558,37.4116],[25.5567,37.4116]]],[[[25.5665,37.4081],[25.559,37.4098],[25.5738,37.4178],[25.5665,37.4081]]],[[[25.5758,37.4215],[25.5761,37.4215],[25.5758,37.4211],[25.5758,37.4215]]],[[[25.5773,37.4224],[25.5766,37.4216],[25.5761,37.4221],[25.5773,37.4224]]],[[[25.5782,37.4225],[25.5776,37.4226],[25.5774,37.4236],[25.5782,37.4225]]],[[[25.4919,37.4614],[25.4876,37.4489],[25.4903,37.4425],[25.4819,37.442],[25.4779,37.4471],[25.4804,37.4546],[25.4919,37.4614]]],[[[25.4455,37.4711],[25.4508,37.4754],[25.4616,37.4753],[25.4598,37.4462],[25.4235,37.4427],[25.4207,37.4381],[25.4261,37.4339],[25.4196,37.4348],[25.419,37.43],[25.4065,37.4339],[25.4001,37.4142],[25.3866,37.4229],[25.3785,37.4189],[25.378,37.4132],[25.3687,37.4149],[25.3679,37.4079],[25.3554,37.4104],[25.3533,37.4064],[25.3488,37.4079],[25.3496,37.4044],[25.349,37.4041],[25.3472,37.4127],[25.3377,37.4162],[25.3371,37.4103],[25.3312,37.4116],[25.3235,37.4234],[25.3151,37.4089],[25.3176,37.4068],[25.3052,37.404],[25.3132,37.4197],[25.3042,37.4241],[25.3003,37.4325],[25.3076,37.4409],[25.3235,37.4275],[25.3239,37.4381],[25.3276,37.4402],[25.3252,37.445],[25.3305,37.4493],[25.3283,37.4651],[25.3104,37.4722],[25.3142,37.4751],[25.3087,37.483],[25.3131,37.4926],[25.3431,37.5003],[25.3598,37.4975],[25.3638,37.4904],[25.3609,37.4766],[25.3761,37.4618],[25.3791,37.4623],[25.3842,37.4692],[25.3798,37.4922],[25.3862,37.4963],[25.4039,37.496],[25.4074,37.4919],[25.406,37.484],[25.4206,37.481],[25.424,37.4852],[25.4241,37.4806],[25.4304,37.4828],[25.4295,37.4717],[25.4455,37.4711]]],[[[25.4823,37.4559],[25.4823,37.4567],[25.4827,37.4566],[25.4823,37.4559]]],[[[25.4857,37.46],[25.4861,37.4594],[25.4853,37.4594],[25.4857,37.46]]],[[[25.4877,37.4602],[25.4881,37.4605],[25.4881,37.4598],[25.4877,37.4602]]],[[[25.488,37.4631],[25.4885,37.4632],[25.4885,37.4625],[25.488,37.4631]]],[[[25.3783,37.4643],[25.3788,37.4647],[25.3792,37.4642],[25.3783,37.4643]]],[[[25.4125,37.4849],[25.412,37.4844],[25.4119,37.4848],[25.4125,37.4849]]],[[[25.3656,37.4871],[25.366,37.4874],[25.3661,37.4871],[25.3656,37.4871]]],[[[25.3664,37.4919],[25.3678,37.4937],[25.3682,37.4934],[25.3664,37.4919]]]]}},{"type":"Feature","properties":{"code":"9292","name":"Νάξου & Μικρών Κυκλάδων","pe":"Π.Ε. Νάξου"},"geometry":{"type":"MultiPolygon","coordinates":[[[[25.3942,36.8263],[25.3944,36.8284],[25.3959,36.8274],[25.3942,36.8263]]],[[[25.4082,36.8281],[25.4063,36.8283],[25.4072,36.8297],[25.4082,36.8281]]],[[[25.469,36.8619],[25.4759,36.8639],[25.4724,36.8519],[25.481,36.8519],[25.4807,36.8396],[25.4741,36.8331],[25.4798,36.8345],[25.4795,36.8305],[25.4751,36.8261],[25.4621,36.8263],[25.4556,36.8197],[25.4429,36.8194],[25.422,36.8229],[25.4233,36.8286],[25.4147,36.83],[25.4191,36.8361],[25.4329,36.8343],[25.4315,36.8464],[25.45,36.8558],[25.4543,36.8543],[25.4636,36.8685],[25.4747,36.8713],[25.469,36.8619]]],[[[25.4837,36.8541],[25.4819,36.8556],[25.4858,36.857],[25.4837,36.8541]]],[[[25.3568,37.0228],[25.3559,37.0228],[25.3561,37.0231],[25.3568,37.0228]]],[[[25.3577,37.0232],[25.3574,37.0239],[25.358,37.0237],[25.3577,37.0232]]],[[[25.3615,37.028],[25.36,37.0289],[25.361,37.0292],[25.3615,37.028]]],[[[25.3509,37.0465],[25.3514,37.046],[25.3498,37.046],[25.3509,37.0465]]],[[[25.5487,37.1828],[25.5559,37.1785],[25.5614,37.181],[25.5651,37.1702],[25.5717,37.1707],[25.5785,37.1606],[25.5774,37.1556],[25.5888,37.1456],[25.5869,37.1376],[25.5917,37.1384],[25.591,37.1267],[25.5993,37.1153],[25.5899,37.0978],[25.5912,37.0885],[25.5988,37.0842],[25.6059,37.0869],[25.6072,37.0851],[25.5846,37.0746],[25.5886,37.0682],[25.5821,37.0563],[25.5781,37.0225],[25.5689,37.0148],[25.5635,36.9907],[25.5597,36.9895],[25.5622,36.9845],[25.5582,36.9832],[25.5569,36.9696],[25.55,36.9581],[25.5409,36.9535],[25.5363,36.9547],[25.5385,36.959],[25.5083,36.955],[25.5077,36.9509],[25.5001,36.9516],[25.4975,36.9464],[25.4905,36.9473],[25.4921,36.9429],[25.4825,36.9342],[25.4856,36.9314],[25.4772,36.9309],[25.4707,36.9363],[25.4494,36.9161],[25.4452,36.9207],[25.4367,36.9189],[25.4306,36.9222],[25.4355,36.9244],[25.4322,36.9294],[25.4233,36.9327],[25.427,36.9623],[25.4234,36.9679],[25.4063,36.9702],[25.3968,36.9782],[25.3852,36.9759],[25.3844,36.9863],[25.3908,36.9879],[25.3908,36.9948],[25.3793,37.0139],[25.3633,37.0249],[25.3781,37.0372],[25.3732,37.0473],[25.3536,37.0633],[25.3559,37.0666],[25.3518,37.073],[25.3423,37.0775],[25.333,37.0762],[25.3408,37.0823],[25.3389,37.0872],[25.344,37.0935],[25.3616,37.0871],[25.3634,37.0786],[25.3675,37.0782],[25.3674,37.0853],[25.3635,37.0867],[25.3744,37.0962],[25.3705,37.1022],[25.3739,37.1021],[25.3752,37.1054],[25.3712,37.1065],[25.3742,37.1084],[25.3687,37.1074],[25.3723,37.1109],[25.3781,37.1086],[25.3944,37.1167],[25.4135,37.136],[25.4385,37.1374],[25.4625,37.149],[25.4698,37.1573],[25.4684,37.1602],[25.476,37.1642],[25.4812,37.178],[25.4948,37.189],[25.5178,37.1945],[25.5332,37.2031],[25.542,37.1999],[25.5487,37.1828]]],[[[25.3632,37.0903],[25.3619,37.0878],[25.3599,37.0899],[25.3632,37.0903]]],[[[25.3568,37.0912],[25.3572,37.0916],[25.3576,37.0904],[25.3568,37.0912]]],[[[25.4678,37.158],[25.4683,37.1584],[25.4685,37.1577],[25.4678,37.158]]],[[[25.4679,37.161],[25.4682,37.1612],[25.4684,37.1608],[25.4679,37.161]]],[[[25.4763,37.1693],[25.4769,37.1696],[25.4772,37.1692],[25.4763,37.1693]]],[[[25.5234,36.8334],[25.5267,36.8374],[25.5267,36.8347],[25.5234,36.8334]]],[[[25.5232,36.844],[25.5186,36.8437],[25.5178,36.8488],[25.5218,36.8521],[25.5231,36.8449],[25.5279,36.8433],[25.5189,36.8368],[25.5232,36.844]]],[[[25.5464,36.8566],[25.5478,36.8556],[25.5455,36.8544],[25.5464,36.8566]]],[[[25.6015,36.86],[25.6024,36.86],[25.6021,36.8595],[25.6015,36.86]]],[[[25.5278,36.8797],[25.5322,36.877],[25.5332,36.8658],[25.5455,36.8688],[25.5365,36.8623],[25.5376,36.8572],[25.5434,36.8576],[25.5381,36.8523],[25.5264,36.8589],[25.5224,36.8521],[25.5197,36.8543],[25.5229,36.8625],[25.5164,36.8603],[25.5102,36.8724],[25.5072,36.8673],[25.5024,36.8676],[25.5005,36.871],[25.5042,36.8731],[25.4994,36.874],[25.506,36.8842],[25.5126,36.8836],[25.5088,36.888],[25.5232,36.8937],[25.532,36.8819],[25.5278,36.8797]]],[[[25.622,36.874],[25.6227,36.8736],[25.6217,36.8723],[25.622,36.874]]],[[[25.6032,36.8876],[25.6033,36.888],[25.6045,36.8879],[25.6032,36.8876]]],[[[25.5421,36.8889],[25.5426,36.8891],[25.5423,36.8887],[25.5421,36.8889]]],[[[25.542,36.8892],[25.5419,36.8898],[25.5429,36.8897],[25.542,36.8892]]],[[[25.5874,36.9103],[25.5879,36.9113],[25.5879,36.9108],[25.5874,36.9103]]],[[[25.5799,36.9115],[25.5732,36.9028],[25.5771,36.899],[25.5725,36.896],[25.5676,36.9008],[25.5571,36.8979],[25.5523,36.9006],[25.558,36.9065],[25.5659,36.9063],[25.5697,36.9149],[25.5809,36.9147],[25.585,36.9214],[25.5959,36.9259],[25.596,36.9156],[25.5799,36.9115]]],[[[25.603,36.9158],[25.6054,36.9198],[25.6044,36.9117],[25.603,36.9158]]],[[[25.6271,36.9463],[25.6205,36.9454],[25.6246,36.9366],[25.6164,36.936],[25.6092,36.9295],[25.5973,36.9292],[25.5897,36.9356],[25.5885,36.9403],[25.6004,36.952],[25.6114,36.9534],[25.6271,36.9463]]],[[[25.5917,37.0971],[25.5915,37.0976],[25.5921,37.0974],[25.5917,37.0971]]],[[[25.6211,36.8604],[25.6221,36.863],[25.6237,36.861],[25.6211,36.8604]]],[[[25.6235,36.871],[25.6232,36.869],[25.6226,36.8695],[25.6235,36.871]]],[[[25.638,36.8694],[25.6341,36.8689],[25.634,36.8706],[25.6382,36.8724],[25.638,36.8694]]],[[[25.6276,36.8779],[25.6278,36.8767],[25.6264,36.8764],[25.6276,36.8779]]],[[[25.6345,36.8787],[25.6334,36.8785],[25.6337,36.8799],[25.6345,36.8787]]],[[[25.663,36.8996],[25.6716,36.9005],[25.6751,36.8942],[25.6717,36.8879],[25.6837,36.8875],[25.6818,36.8743],[25.6527,36.8792],[25.6506,36.8739],[25.6445,36.8807],[25.6322,36.8842],[25.6059,36.8802],[25.6064,36.8901],[25.6158,36.896],[25.6287,36.8942],[25.6395,36.9072],[25.6474,36.9087],[25.663,36.8996]]],[[[25.6658,36.9035],[25.6661,36.9028],[25.6653,36.9033],[25.6658,36.9035]]],[[[25.6398,36.988],[25.6401,36.9856],[25.6343,36.9865],[25.6398,36.988]]],[[[25.703,37.0687],[25.7033,37.073],[25.7101,37.0688],[25.7101,37.066],[25.703,37.0687]]],[[[25.7046,37.0838],[25.7112,37.0782],[25.7076,37.077],[25.7046,37.0838]]],[[[25.7027,37.0844],[25.703,37.0843],[25.7025,37.0841],[25.7027,37.0844]]],[[[25.7019,37.0858],[25.7011,37.0863],[25.702,37.0863],[25.7019,37.0858]]],[[[25.7006,37.0806],[25.6917,37.0848],[25.6873,37.0836],[25.6818,37.0852],[25.6953,37.0875],[25.6889,37.0923],[25.6918,37.0932],[25.6979,37.0907],[25.7006,37.0806]]],[[[25.6884,37.0932],[25.6888,37.0932],[25.6885,37.0929],[25.6884,37.0932]]]]}},{"type":"Feature","properties":{"code":"9291","name":"Αμοργού","pe":"Π.Ε. Νάξου"},"geometry":{"type":"MultiPolygon","coordinates":[[[[25.7392,36.7905],[25.7392,36.7912],[25.7403,36.7915],[25.7392,36.7905]]],[[[25.7568,36.7982],[25.7563,36.798],[25.7563,36.7983],[25.7568,36.7982]]],[[[25.7689,36.8049],[25.7684,36.8055],[25.7687,36.8059],[25.7689,36.8049]]],[[[25.7519,36.8049],[25.7463,36.8],[25.7397,36.81],[25.7456,36.8154],[25.7519,36.8049]]],[[[25.7445,36.8172],[25.7449,36.8179],[25.7478,36.8167],[25.7445,36.8172]]],[[[25.7534,36.8171],[25.7525,36.8173],[25.753,36.8176],[25.7534,36.8171]]],[[[25.7459,36.8199],[25.7449,36.8192],[25.745,36.8199],[25.7459,36.8199]]],[[[25.7898,36.8199],[25.7925,36.8209],[25.797,36.8196],[25.7898,36.8199]]],[[[25.7887,36.8205],[25.7885,36.8201],[25.7882,36.8204],[25.7887,36.8205]]],[[[25.6585,36.8431],[25.6617,36.8466],[25.6754,36.8392],[25.6675,36.8323],[25.6695,36.8353],[25.6585,36.8431]]],[[[25.6929,36.8443],[25.689,36.8414],[25.6717,36.8451],[25.6837,36.8504],[25.6929,36.8443]]],[[[25.6903,36.8782],[25.6845,36.8782],[25.687,36.8798],[25.6903,36.8782]]],[[[25.8075,37.1272],[25.8073,37.1275],[25.808,37.1275],[25.8075,37.1272]]],[[[25.8946,36.8113],[25.8951,36.8115],[25.8951,36.8111],[25.8946,36.8113]]],[[[25.9097,36.8171],[25.9091,36.8187],[25.9114,36.8184],[25.9097,36.8171]]],[[[25.917,36.8334],[25.9177,36.8333],[25.9177,36.8326],[25.917,36.8334]]],[[[25.9275,36.8408],[25.9103,36.8322],[25.9045,36.8161],[25.8955,36.8126],[25.8838,36.8045],[25.8791,36.7946],[25.859,36.7856],[25.8523,36.7878],[25.838,36.7829],[25.8267,36.7863],[25.8032,36.7676],[25.7588,36.7735],[25.7404,36.7932],[25.742,36.7971],[25.7457,36.7922],[25.7527,36.795],[25.7566,36.789],[25.7632,36.7973],[25.7665,36.7961],[25.7645,36.8011],[25.769,36.8026],[25.7725,36.8097],[25.7812,36.8071],[25.782,36.8139],[25.7859,36.8152],[25.7892,36.8142],[25.7835,36.8062],[25.7932,36.813],[25.8071,36.8081],[25.8086,36.8145],[25.8318,36.8082],[25.8411,36.8165],[25.8463,36.8105],[25.847,36.8153],[25.8534,36.8176],[25.8464,36.8286],[25.8638,36.8271],[25.8662,36.8303],[25.8542,36.8363],[25.8482,36.8335],[25.8388,36.8362],[25.8407,36.8455],[25.8477,36.8484],[25.8447,36.8513],[25.8534,36.8528],[25.8539,36.8482],[25.8577,36.8546],[25.8615,36.8531],[25.8621,36.8581],[25.866,36.8534],[25.8669,36.859],[25.8749,36.8562],[25.8748,36.8607],[25.8841,36.8645],[25.9094,36.8668],[25.9307,36.8796],[25.9455,36.8834],[25.9776,36.9021],[25.9754,36.9077],[25.9556,36.9096],[25.9591,36.9183],[25.9702,36.9228],[25.9686,36.9267],[25.9748,36.9283],[25.9776,36.9249],[25.9808,36.9303],[25.9955,36.9316],[26.002,36.9271],[26.0008,36.9377],[26.017,36.9347],[26.0261,36.9241],[26.0444,36.9138],[26.0648,36.9087],[26.0885,36.8963],[26.0657,36.8921],[26.052,36.9001],[26.0451,36.8959],[26.0073,36.8935],[25.9901,36.882],[25.9812,36.8838],[25.9848,36.8816],[25.9725,36.8783],[25.9525,36.8587],[25.9332,36.8519],[25.9275,36.8408]]],[[[25.9641,36.8677],[25.9648,36.8679],[25.9646,36.8676],[25.9641,36.8677]]],[[[25.8924,36.8814],[25.8958,36.8803],[25.8928,36.8774],[25.8899,36.8782],[25.8924,36.8814]]],[[[25.9233,36.886],[25.9154,36.88],[25.904,36.8809],[25.8861,36.8875],[25.9102,36.8909],[25.9276,36.8875],[25.9355,36.8834],[25.9233,36.886]]],[[[25.8187,37.1251],[25.8308,37.1117],[25.8419,37.1106],[25.836,37.1086],[25.8348,37.0931],[25.8306,37.094],[25.8277,37.0867],[25.822,37.0922],[25.8116,37.0897],[25.8047,37.098],[25.7975,37.0916],[25.7968,37.0994],[25.7884,37.1018],[25.7899,37.1077],[25.7773,37.1241],[25.7847,37.1195],[25.788,37.1217],[25.7954,37.1132],[25.8057,37.1173],[25.8122,37.127],[25.8119,37.1351],[25.8188,37.1298],[25.8303,37.1366],[25.8344,37.1323],[25.8187,37.1251]]],[[[25.8356,37.1283],[25.8377,37.1245],[25.833,37.1232],[25.8305,37.1254],[25.8356,37.1283]]],[[[25.8107,37.1261],[25.8106,37.1264],[25.811,37.1263],[25.8107,37.1261]]],[[[25.8113,37.1272],[25.8116,37.1266],[25.811,37.1267],[25.8113,37.1272]]]]}},{"type":"Feature","properties":{"code":"9209","name":"Κυθήρων","pe":"Π.Ε. Νήσων"},"geometry":{"type":"MultiPolygon","coordinates":[[[[22.9958,36.1033],[22.9998,36.0953],[22.997,36.0944],[22.9958,36.1033]]],[[[22.9156,36.1699],[22.9155,36.169],[22.9149,36.1693],[22.9156,36.1699]]],[[[22.913,36.173],[22.9116,36.1744],[22.912,36.1748],[22.913,36.173]]],[[[22.9015,36.1932],[22.9014,36.1901],[22.8993,36.1922],[22.9015,36.1932]]],[[[22.8995,36.1949],[22.9001,36.1939],[22.8996,36.194],[22.8995,36.1949]]],[[[22.9114,36.2044],[22.9108,36.2053],[22.9113,36.2055],[22.9114,36.2044]]],[[[22.9094,36.2104],[22.9098,36.2107],[22.9103,36.21],[22.9094,36.2104]]],[[[22.9042,36.2399],[22.9043,36.2404],[22.9052,36.24],[22.9042,36.2399]]],[[[22.8977,36.2488],[22.8979,36.2496],[22.8994,36.2491],[22.8977,36.2488]]],[[[22.969,36.3577],[22.9667,36.3546],[22.9748,36.353],[22.9791,36.3303],[22.9865,36.3213],[22.9979,36.3158],[23.0037,36.3074],[23.0134,36.3069],[23.0218,36.2988],[23.0469,36.2891],[23.0636,36.2715],[23.0867,36.2581],[23.0886,36.2526],[23.1006,36.2495],[23.104,36.236],[23.0967,36.2316],[23.0917,36.2201],[23.0811,36.2224],[23.0835,36.2269],[23.0759,36.224],[23.0729,36.2273],[23.0543,36.2187],[23.0445,36.1895],[23.0444,36.1766],[23.0488,36.1675],[23.0464,36.1571],[23.0566,36.1472],[23.0506,36.1466],[23.0471,36.1306],[23.0354,36.1351],[23.0347,36.132],[23.0218,36.1433],[23.0189,36.1388],[23.0134,36.1432],[23.0128,36.1375],[23.005,36.1366],[23.0035,36.1432],[22.9976,36.1455],[22.9875,36.1381],[22.9923,36.1324],[22.9885,36.1332],[22.9845,36.1432],[22.9737,36.1522],[22.963,36.1545],[22.9603,36.1494],[22.9517,36.1633],[22.9466,36.1551],[22.9402,36.1576],[22.9344,36.1768],[22.9297,36.1738],[22.9249,36.1847],[22.9152,36.1899],[22.9138,36.198],[22.9075,36.1994],[22.9075,36.2041],[22.911,36.2035],[22.9134,36.2054],[22.9105,36.2098],[22.9162,36.2113],[22.8999,36.2309],[22.9021,36.2373],[22.9053,36.2348],[22.9145,36.2456],[22.9199,36.2422],[22.9255,36.2482],[22.9145,36.2633],[22.9162,36.2708],[22.9129,36.2733],[22.9201,36.2775],[22.9185,36.2834],[22.9226,36.2867],[22.9153,36.2956],[22.9162,36.3032],[22.8903,36.3202],[22.9043,36.3413],[22.9076,36.3545],[22.9236,36.3688],[22.9215,36.3768],[22.9381,36.3763],[22.9501,36.3859],[22.969,36.3577]]],[[[23.0947,36.2636],[23.0928,36.2644],[23.0933,36.2651],[23.0947,36.2636]]],[[[23.0795,36.2637],[23.0785,36.2743],[23.0838,36.2707],[23.0795,36.2637]]],[[[23.2926,35.8847],[23.2913,35.8811],[23.2984,35.8912],[23.3062,35.8853],[23.3089,35.8884],[23.3185,35.8797],[23.328,35.8538],[23.3313,35.8282],[23.3281,35.8237],[23.3188,35.8369],[23.2942,35.8489],[23.2741,35.8889],[23.271,35.9047],[23.2926,35.8847]]],[[[23.3044,35.8923],[23.3048,35.8915],[23.3035,35.8916],[23.3044,35.8923]]],[[[23.3022,35.8933],[23.3023,35.8939],[23.3027,35.8937],[23.3022,35.8933]]],[[[23.2624,35.9063],[23.2622,35.9066],[23.2633,35.9066],[23.2624,35.9063]]],[[[23.2165,35.9363],[23.2176,35.9356],[23.2158,35.9353],[23.2165,35.9363]]],[[[23.2109,35.9575],[23.2111,35.9566],[23.2077,35.9583],[23.2109,35.9575]]],[[[23.2452,35.9749],[23.2543,35.975],[23.254,35.9716],[23.247,35.9699],[23.2452,35.9749]]],[[[23.101,36.1126],[23.1014,36.1122],[23.1002,36.1119],[23.101,36.1126]]],[[[23.0939,36.1203],[23.0945,36.1205],[23.0945,36.1201],[23.0939,36.1203]]],[[[23.1082,36.2228],[23.1034,36.2233],[23.1101,36.2256],[23.1142,36.2203],[23.1082,36.2228]]],[[[23.1097,36.2365],[23.1178,36.2359],[23.1179,36.2341],[23.1097,36.2365]]]]}},{"type":"Feature","properties":{"code":"9212","name":"Σπετσών","pe":"Π.Ε. Νήσων"},"geometry":{"type":"MultiPolygon","coordinates":[[[[23.1793,37.2205],[23.1794,37.2149],[23.1707,37.2149],[23.1567,37.2261],[23.1609,37.232],[23.1793,37.2205]]],[[[23.1902,37.2265],[23.1923,37.2255],[23.1923,37.2246],[23.1902,37.2265]]],[[[23.1844,37.2257],[23.1844,37.2267],[23.1851,37.2262],[23.1844,37.2257]]],[[[23.1854,37.2265],[23.1858,37.2264],[23.1855,37.2262],[23.1854,37.2265]]],[[[23.1862,37.228],[23.186,37.2286],[23.1873,37.2281],[23.1862,37.228]]],[[[23.165,37.2594],[23.1652,37.2648],[23.1687,37.2622],[23.1695,37.2554],[23.162,37.2525],[23.1667,37.2454],[23.163,37.2444],[23.1632,37.2394],[23.135,37.2345],[23.1319,37.2392],[23.1264,37.2375],[23.1228,37.2465],[23.1136,37.2484],[23.1152,37.2545],[23.1097,37.2556],[23.1085,37.2617],[23.104,37.2601],[23.1044,37.267],[23.099,37.2669],[23.0994,37.2713],[23.091,37.2771],[23.0999,37.2816],[23.1,37.2778],[23.1078,37.2761],[23.1134,37.2832],[23.1438,37.2755],[23.165,37.2594]]],[[[23.2858,37.2671],[23.2721,37.2619],[23.2792,37.2699],[23.2743,37.2757],[23.2867,37.2738],[23.2804,37.272],[23.2858,37.2671]]],[[[23.0792,37.2839],[23.0794,37.2845],[23.08,37.2842],[23.0792,37.2839]]]]}},{"type":"Feature","properties":{"code":"9210","name":"Πόρου","pe":"Π.Ε. Νήσων"},"geometry":{"type":"MultiPolygon","coordinates":[[[[23.4535,37.4494],[23.4546,37.4628],[23.4372,37.4663],[23.4555,37.4947],[23.4724,37.4854],[23.4779,37.4864],[23.4783,37.4755],[23.4972,37.4727],[23.5188,37.4557],[23.5207,37.4504],[23.5145,37.4417],[23.516,37.4376],[23.5241,37.4376],[23.4959,37.4223],[23.4244,37.4117],[23.425,37.4195],[23.4535,37.4494]]],[[[23.4787,37.4815],[23.4789,37.4819],[23.4794,37.4817],[23.4787,37.4815]]],[[[23.4702,37.4906],[23.4711,37.49],[23.4708,37.4898],[23.4702,37.4906]]],[[[23.4742,37.4908],[23.476,37.4909],[23.4759,37.4903],[23.4742,37.4908]]],[[[23.4697,37.4913],[23.4698,37.4909],[23.4693,37.491],[23.4697,37.4913]]],[[[23.5024,37.5227],[23.511,37.5282],[23.5169,37.5219],[23.5242,37.5228],[23.511,37.5082],[23.4978,37.5025],[23.4766,37.5039],[23.4689,37.509],[23.4588,37.5071],[23.4631,37.4934],[23.4506,37.4996],[23.4531,37.5068],[23.457,37.507],[23.4446,37.5077],[23.4442,37.5125],[23.4332,37.52],[23.4217,37.5184],[23.4284,37.5229],[23.4253,37.5282],[23.4463,37.525],[23.4694,37.5361],[23.4752,37.5348],[23.4709,37.5482],[23.4741,37.558],[23.4818,37.5605],[23.4848,37.5601],[23.4753,37.5451],[23.4827,37.55],[23.4806,37.5459],[23.4859,37.5474],[23.4826,37.532],[23.4907,37.5382],[23.4962,37.5324],[23.4995,37.535],[23.5024,37.5227]]],[[[23.4916,37.4211],[23.4925,37.421],[23.4921,37.4201],[23.4916,37.4211]]],[[[23.5205,37.4335],[23.5196,37.4331],[23.5194,37.4336],[23.5205,37.4335]]],[[[23.5331,37.4347],[23.5227,37.4347],[23.5279,37.4367],[23.5298,37.4392],[23.5331,37.4347]]],[[[23.5468,37.4429],[23.5394,37.4367],[23.5345,37.4393],[23.5468,37.4429]]],[[[23.5283,37.5107],[23.5347,37.5132],[23.5335,37.5108],[23.5283,37.5107]]],[[[23.4836,37.553],[23.4855,37.554],[23.4862,37.5521],[23.4836,37.553]]],[[[23.5051,37.5763],[23.5052,37.5767],[23.5082,37.5773],[23.5051,37.5763]]]]}},{"type":"Feature","properties":{"code":"9207","name":"Αγκιστρίου","pe":"Π.Ε. Νήσων"},"geometry":{"type":"MultiPolygon","coordinates":[[[[23.3176,37.6838],[23.3184,37.677],[23.309,37.6786],[23.3176,37.6838]]],[[[23.266,37.698],[23.2663,37.6982],[23.2665,37.6976],[23.266,37.698]]],[[[23.2369,37.702],[23.2384,37.7026],[23.2364,37.7008],[23.2369,37.702]]],[[[23.2684,37.7009],[23.2579,37.697],[23.2527,37.7038],[23.2664,37.7085],[23.2704,37.7061],[23.2684,37.7009]]],[[[23.261,37.8003],[23.2573,37.8015],[23.2614,37.8027],[23.261,37.8003]]],[[[23.2482,37.8051],[23.2518,37.8026],[23.2462,37.8018],[23.2431,37.8047],[23.2482,37.8051]]],[[[23.2626,37.8103],[23.2643,37.8099],[23.2634,37.8094],[23.2626,37.8103]]],[[[23.2867,37.8103],[23.2876,37.8101],[23.2874,37.8096],[23.2867,37.8103]]],[[[23.2365,37.8106],[23.2394,37.8163],[23.2467,37.8112],[23.2564,37.8138],[23.2494,37.8055],[23.2365,37.8106]]],[[[23.2634,37.826],[23.272,37.8223],[23.2568,37.8162],[23.253,37.8235],[23.2634,37.826]]],[[[23.3206,37.6842],[23.3208,37.685],[23.3227,37.6833],[23.3206,37.6842]]],[[[23.3662,37.7106],[23.3737,37.701],[23.3729,37.693],[23.3489,37.685],[23.3508,37.6824],[23.3442,37.6799],[23.3407,37.6724],[23.3234,37.6759],[23.324,37.6879],[23.3269,37.6868],[23.3272,37.6947],[23.3395,37.7102],[23.3469,37.7132],[23.3662,37.7106]]],[[[23.3785,37.7192],[23.3767,37.7193],[23.3809,37.7256],[23.3891,37.7247],[23.3785,37.7192]]],[[[23.3275,37.8048],[23.3368,37.8021],[23.3375,37.7983],[23.3242,37.8003],[23.3275,37.8048]]],[[[23.3201,37.8027],[23.321,37.8031],[23.3209,37.8015],[23.3201,37.8027]]],[[[23.3239,37.8055],[23.3229,37.8046],[23.3224,37.8056],[23.3239,37.8055]]],[[[23.325,37.8068],[23.3238,37.8062],[23.3241,37.8072],[23.325,37.8068]]],[[[23.3812,37.8101],[23.3802,37.8135],[23.3856,37.8124],[23.3812,37.8101]]],[[[23.3605,37.8142],[23.3565,37.8167],[23.3626,37.8158],[23.3605,37.8142]]]]}},{"type":"Feature","properties":{"code":"9214","name":"Ύδρας","pe":"Π.Ε. Νήσων"},"geometry":{"type":"MultiPolygon","coordinates":[[[[23.3102,37.2621],[23.312,37.2615],[23.3098,37.2606],[23.3102,37.2621]]],[[[23.3145,37.2633],[23.3164,37.2632],[23.3155,37.2621],[23.3145,37.2633]]],[[[23.3119,37.2636],[23.3106,37.2644],[23.3109,37.2648],[23.3119,37.2636]]],[[[23.3517,37.2678],[23.3522,37.2673],[23.3509,37.2665],[23.3517,37.2678]]],[[[23.3526,37.2681],[23.3517,37.2678],[23.3519,37.2687],[23.3526,37.2681]]],[[[23.3647,37.2739],[23.3596,37.2723],[23.3623,37.2745],[23.3647,37.2739]]],[[[23.3396,37.2769],[23.3377,37.2775],[23.339,37.2784],[23.3396,37.2769]]],[[[23.3671,37.287],[23.3741,37.2867],[23.3692,37.2824],[23.3642,37.282],[23.3671,37.287]]],[[[23.3861,37.2943],[23.3848,37.2947],[23.3874,37.2962],[23.3861,37.2943]]],[[[23.3665,37.3095],[23.364,37.3109],[23.3715,37.3156],[23.3764,37.3149],[23.3665,37.3095]]],[[[23.3978,37.3297],[23.3976,37.33],[23.3983,37.3301],[23.3978,37.3297]]],[[[23.2836,37.332],[23.2828,37.3407],[23.3026,37.3392],[23.3231,37.3479],[23.3265,37.3464],[23.324,37.3441],[23.3304,37.3441],[23.331,37.3353],[23.3349,37.3356],[23.3447,37.344],[23.3404,37.3486],[23.3443,37.3512],[23.3535,37.3512],[23.3484,37.3491],[23.3564,37.3485],[23.3534,37.3451],[23.3614,37.3416],[23.3558,37.3319],[23.333,37.3228],[23.3031,37.3209],[23.2836,37.332]]],[[[23.6027,36.7661],[23.6033,36.7656],[23.6025,36.7655],[23.6027,36.7661]]],[[[23.6046,36.766],[23.6036,36.7662],[23.6054,36.7668],[23.6046,36.766]]],[[[23.8872,36.8376],[23.8939,36.8368],[23.8835,36.834],[23.8714,36.8403],[23.8835,36.8431],[23.8872,36.8376]]],[[[23.4694,36.9132],[23.4684,36.9063],[23.4577,36.9082],[23.4511,36.9331],[23.4563,36.9337],[23.4562,36.9261],[23.4694,36.9132]]],[[[23.4457,37.2553],[23.4524,37.2541],[23.4506,37.2502],[23.4431,37.2533],[23.4457,37.2553]]],[[[23.4072,37.2952],[23.4068,37.2947],[23.4064,37.2953],[23.4072,37.2952]]],[[[23.4578,37.3119],[23.4589,37.312],[23.459,37.3114],[23.4578,37.3119]]],[[[23.4042,37.3292],[23.4033,37.3289],[23.4031,37.3293],[23.4042,37.3292]]],[[[23.4064,37.33],[23.4055,37.3315],[23.4072,37.3321],[23.4064,37.33]]],[[[23.5165,37.3662],[23.5204,37.3709],[23.5355,37.3618],[23.545,37.371],[23.5559,37.3678],[23.5605,37.3716],[23.567,37.3643],[23.5803,37.3663],[23.5663,37.3554],[23.5392,37.3532],[23.5209,37.3423],[23.5025,37.3425],[23.5056,37.3302],[23.4991,37.3267],[23.5035,37.3186],[23.4466,37.3168],[23.4318,37.3036],[23.4202,37.3046],[23.3959,37.2931],[23.3946,37.3014],[23.3887,37.2978],[23.3792,37.2994],[23.3771,37.2955],[23.3622,37.3],[23.3752,37.3034],[23.383,37.3159],[23.4283,37.3318],[23.4627,37.3528],[23.4836,37.3537],[23.4839,37.3581],[23.4914,37.3579],[23.5072,37.3667],[23.5165,37.3662]]],[[[23.4262,37.3365],[23.4253,37.3358],[23.4257,37.3364],[23.4262,37.3365]]],[[[23.4429,37.3472],[23.4425,37.3471],[23.4423,37.3478],[23.4429,37.3472]]],[[[23.4513,37.3499],[23.4508,37.3494],[23.4505,37.3497],[23.4513,37.3499]]]]}},{"type":"Feature","properties":{"code":"9208","name":"Αίγινας","pe":"Π.Ε. Νήσων"},"geometry":{"type":"MultiPolygon","coordinates":[[[[23.478,37.6157],[23.4782,37.6154],[23.4769,37.6149],[23.478,37.6157]]],[[[23.4291,37.6842],[23.4228,37.6859],[23.4322,37.6968],[23.4425,37.6937],[23.4291,37.6842]]],[[[23.5434,37.7735],[23.5629,37.7712],[23.5652,37.7649],[23.556,37.756],[23.5546,37.745],[23.542,37.746],[23.5354,37.742],[23.542,37.7289],[23.538,37.7229],[23.5288,37.7214],[23.5217,37.7105],[23.5248,37.7077],[23.52,37.7003],[23.5251,37.6919],[23.5182,37.6874],[23.5098,37.6885],[23.5015,37.6792],[23.4905,37.6797],[23.4786,37.6734],[23.4774,37.6781],[23.4703,37.6759],[23.464,37.6797],[23.4625,37.6853],[23.449,37.6877],[23.4538,37.69],[23.4484,37.6933],[23.4641,37.6943],[23.4683,37.6989],[23.4622,37.7143],[23.4513,37.7233],[23.4342,37.728],[23.4172,37.7616],[23.4254,37.7678],[23.4402,37.7655],[23.4574,37.772],[23.5434,37.7735]]],[[[23.5512,37.7747],[23.55,37.7756],[23.55,37.7764],[23.5512,37.7747]]],[[[23.4623,37.8139],[23.4619,37.8133],[23.4616,37.8136],[23.4623,37.8139]]],[[[23.4699,37.8153],[23.4745,37.8135],[23.4657,37.8137],[23.4644,37.8163],[23.4699,37.8153]]],[[[23.4562,37.8179],[23.4567,37.8174],[23.4536,37.8165],[23.4562,37.8179]]],[[[23.4445,37.8176],[23.4447,37.8179],[23.4451,37.8178],[23.4445,37.8176]]],[[[23.4492,37.8186],[23.4509,37.8187],[23.4494,37.8178],[23.4492,37.8186]]]]}},{"type":"Feature","properties":{"code":"9211","name":"Σαλαμίνας","pe":"Π.Ε. Νήσων"},"geometry":{"type":"MultiPolygon","coordinates":[[[[23.4468,37.8731],[23.4472,37.8731],[23.4468,37.8726],[23.4468,37.8731]]],[[[23.445,37.8741],[23.4448,37.8745],[23.4452,37.8745],[23.445,37.8741]]],[[[23.4418,37.8751],[23.4418,37.8756],[23.4421,37.8754],[23.4418,37.8751]]],[[[23.4128,37.8906],[23.4126,37.8909],[23.4131,37.8908],[23.4128,37.8906]]],[[[23.3906,37.9032],[23.3911,37.9039],[23.3925,37.9036],[23.3906,37.9032]]],[[[23.3966,37.9051],[23.4019,37.9037],[23.3994,37.902],[23.3943,37.9026],[23.3966,37.9051]]],[[[23.3999,37.963],[23.4056,37.9601],[23.4028,37.9596],[23.3974,37.9616],[23.3999,37.963]]],[[[23.4568,37.8751],[23.4557,37.876],[23.4561,37.8763],[23.4568,37.8751]]],[[[23.4586,37.8764],[23.4595,37.8768],[23.4596,37.8762],[23.4586,37.8764]]],[[[23.4964,37.8958],[23.4963,37.8965],[23.4978,37.8966],[23.4964,37.8958]]],[[[23.5209,37.9963],[23.5317,37.9874],[23.5364,37.9954],[23.5435,37.996],[23.5374,37.9868],[23.5322,37.9871],[23.538,37.9834],[23.5355,37.9757],[23.533,37.9787],[23.5285,37.9739],[23.5329,37.9723],[23.5311,37.967],[23.5347,37.9642],[23.5309,37.9668],[23.5246,37.963],[23.5302,37.9567],[23.5502,37.9538],[23.5377,37.9485],[23.5791,37.9471],[23.5394,37.941],[23.5363,37.9321],[23.546,37.9259],[23.5328,37.9215],[23.5331,37.9116],[23.5125,37.9134],[23.5173,37.9073],[23.5128,37.9017],[23.517,37.9],[23.5155,37.8969],[23.5093,37.8958],[23.5031,37.9024],[23.4899,37.9012],[23.4826,37.8956],[23.485,37.8871],[23.4811,37.8901],[23.4696,37.887],[23.4503,37.8733],[23.4384,37.8769],[23.4397,37.8819],[23.4273,37.8892],[23.4211,37.8875],[23.421,37.8917],[23.4014,37.8947],[23.4082,37.9004],[23.4018,37.9077],[23.4039,37.9146],[23.4117,37.9204],[23.4057,37.923],[23.4045,37.9302],[23.4144,37.9259],[23.4293,37.9295],[23.4688,37.9241],[23.5014,37.9644],[23.4764,37.9619],[23.4622,37.9522],[23.4521,37.951],[23.4328,37.9578],[23.4231,37.9517],[23.4252,37.9585],[23.4158,37.9574],[23.4462,37.9654],[23.4508,37.9727],[23.4172,37.9788],[23.4186,37.9839],[23.4376,37.9857],[23.4586,37.9777],[23.4767,37.9828],[23.4769,37.9882],[23.4676,37.9959],[23.4776,37.9959],[23.477,38.0007],[23.4859,38.0035],[23.5209,37.9963]]],[[[23.542,37.9646],[23.5431,37.9632],[23.5398,37.9607],[23.5366,37.9632],[23.542,37.9646]]],[[[23.5658,37.9977],[23.5633,37.9988],[23.5634,37.9994],[23.5658,37.9977]]],[[[23.5601,37.9983],[23.5566,37.9996],[23.56,38.0009],[23.5601,37.9983]]]]}},{"type":"Feature","properties":{"code":"9213","name":"Τροιζηνίας","pe":"Π.Ε. Νήσων"},"geometry":{"type":"Polygon","coordinates":[[[23.4223,37.4687],[23.4052,37.4566],[23.365,37.4639],[23.3465,37.4592],[23.3412,37.4724],[23.3265,37.4679],[23.3097,37.471],[23.3111,37.4889],[23.3023,37.4968],[23.2737,37.4933],[23.2704,37.4956],[23.272,37.5024],[23.2511,37.5017],[23.2247,37.5137],[23.2194,37.5221],[23.1795,37.5234],[23.1671,37.5346],[23.1643,37.5445],[23.172,37.5628],[23.1879,37.5706],[23.1903,37.5797],[23.1853,37.5895],[23.2004,37.5967],[23.2358,37.5829],[23.2439,37.5849],[23.2495,37.5783],[23.2635,37.5729],[23.2696,37.5569],[23.2856,37.5489],[23.3029,37.5475],[23.3157,37.5333],[23.332,37.5328],[23.3504,37.5389],[23.368,37.5526],[23.3616,37.562],[23.3578,37.5611],[23.359,37.5761],[23.3458,37.5807],[23.3472,37.5869],[23.3243,37.6087],[23.3171,37.6129],[23.304,37.6123],[23.3086,37.6197],[23.3227,37.6235],[23.3247,37.6318],[23.3333,37.6305],[23.344,37.6369],[23.3749,37.6405],[23.3979,37.6373],[23.4142,37.617],[23.4109,37.6035],[23.4047,37.5971],[23.4064,37.5912],[23.3964,37.5865],[23.3908,37.575],[23.3877,37.5775],[23.3902,37.57],[23.386,37.5679],[23.3868,37.5612],[23.3741,37.5555],[23.3648,37.5597],[23.3733,37.5514],[23.419,37.5286],[23.4077,37.518],[23.3905,37.5199],[23.3896,37.5157],[23.3955,37.5158],[23.391,37.5092],[23.4041,37.5094],[23.3981,37.512],[23.4234,37.5046],[23.437,37.5051],[23.4554,37.4953],[23.4356,37.4669],[23.4223,37.4687]]]}},{"type":"Feature","properties":{"code":"9196","name":"Γλυφάδας","pe":"Π.Ε. Νοτίου Τομέα Αθηνών"},"geometry":{"type":"Polygon","coordinates":[[[23.8102,37.8923],[23.7912,37.881],[23.7943,37.873],[23.7888,37.8648],[23.7734,37.8541],[23.7431,37.8542],[23.7502,37.8588],[23.7312,37.8739],[23.7495,37.8885],[23.7609,37.8891],[23.7641,37.903],[23.7726,37.9096],[23.7953,37.9126],[23.8025,37.9117],[23.8006,37.909],[23.8102,37.8923]]]}},{"type":"Feature","properties":{"code":"9197","name":"Ελληνικού - Αργυρούπολης","pe":"Π.Ε. Νοτίου Τομέα Αθηνών"},"geometry":{"type":"Polygon","coordinates":[[[23.728,37.8736],[23.7246,37.8761],[23.7301,37.8755],[23.7152,37.895],[23.7182,37.901],[23.7377,37.9044],[23.7357,37.9114],[23.742,37.9131],[23.7448,37.9193],[23.7834,37.9216],[23.8063,37.9174],[23.8025,37.9117],[23.7811,37.9121],[23.7696,37.908],[23.763,37.901],[23.7609,37.8891],[23.7495,37.8885],[23.728,37.8736]]]}},{"type":"Feature","properties":{"code":"9195","name":"Αλίμου","pe":"Π.Ε. Νοτίου Τομέα Αθηνών"},"geometry":{"type":"MultiPolygon","coordinates":[[[[23.7153,37.8939],[23.715,37.8936],[23.7149,37.8943],[23.7153,37.8939]]],[[[23.7136,37.9094],[23.7039,37.9112],[23.709,37.9129],[23.7026,37.9168],[23.7023,37.9122],[23.7,37.9144],[23.7043,37.9216],[23.7265,37.9191],[23.7444,37.9284],[23.7448,37.9158],[23.7354,37.9103],[23.7377,37.9044],[23.7178,37.9014],[23.7136,37.9094]]]]}},{"type":"Feature","properties":{"code":"9201","name":"Παλαιού Φαλήρου","pe":"Π.Ε. Νοτίου Τομέα Αθηνών"},"geometry":{"type":"Polygon","coordinates":[[[23.6815,37.9292],[23.6892,37.9271],[23.6843,37.9344],[23.6998,37.9433],[23.7187,37.9273],[23.7101,37.9229],[23.7257,37.9281],[23.7168,37.921],[23.7051,37.9221],[23.7005,37.9172],[23.6815,37.9292]]]}},{"type":"Feature","properties":{"code":"9198","name":"Καλλιθέας","pe":"Π.Ε. Νοτίου Τομέα Αθηνών"},"geometry":{"type":"Polygon","coordinates":[[[23.6825,37.9427],[23.6954,37.9577],[23.6942,37.9613],[23.7186,37.9615],[23.6914,37.9371],[23.6825,37.9427]]]}},{"type":"Feature","properties":{"code":"9199","name":"Μοσχάτου - Ταύρου","pe":"Π.Ε. Νοτίου Τομέα Αθηνών"},"geometry":{"type":"Polygon","coordinates":[[[23.6723,37.943],[23.6742,37.9557],[23.6915,37.9624],[23.6869,37.9641],[23.6872,37.9727],[23.6838,37.9743],[23.6872,37.9782],[23.7047,37.9753],[23.7005,37.9689],[23.7056,37.9638],[23.6942,37.9613],[23.6954,37.9577],[23.6825,37.9427],[23.6723,37.943]]]}},{"type":"Feature","properties":{"code":"9200","name":"Νέας Σμύρνης","pe":"Π.Ε. Νοτίου Τομέα Αθηνών"},"geometry":{"type":"Polygon","coordinates":[[[23.7283,37.9438],[23.7131,37.9302],[23.6998,37.9433],[23.7145,37.9554],[23.7283,37.9438]]]}},{"type":"Feature","properties":{"code":"9194","name":"Αγίου Δημητρίου","pe":"Π.Ε. Νοτίου Τομέα Αθηνών"},"geometry":{"type":"Polygon","coordinates":[[[23.7376,37.9493],[23.7413,37.9473],[23.7444,37.9284],[23.7265,37.9191],[23.7192,37.922],[23.7252,37.9284],[23.7101,37.9229],[23.7185,37.9268],[23.7147,37.9285],[23.7162,37.9329],[23.7376,37.9493]]]}},{"type":"Feature","properties":{"code":"9018","name":"Τοπείρου","pe":"Π.Ε. Ξάνθης"},"geometry":{"type":"Polygon","coordinates":[[[24.8769,40.9086],[24.8135,40.8581],[24.8075,40.8618],[24.8014,40.8696],[24.8036,40.8752],[24.7995,40.8805],[24.7969,40.905],[24.7576,40.9563],[24.7576,40.9771],[24.7436,40.9906],[24.7413,41.0054],[24.7329,41.0193],[24.7577,41.0709],[24.7746,41.0888],[24.7591,41.0914],[24.7564,41.0963],[24.7502,41.0932],[24.7493,41.1018],[24.7449,41.0962],[24.7408,41.103],[24.7307,41.0975],[24.7292,41.1011],[24.7376,41.1056],[24.7166,41.1076],[24.7107,41.1139],[24.7066,41.1127],[24.7026,41.12],[24.6949,41.1164],[24.6864,41.1309],[24.6938,41.1406],[24.6854,41.1507],[24.6711,41.1552],[24.6706,41.1642],[24.691,41.1687],[24.6945,41.1579],[24.7079,41.1578],[24.7175,41.1522],[24.7305,41.157],[24.7483,41.1507],[24.7686,41.1495],[24.7834,41.1544],[24.7962,41.1447],[24.8218,41.1117],[24.8208,41.103],[24.8304,41.0915],[24.8325,41.0808],[24.8483,41.0789],[24.8637,41.06],[24.8756,41.0594],[24.8775,41.0329],[24.8711,41.025],[24.9001,41.0319],[24.9125,41.0178],[24.905,41.0116],[24.902,41.0029],[24.9057,40.9993],[24.8869,40.9871],[24.9112,40.9528],[24.9103,40.9389],[24.9234,40.9289],[24.9371,40.9286],[24.8769,40.9086]]]}},{"type":"Feature","properties":{"code":"9017","name":"Ξάνθης","pe":"Π.Ε. Ξάνθης"},"geometry":{"type":"Polygon","coordinates":[[[24.699,41.1749],[24.7019,41.1846],[24.6922,41.2037],[24.6644,41.2064],[24.6307,41.2033],[24.6186,41.1953],[24.599,41.1957],[24.5748,41.1892],[24.5656,41.1935],[24.5621,41.2012],[24.545,41.2033],[24.5165,41.1945],[24.4946,41.1987],[24.4828,41.2078],[24.4743,41.2256],[24.46,41.2325],[24.4834,41.2318],[24.5002,41.2223],[24.5108,41.2258],[24.5129,41.2379],[24.509,41.261],[24.518,41.2655],[24.5526,41.2608],[24.5546,41.2539],[24.5796,41.2405],[24.5971,41.2645],[24.6087,41.2695],[24.5966,41.2776],[24.6059,41.2979],[24.6003,41.3086],[24.6277,41.3134],[24.6433,41.3072],[24.6558,41.3148],[24.6604,41.3232],[24.6696,41.3261],[24.6871,41.3227],[24.6932,41.3166],[24.7081,41.3585],[24.7202,41.3547],[24.7222,41.3484],[24.7455,41.3318],[24.7349,41.3166],[24.7422,41.3005],[24.7407,41.2901],[24.7471,41.2868],[24.749,41.2797],[24.7654,41.277],[24.7636,41.2656],[24.7712,41.2543],[24.785,41.2546],[24.8098,41.2472],[24.8198,41.2495],[24.8289,41.2448],[24.8425,41.2491],[24.841,41.2349],[24.8478,41.2374],[24.8526,41.2301],[24.8398,41.2223],[24.8484,41.2143],[24.8643,41.1814],[24.8745,41.1721],[24.9044,41.1675],[24.9257,41.1841],[24.9167,41.192],[24.9365,41.1878],[24.951,41.1909],[24.9827,41.179],[25.0105,41.2091],[25.0391,41.2044],[25.0549,41.2134],[25.067,41.2124],[25.0751,41.2019],[25.0946,41.1972],[25.1,41.1835],[25.0704,41.1614],[25.0572,41.1586],[25.0542,41.1511],[25.0357,41.1597],[25.0064,41.162],[24.9995,41.1538],[24.9736,41.1508],[24.9666,41.1405],[24.9695,41.1275],[24.9658,41.1209],[24.9714,41.1108],[24.9609,41.1141],[24.9558,41.1263],[24.9441,41.119],[24.929,41.1239],[24.9053,41.1233],[24.9062,41.1177],[24.8949,41.1153],[24.8912,41.1078],[24.8834,41.1048],[24.8718,41.0769],[24.8759,41.0601],[24.866,41.0589],[24.8483,41.0789],[24.8325,41.0808],[24.8304,41.0915],[24.8208,41.103],[24.8218,41.1117],[24.7962,41.1447],[24.7834,41.1544],[24.7686,41.1495],[24.7524,41.1499],[24.7305,41.157],[24.7199,41.1517],[24.7079,41.1578],[24.6945,41.1579],[24.691,41.1687],[24.699,41.1749]]]}},{"type":"Feature","properties":{"code":"9016","name":"Μύκης","pe":"Π.Ε. Ξάνθης"},"geometry":{"type":"Polygon","coordinates":[[[24.761,41.3449],[24.7842,41.3604],[24.804,41.3464],[24.8133,41.3495],[24.8177,41.3639],[24.8153,41.3707],[24.8228,41.3856],[24.8194,41.4009],[24.8553,41.399],[24.8658,41.3912],[24.8818,41.3917],[24.8949,41.4056],[24.9164,41.4079],[24.9402,41.3865],[24.9521,41.3878],[24.9769,41.3761],[24.9898,41.3765],[25.034,41.3651],[25.0557,41.3648],[25.0827,41.3381],[25.0926,41.3393],[25.0987,41.334],[25.1116,41.3424],[25.1249,41.3424],[25.1238,41.3314],[25.1327,41.3229],[25.1448,41.3224],[25.1487,41.315],[25.1599,41.3181],[25.1638,41.3111],[25.1811,41.3085],[25.1787,41.3025],[25.1833,41.2978],[25.2086,41.2914],[25.2224,41.2793],[25.2256,41.269],[25.2201,41.2618],[25.1782,41.2375],[25.1718,41.2249],[25.1742,41.217],[25.1649,41.2098],[25.165,41.2181],[25.1616,41.2194],[25.1663,41.2295],[25.1523,41.2297],[25.1483,41.237],[25.1422,41.2386],[25.1445,41.2468],[25.1362,41.2548],[25.1232,41.2511],[25.1155,41.2429],[25.1193,41.2312],[25.1125,41.2215],[25.1215,41.2087],[25.1135,41.2019],[25.0946,41.1972],[25.0779,41.2008],[25.0643,41.2128],[25.0549,41.2134],[25.0391,41.2044],[25.0105,41.2091],[24.9834,41.1792],[24.9725,41.1801],[24.951,41.1909],[24.9365,41.1878],[24.9167,41.192],[24.9257,41.1841],[24.9003,41.1667],[24.8745,41.1721],[24.8643,41.1814],[24.8484,41.2143],[24.8398,41.2223],[24.8526,41.2301],[24.8478,41.2374],[24.841,41.2349],[24.8425,41.2491],[24.8289,41.2448],[24.8198,41.2495],[24.8098,41.2472],[24.785,41.2546],[24.7712,41.2543],[24.7636,41.2656],[24.7654,41.277],[24.749,41.2797],[24.7471,41.2868],[24.7407,41.2901],[24.7422,41.3005],[24.7349,41.3166],[24.7457,41.3311],[24.7377,41.3385],[24.761,41.3449]]]}},{"type":"Feature","properties":{"code":"9015","name":"Αβδήρων","pe":"Π.Ε. Ξάνθης"},"geometry":{"type":"MultiPolygon","coordinates":[[[[25.1106,41.0053],[25.112,41.0051],[25.1118,41.0043],[25.1106,41.0053]]],[[[25.0465,41.1355],[25.0597,41.1178],[25.0586,41.1089],[25.0783,41.0916],[25.0968,41.0885],[25.1055,41.0821],[25.1197,41.0458],[25.1555,41.0145],[25.158,41.002],[25.1396,40.9907],[25.1242,41.0024],[25.1109,41.0059],[25.0693,41.005],[25.0004,40.9607],[24.9955,40.9439],[24.987,40.9357],[24.9885,40.9304],[24.9752,40.9288],[24.9661,40.9337],[24.9234,40.9289],[24.9103,40.9389],[24.9112,40.9528],[24.8956,40.9701],[24.8961,40.9772],[24.8867,40.9881],[24.9057,40.9993],[24.902,41.0029],[24.905,41.0116],[24.9125,41.0178],[24.9001,41.0319],[24.8709,41.0253],[24.8775,41.0329],[24.8787,41.0421],[24.8738,41.0536],[24.8765,41.068],[24.8718,41.0769],[24.8834,41.1048],[24.8912,41.1078],[24.8949,41.1153],[24.9062,41.1177],[24.9053,41.1233],[24.929,41.1239],[24.9441,41.119],[24.9558,41.1263],[24.9609,41.1141],[24.9714,41.1108],[24.9656,41.1221],[24.9695,41.1275],[24.9684,41.1461],[24.9755,41.1515],[25.0029,41.1552],[25.0056,41.1619],[25.0357,41.1597],[25.0497,41.1495],[25.0465,41.1355]]]]}},{"type":"Feature","properties":{"code":"9293","name":"Αντιπάρου","pe":"Π.Ε. Πάρου"},"geometry":{"type":"MultiPolygon","coordinates":[[[[25.0713,36.938],[25.0712,36.9382],[25.0715,36.9382],[25.0713,36.938]]],[[[25.0667,36.9414],[25.0664,36.9412],[25.0664,36.9415],[25.0667,36.9414]]],[[[24.9701,36.9541],[24.9667,36.9439],[24.9557,36.9424],[24.9546,36.9482],[24.964,36.9577],[24.9701,36.9541]]],[[[25.072,36.9528],[25.0726,36.9531],[25.0726,36.9528],[25.072,36.9528]]],[[[24.9692,36.9574],[24.9693,36.9572],[24.969,36.9574],[24.9692,36.9574]]],[[[25.0005,36.9677],[25.0156,36.9735],[25.0207,36.9682],[25.0337,36.963],[25.0172,36.9535],[25.0089,36.9573],[25.007,36.9529],[25.0005,36.9546],[24.992,36.9486],[24.9757,36.9619],[24.9834,36.9652],[24.9881,36.9752],[25.0005,36.9677]]],[[[25.0222,36.9683],[25.0233,36.9679],[25.023,36.9675],[25.0222,36.9683]]],[[[24.9861,36.9747],[24.9847,36.975],[24.9856,36.9753],[24.9861,36.9747]]],[[[25.0175,36.974],[25.0167,36.9762],[25.0204,36.9761],[25.0175,36.974]]],[[[24.9846,36.9754],[24.9841,36.9753],[24.9845,36.9758],[24.9846,36.9754]]],[[[25.0708,36.9797],[25.0705,36.9798],[25.0707,36.9801],[25.0708,36.9797]]],[[[25.0147,36.9839],[25.0148,36.9836],[25.0145,36.9838],[25.0147,36.9839]]],[[[25.0856,37.0443],[25.0852,37.0375],[25.0792,37.0326],[25.0738,36.983],[25.0596,36.9706],[25.0681,36.9602],[25.0654,36.9561],[25.0705,36.9559],[25.0712,36.9465],[25.0758,36.9463],[25.0708,36.9384],[25.062,36.9508],[25.0488,36.9562],[25.0427,36.9709],[25.0247,36.9739],[25.0156,36.9837],[25.0254,36.9851],[25.0214,37.0005],[25.0261,37.0037],[25.021,37.0032],[25.0234,37.0069],[25.0198,37.01],[25.0363,37.0211],[25.0464,37.021],[25.0532,37.0375],[25.0696,37.0434],[25.0753,37.0415],[25.0736,37.0485],[25.0907,37.0481],[25.0902,37.0427],[25.0856,37.0443]]],[[[25.0762,36.9529],[25.0761,36.9521],[25.0752,36.9522],[25.0762,36.9529]]],[[[25.113,36.9739],[25.124,36.9697],[25.1167,36.967],[25.113,36.9739]]],[[[25.1173,36.9769],[25.1174,36.9754],[25.115,36.9749],[25.1144,36.9781],[25.1173,36.9769]]],[[[25.107,36.9766],[25.1075,36.9815],[25.1127,36.9788],[25.107,36.9766]]],[[[25.1012,36.9891],[25.1019,36.9891],[25.1018,36.9878],[25.1012,36.9891]]],[[[25.0985,36.9924],[25.0978,36.9924],[25.098,36.9932],[25.0985,36.9924]]],[[[25.0985,36.9955],[25.0987,36.9938],[25.0962,36.995],[25.0985,36.9955]]],[[[25.0969,37.0447],[25.0969,37.0426],[25.0947,37.0435],[25.0969,37.0447]]],[[[25.0963,37.0486],[25.0963,37.0478],[25.0956,37.0481],[25.0963,37.0486]]],[[[25.0924,37.0522],[25.0921,37.0534],[25.0927,37.0537],[25.0924,37.0522]]],[[[25.0885,37.0507],[25.0809,37.0521],[25.0772,37.0584],[25.0821,37.0598],[25.0885,37.0507]]],[[[25.0843,37.0583],[25.0834,37.0633],[25.0911,37.0646],[25.0843,37.0583]]],[[[25.0948,37.0758],[25.0942,37.0763],[25.0944,37.0768],[25.0948,37.0758]]]]}},{"type":"Feature","properties":{"code":"9294","name":"Πάρου","pe":"Π.Ε. Πάρου"},"geometry":{"type":"MultiPolygon","coordinates":[[[[25.2357,36.9914],[25.2438,36.9957],[25.2445,36.9905],[25.2357,36.9914]]],[[[25.2581,37.0035],[25.2574,37.003],[25.2569,37.0074],[25.2581,37.0035]]],[[[25.2579,37.0124],[25.2576,37.0128],[25.2579,37.0129],[25.2579,37.0124]]],[[[25.1801,36.9746],[25.1604,36.9792],[25.1572,36.9852],[25.1429,36.9841],[25.1316,36.9982],[25.1171,36.9919],[25.1157,37.0009],[25.0981,37.017],[25.0984,37.0345],[25.1084,37.0433],[25.1075,37.0638],[25.1554,37.0884],[25.1533,37.0951],[25.1476,37.0914],[25.1405,37.0973],[25.1324,37.0906],[25.1306,37.0949],[25.1665,37.1269],[25.1698,37.1257],[25.1984,37.1348],[25.205,37.1437],[25.2119,37.1411],[25.2223,37.1442],[25.2192,37.1501],[25.2256,37.1556],[25.2373,37.1449],[25.2336,37.1413],[25.2256,37.1466],[25.2217,37.1318],[25.2119,37.1278],[25.2144,37.124],[25.2257,37.1195],[25.241,37.1278],[25.2466,37.1252],[25.2488,37.1268],[25.2477,37.1288],[25.2635,37.124],[25.2674,37.1286],[25.2618,37.1321],[25.266,37.1337],[25.2685,37.13],[25.2704,37.137],[25.2671,37.1408],[25.2574,37.1395],[25.2592,37.1493],[25.2644,37.1516],[25.2684,37.1451],[25.2812,37.1518],[25.2891,37.1423],[25.294,37.1436],[25.2936,37.1399],[25.2777,37.1325],[25.2797,37.1266],[25.2858,37.1257],[25.2711,37.1132],[25.2645,37.0985],[25.269,37.0934],[25.2557,37.08],[25.2621,37.07],[25.2705,37.0688],[25.278,37.061],[25.2654,37.0578],[25.2665,37.051],[25.2771,37.0496],[25.2689,37.0476],[25.2546,37.0329],[25.2504,37.0238],[25.2521,37.0171],[25.2457,37.0092],[25.2352,37.0095],[25.2236,37.0015],[25.2197,36.9904],[25.2095,36.9935],[25.1801,36.9746]]],[[[25.129,37.0791],[25.129,37.0796],[25.1296,37.0796],[25.129,37.0791]]],[[[25.2471,37.127],[25.2472,37.1268],[25.2466,37.1269],[25.2471,37.127]]],[[[25.2242,37.1301],[25.2243,37.1309],[25.2254,37.1307],[25.2242,37.1301]]],[[[25.2469,37.1316],[25.2465,37.1306],[25.2459,37.1313],[25.2469,37.1316]]],[[[25.187,37.1318],[25.1867,37.1315],[25.1867,37.1318],[25.187,37.1318]]],[[[25.2283,37.1322],[25.2272,37.1312],[25.2275,37.1319],[25.2283,37.1322]]],[[[25.1872,37.1319],[25.187,37.1321],[25.1874,37.1322],[25.1872,37.1319]]],[[[25.2545,37.1332],[25.2549,37.1332],[25.2548,37.1326],[25.2545,37.1332]]],[[[25.2553,37.1333],[25.2548,37.1334],[25.255,37.1338],[25.2553,37.1333]]],[[[25.2658,37.0878],[25.2654,37.088],[25.2658,37.0881],[25.2658,37.0878]]],[[[25.2668,37.1023],[25.2675,37.1024],[25.2672,37.1021],[25.2668,37.1023]]],[[[25.2683,37.1023],[25.268,37.1024],[25.2681,37.1026],[25.2683,37.1023]]],[[[25.2896,37.1273],[25.2935,37.1264],[25.2928,37.1244],[25.2881,37.1237],[25.2896,37.1273]]],[[[25.286,37.1259],[25.2866,37.1259],[25.286,37.1257],[25.286,37.1259]]],[[[25.2901,37.1278],[25.2904,37.1276],[25.2901,37.1275],[25.2901,37.1278]]],[[[25.2894,37.1495],[25.2894,37.1498],[25.2897,37.1494],[25.2894,37.1495]]],[[[25.2898,37.152],[25.2906,37.1532],[25.2906,37.1512],[25.2898,37.152]]],[[[25.2639,37.1523],[25.264,37.152],[25.2636,37.1522],[25.2639,37.1523]]],[[[25.2961,37.1545],[25.2993,37.1533],[25.2969,37.1502],[25.2961,37.1545]]],[[[25.2672,37.1591],[25.271,37.16],[25.2686,37.155],[25.2672,37.1591]]],[[[25.283,37.1617],[25.2814,37.1608],[25.2816,37.1617],[25.283,37.1617]]],[[[25.2786,37.1617],[25.2789,37.1614],[25.2781,37.1615],[25.2786,37.1617]]]]}},{"type":"Feature","properties":{"code":"9043","name":"Έδεσσας","pe":"Π.Ε. Πέλλας"},"geometry":{"type":"Polygon","coordinates":[[[22.0791,40.7343],[22.0617,40.7335],[22.056,40.726],[22.072,40.7175],[22.0732,40.7098],[22.0078,40.699],[21.9876,40.6892],[21.9658,40.6937],[21.9533,40.687],[21.9465,40.6761],[21.9377,40.6827],[21.9204,40.6859],[21.9064,40.6813],[21.8787,40.6867],[21.8581,40.6958],[21.8464,40.7081],[21.8392,40.7054],[21.8346,40.6964],[21.8204,40.6968],[21.8136,40.704],[21.8116,40.7252],[21.7802,40.7429],[21.7952,40.7727],[21.7721,40.7793],[21.7492,40.774],[21.7328,40.7843],[21.7423,40.7952],[21.7358,40.8056],[21.7417,40.8177],[21.7136,40.8471],[21.7042,40.8635],[21.7156,40.8697],[21.7309,40.8684],[21.7336,40.8659],[21.7295,40.8585],[21.7342,40.8541],[21.7436,40.862],[21.7736,40.8675],[21.8022,40.8792],[21.8072,40.8874],[21.8305,40.8987],[21.8478,40.8918],[21.8571,40.8953],[21.8648,40.9045],[21.8911,40.8745],[21.9127,40.8866],[21.9184,40.8957],[21.9266,40.893],[21.9499,40.9031],[21.9718,40.9032],[21.9958,40.91],[21.9991,40.8999],[22.0291,40.9002],[22.0533,40.8745],[22.0715,40.8728],[22.0871,40.8638],[22.0954,40.8472],[22.1004,40.846],[22.0991,40.839],[22.1256,40.8197],[22.1261,40.811],[22.1366,40.8052],[22.1277,40.7989],[22.1216,40.7867],[22.125,40.7837],[22.1335,40.7899],[22.1379,40.7794],[22.1135,40.7815],[22.0937,40.7677],[22.0841,40.7682],[22.0969,40.7509],[22.0897,40.7285],[22.0791,40.7343]]]}},{"type":"Feature","properties":{"code":"9042","name":"Αλμωπίας","pe":"Π.Ε. Πέλλας"},"geometry":{"type":"Polygon","coordinates":[[[21.8283,40.9054],[21.8066,40.9078],[21.7967,40.9258],[21.7886,40.9313],[21.7909,40.9368],[21.8044,40.9444],[21.8008,40.9746],[21.8156,40.9859],[21.8458,40.9963],[21.8542,41.0144],[21.8838,41.0278],[21.8823,41.0412],[21.8971,41.0391],[21.9142,41.0504],[21.904,41.0692],[21.9107,41.0818],[21.9102,41.0921],[21.9512,41.1108],[21.9733,41.1294],[21.9911,41.1259],[22.0297,41.1332],[22.047,41.1477],[22.0586,41.1499],[22.0625,41.1607],[22.0799,41.1518],[22.0786,41.1449],[22.0876,41.138],[22.1116,41.1341],[22.1284,41.1234],[22.1487,41.1283],[22.1707,41.1567],[22.2051,41.1614],[22.2145,41.17],[22.2367,41.1628],[22.2614,41.1659],[22.2728,41.1625],[22.2756,41.155],[22.3054,41.1457],[22.3237,41.1515],[22.3209,41.1451],[22.3334,41.112],[22.3274,41.0928],[22.3309,41.0853],[22.3182,41.0623],[22.33,41.0467],[22.3175,41.0324],[22.3083,41.0292],[22.3066,41.0162],[22.2651,41.0171],[22.2504,41.0073],[22.2514,40.9891],[22.2592,40.984],[22.2572,40.9642],[22.2612,40.9579],[22.2681,40.9568],[22.2648,40.9457],[22.2754,40.9153],[22.2571,40.9125],[22.2419,40.9031],[22.217,40.9001],[22.2159,40.9061],[22.1801,40.9202],[22.1443,40.9163],[22.1406,40.9235],[22.119,40.9146],[22.1169,40.9071],[22.1239,40.8954],[22.1284,40.8955],[22.1269,40.8878],[22.1361,40.876],[22.1437,40.8765],[22.148,40.8692],[22.149,40.8634],[22.1441,40.8573],[22.1536,40.8549],[22.1404,40.8504],[22.1321,40.8584],[22.1313,40.8685],[22.1019,40.8919],[22.0957,40.8796],[22.08,40.8674],[22.0698,40.8733],[22.0533,40.8745],[22.0291,40.9002],[21.9991,40.8999],[21.9958,40.91],[21.9763,40.9039],[21.9406,40.901],[21.925,40.8927],[21.9184,40.8957],[21.9127,40.8866],[21.8911,40.8745],[21.8648,40.9045],[21.8571,40.8953],[21.8478,40.8918],[21.8305,40.8987],[21.8283,40.9054]]]}},{"type":"Feature","properties":{"code":"9044","name":"Πέλλας","pe":"Π.Ε. Πέλλας"},"geometry":{"type":"Polygon","coordinates":[[[22.2837,40.9707],[22.3477,40.9525],[22.3575,40.942],[22.365,40.9055],[22.4258,40.8703],[22.435,40.857],[22.4499,40.8574],[22.4467,40.8654],[22.4641,40.8823],[22.4715,40.8829],[22.4781,40.8758],[22.4828,40.8809],[22.5071,40.8669],[22.5337,40.8669],[22.6197,40.8393],[22.6397,40.8404],[22.6449,40.8157],[22.6144,40.8166],[22.6035,40.806],[22.5884,40.8061],[22.5768,40.8122],[22.5638,40.8298],[22.5507,40.8353],[22.5507,40.8406],[22.539,40.8429],[22.5374,40.8398],[22.5672,40.8081],[22.5589,40.8028],[22.5483,40.8114],[22.5444,40.8097],[22.5499,40.8057],[22.5413,40.8006],[22.5152,40.8046],[22.51,40.8164],[22.5014,40.817],[22.4946,40.7985],[22.5049,40.802],[22.5211,40.7915],[22.534,40.79],[22.5526,40.7524],[22.5636,40.7493],[22.5703,40.7416],[22.5623,40.7255],[22.538,40.7324],[22.5154,40.7301],[22.5121,40.7199],[22.4928,40.7113],[22.4835,40.7192],[22.465,40.71],[22.4624,40.6976],[22.4317,40.6812],[22.397,40.6877],[22.3873,40.7127],[22.3588,40.6782],[22.3372,40.6668],[22.3164,40.6412],[22.3082,40.6407],[22.2674,40.6652],[22.2515,40.6893],[22.2417,40.6936],[22.2309,40.6903],[22.2237,40.6995],[22.208,40.7001],[22.1974,40.7131],[22.2064,40.7223],[22.2242,40.7219],[22.2257,40.7449],[22.2481,40.7684],[22.2387,40.7761],[22.247,40.7788],[22.2533,40.7736],[22.2559,40.782],[22.2507,40.7927],[22.2515,40.8122],[22.2207,40.8101],[22.2178,40.8255],[22.232,40.8275],[22.2419,40.8356],[22.2325,40.847],[22.2358,40.8601],[22.2301,40.8751],[22.2227,40.8813],[22.2231,40.8906],[22.2136,40.8959],[22.217,40.9001],[22.2419,40.9031],[22.2571,40.9125],[22.2754,40.9153],[22.2648,40.9457],[22.2681,40.9568],[22.2837,40.9707]]]}},{"type":"Feature","properties":{"code":"9045","name":"Σκύδρας","pe":"Π.Ε. Πέλλας"},"geometry":{"type":"Polygon","coordinates":[[[22.1697,40.6972],[22.1442,40.7074],[22.1172,40.7075],[22.1113,40.7163],[22.0914,40.7285],[22.0921,40.744],[22.0969,40.7509],[22.0841,40.7682],[22.0937,40.7677],[22.1135,40.7815],[22.1379,40.7794],[22.1335,40.7899],[22.125,40.7837],[22.1216,40.7867],[22.1277,40.7989],[22.1366,40.8052],[22.1261,40.811],[22.1256,40.8197],[22.1001,40.8378],[22.1004,40.846],[22.0954,40.8472],[22.0871,40.8638],[22.0791,40.8673],[22.0756,40.87],[22.08,40.8674],[22.0938,40.8777],[22.1019,40.8919],[22.1313,40.8685],[22.1321,40.8584],[22.1404,40.8504],[22.1536,40.8549],[22.1441,40.8573],[22.149,40.8634],[22.148,40.8692],[22.1442,40.8761],[22.1361,40.876],[22.1284,40.8857],[22.1284,40.8955],[22.1239,40.8954],[22.1157,40.9126],[22.1406,40.9235],[22.1443,40.9163],[22.1801,40.9202],[22.2171,40.9054],[22.2136,40.8959],[22.2231,40.8906],[22.2227,40.8813],[22.2301,40.8751],[22.2358,40.8601],[22.2325,40.847],[22.2419,40.8356],[22.232,40.8275],[22.2178,40.8255],[22.2207,40.8101],[22.2515,40.8122],[22.2507,40.7927],[22.2559,40.782],[22.2533,40.7736],[22.247,40.7788],[22.2387,40.7761],[22.2481,40.7684],[22.2257,40.7449],[22.2242,40.7219],[22.2073,40.7226],[22.1979,40.7144],[22.2055,40.7014],[22.1697,40.6972]]]}},{"type":"Feature","properties":{"code":"9205","name":"Πειραιώς","pe":"Π.Ε. Πειραιώς"},"geometry":{"type":"MultiPolygon","coordinates":[[[[23.6573,37.9339],[23.6574,37.9346],[23.6581,37.9343],[23.6573,37.9339]]],[[[23.6632,37.9432],[23.6593,37.9348],[23.6533,37.9357],[23.6512,37.9328],[23.6473,37.9383],[23.6467,37.9322],[23.6529,37.9321],[23.6397,37.9266],[23.6308,37.9269],[23.6282,37.933],[23.6226,37.9336],[23.6221,37.9339],[23.6209,37.9366],[23.6239,37.9337],[23.6301,37.9395],[23.6378,37.9373],[23.6434,37.9434],[23.6382,37.9445],[23.6416,37.9485],[23.6366,37.9484],[23.6364,37.9451],[23.6333,37.9416],[23.6307,37.9414],[23.6358,37.9492],[23.6273,37.9527],[23.6288,37.9636],[23.6477,37.9614],[23.6573,37.9652],[23.6572,37.9612],[23.6686,37.9563],[23.6685,37.9528],[23.6739,37.9548],[23.6706,37.9444],[23.6632,37.9432]]]]}},{"type":"Feature","properties":{"code":"9202","name":"Κερατσινίου - Δραπετσώνας","pe":"Π.Ε. Πειραιώς"},"geometry":{"type":"MultiPolygon","coordinates":[[[[23.5922,37.9447],[23.5958,37.9437],[23.5809,37.9367],[23.5922,37.9447]]],[[[23.5937,37.945],[23.5943,37.9451],[23.5942,37.9447],[23.5937,37.945]]],[[[23.6215,37.9391],[23.6128,37.9458],[23.6157,37.9486],[23.6007,37.9489],[23.6103,37.9528],[23.6037,37.9564],[23.6132,37.9569],[23.6081,37.9597],[23.6106,37.9609],[23.6028,37.9587],[23.6081,37.9642],[23.602,37.9715],[23.6122,37.9794],[23.6067,37.9927],[23.6099,37.9942],[23.6316,37.9774],[23.6326,37.9641],[23.6288,37.9636],[23.6273,37.9527],[23.6352,37.951],[23.6359,37.9461],[23.6215,37.9391]]]]}},{"type":"Feature","properties":{"code":"9206","name":"Περάματος","pe":"Π.Ε. Πειραιώς"},"geometry":{"type":"MultiPolygon","coordinates":[[[[23.573,37.935],[23.5715,37.9348],[23.5715,37.9355],[23.573,37.935]]],[[[23.5977,37.9568],[23.5938,37.9611],[23.5555,37.9604],[23.5568,37.9643],[23.5518,37.9632],[23.5562,37.9651],[23.5518,37.98],[23.569,37.9881],[23.5707,37.9938],[23.5932,37.9893],[23.6067,37.9927],[23.6122,37.9794],[23.602,37.9715],[23.6078,37.966],[23.5977,37.9568]]],[[[23.5601,37.9886],[23.5604,37.9883],[23.5592,37.9883],[23.5601,37.9886]]]]}},{"type":"Feature","properties":{"code":"9204","name":"Νίκαιας - Αγίου Ι. Ρέντη","pe":"Π.Ε. Πειραιώς"},"geometry":{"type":"Polygon","coordinates":[[[23.6223,37.9956],[23.6416,37.9842],[23.6474,37.9705],[23.6574,37.9727],[23.6644,37.9837],[23.6695,37.9799],[23.6676,37.9764],[23.6855,37.9763],[23.6869,37.9641],[23.6915,37.9624],[23.6685,37.9528],[23.6686,37.9563],[23.6572,37.9612],[23.6573,37.9652],[23.6477,37.9614],[23.6327,37.9633],[23.6316,37.9774],[23.6112,37.9947],[23.6223,37.9956]]]}},{"type":"Feature","properties":{"code":"9203","name":"Κορυδαλλού","pe":"Π.Ε. Πειραιώς"},"geometry":{"type":"Polygon","coordinates":[[[23.6439,37.9985],[23.645,37.9937],[23.6639,37.98],[23.6574,37.9727],[23.6474,37.9705],[23.6416,37.9842],[23.6247,37.9942],[23.6439,37.9985]]]}},{"type":"Feature","properties":{"code":"9046","name":"Δίου - Ολύμπου","pe":"Π.Ε. Πιερίας"},"geometry":{"type":"Polygon","coordinates":[[[22.5557,40.1714],[22.5479,40.1461],[22.5598,40.1104],[22.5687,40.0973],[22.5704,40.0571],[22.5875,40.0368],[22.5948,40.0119],[22.6362,39.9851],[22.6704,39.9705],[22.6785,39.9587],[22.669,39.9471],[22.6617,39.9467],[22.6541,39.9637],[22.6246,39.9721],[22.5991,39.9555],[22.5461,39.9525],[22.531,39.9469],[22.5142,39.9591],[22.5078,39.957],[22.4978,39.9691],[22.4983,39.9907],[22.487,39.9964],[22.4959,40.0072],[22.4898,40.0126],[22.4824,40.0113],[22.4627,40.0185],[22.4407,40.0294],[22.4305,40.0407],[22.41,40.0351],[22.3985,40.0496],[22.3789,40.0391],[22.3748,40.0497],[22.362,40.0546],[22.3644,40.0607],[22.361,40.065],[22.3461,40.0687],[22.3489,40.0813],[22.3572,40.0831],[22.358,40.0924],[22.3638,40.0973],[22.3677,40.1143],[22.3656,40.1233],[22.3717,40.1353],[22.3706,40.1401],[22.3556,40.1395],[22.3473,40.1287],[22.3445,40.1395],[22.3535,40.151],[22.3575,40.1689],[22.3653,40.1804],[22.3553,40.1937],[22.3669,40.2181],[22.3557,40.229],[22.3742,40.2338],[22.4009,40.23],[22.4049,40.2378],[22.4191,40.2358],[22.4375,40.2456],[22.4396,40.258],[22.4636,40.2495],[22.4741,40.2502],[22.4856,40.2422],[22.4918,40.2467],[22.5091,40.2447],[22.5602,40.2174],[22.576,40.2163],[22.5846,40.2048],[22.5557,40.1714]]]}},{"type":"Feature","properties":{"code":"9047","name":"Κατερίνης","pe":"Π.Ε. Πιερίας"},"geometry":{"type":"Polygon","coordinates":[[[22.3409,40.1681],[22.3258,40.1737],[22.3196,40.1823],[22.3003,40.1733],[22.2887,40.1744],[22.2679,40.1586],[22.2631,40.1399],[22.2456,40.1219],[22.2425,40.1123],[22.2153,40.1019],[22.217,40.111],[22.2064,40.1289],[22.2102,40.1492],[22.1936,40.1469],[22.1901,40.1542],[22.2007,40.1695],[22.222,40.1764],[22.2105,40.19],[22.1836,40.1966],[22.1475,40.1896],[22.1152,40.19],[22.1034,40.1999],[22.1138,40.2109],[22.1683,40.234],[22.1822,40.2662],[22.1818,40.2742],[22.1952,40.2862],[22.1953,40.2927],[22.1842,40.3019],[22.2053,40.3039],[22.2107,40.32],[22.2281,40.3418],[22.25,40.3401],[22.2719,40.3488],[22.2765,40.3565],[22.2867,40.3582],[22.2954,40.3356],[22.2973,40.3542],[22.2887,40.3617],[22.311,40.3757],[22.3146,40.3827],[22.3711,40.3763],[22.3848,40.3913],[22.4414,40.3615],[22.4462,40.3694],[22.4467,40.3821],[22.4359,40.3936],[22.4358,40.3991],[22.4732,40.4],[22.4886,40.3924],[22.4906,40.404],[22.5068,40.3967],[22.5262,40.3949],[22.5335,40.3829],[22.5296,40.377],[22.5447,40.3662],[22.5589,40.3649],[22.5766,40.3543],[22.5791,40.3449],[22.5863,40.3407],[22.5962,40.3387],[22.6159,40.3458],[22.6433,40.3359],[22.6207,40.3072],[22.5993,40.2692],[22.5862,40.2298],[22.5928,40.2088],[22.5846,40.2048],[22.5741,40.2174],[22.5602,40.2174],[22.5091,40.2447],[22.4918,40.2467],[22.4856,40.2422],[22.4741,40.2502],[22.4636,40.2495],[22.4396,40.258],[22.4375,40.2456],[22.4191,40.2358],[22.4049,40.2378],[22.4009,40.23],[22.3742,40.2338],[22.3557,40.229],[22.3671,40.2166],[22.3592,40.2076],[22.3553,40.1937],[22.3653,40.1804],[22.3531,40.1566],[22.3409,40.1681]]]}},{"type":"Feature","properties":{"code":"9048","name":"Πύδνας - Κολινδρού","pe":"Π.Ε. Πιερίας"},"geometry":{"type":"MultiPolygon","coordinates":[[[[22.3317,40.3992],[22.347,40.4037],[22.3502,40.4118],[22.3754,40.4195],[22.379,40.4278],[22.3933,40.4398],[22.3921,40.4431],[22.3954,40.4425],[22.3985,40.4515],[22.4168,40.4549],[22.4238,40.4709],[22.4323,40.4774],[22.4207,40.4893],[22.4374,40.5083],[22.4321,40.5253],[22.4383,40.5302],[22.476,40.5237],[22.4899,40.5278],[22.5169,40.5497],[22.5456,40.5408],[22.5657,40.5405],[22.5708,40.5459],[22.5994,40.5373],[22.6292,40.4939],[22.6753,40.4873],[22.655,40.4845],[22.6565,40.4806],[22.6509,40.4804],[22.6622,40.4695],[22.6459,40.4763],[22.6444,40.4751],[22.6463,40.4694],[22.6379,40.475],[22.6293,40.4708],[22.6256,40.4731],[22.6299,40.4719],[22.63,40.4742],[22.6208,40.4783],[22.6269,40.4792],[22.6263,40.4801],[22.6205,40.4811],[22.6139,40.4711],[22.6006,40.4759],[22.5857,40.4637],[22.5872,40.4562],[22.6072,40.4407],[22.6057,40.4252],[22.6113,40.4174],[22.6119,40.4052],[22.6186,40.3987],[22.62,40.3868],[22.629,40.3804],[22.6246,40.3768],[22.6612,40.3663],[22.6611,40.3557],[22.6433,40.3359],[22.6159,40.3458],[22.5962,40.3387],[22.5863,40.3407],[22.5791,40.3449],[22.5766,40.3543],[22.5589,40.3649],[22.5447,40.3662],[22.5296,40.377],[22.5335,40.3829],[22.5262,40.3949],[22.5068,40.3967],[22.4906,40.404],[22.4886,40.3924],[22.4732,40.4],[22.4358,40.3991],[22.4359,40.3936],[22.4467,40.3821],[22.4462,40.3694],[22.4414,40.3615],[22.3848,40.3913],[22.3711,40.3763],[22.3219,40.3802],[22.3156,40.3847],[22.3317,40.3992]]],[[[22.6622,40.4686],[22.6636,40.4678],[22.6628,40.4669],[22.6622,40.4686]]],[[[22.6552,40.466],[22.6526,40.4727],[22.6557,40.4718],[22.6589,40.4683],[22.6552,40.466]]],[[[22.6466,40.4696],[22.6451,40.4755],[22.6534,40.4682],[22.6466,40.4696]]]]}},{"type":"Feature","properties":{"code":"9089","name":"Πάργας","pe":"Π.Ε. Πρέβεζας"},"geometry":{"type":"MultiPolygon","coordinates":[[[[20.5116,39.2007],[20.5113,39.2007],[20.5113,39.201],[20.5116,39.2007]]],[[[20.5105,39.2011],[20.5105,39.2007],[20.5102,39.2009],[20.5105,39.2011]]],[[[20.5125,39.2007],[20.5121,39.201],[20.5125,39.201],[20.5125,39.2007]]],[[[20.5074,39.2025],[20.5071,39.2025],[20.5071,39.2028],[20.5074,39.2025]]],[[[20.5053,39.2042],[20.5049,39.2044],[20.5054,39.2045],[20.5053,39.2042]]],[[[20.5055,39.2059],[20.5008,39.2045],[20.5013,39.2077],[20.4931,39.2112],[20.4884,39.207],[20.4827,39.211],[20.4862,39.2156],[20.4748,39.2177],[20.4783,39.2253],[20.4741,39.2334],[20.4807,39.2384],[20.4777,39.241],[20.4734,39.2375],[20.4719,39.2422],[20.4775,39.2483],[20.4701,39.2628],[20.4778,39.2748],[20.483,39.2799],[20.5108,39.2874],[20.5236,39.3043],[20.5315,39.2961],[20.5468,39.2914],[20.551,39.2938],[20.5445,39.3084],[20.554,39.3145],[20.5651,39.3139],[20.5803,39.3026],[20.5944,39.3087],[20.6099,39.3276],[20.6273,39.3269],[20.6405,39.3334],[20.6341,39.2957],[20.6459,39.296],[20.6551,39.2856],[20.6612,39.2609],[20.6624,39.2357],[20.6587,39.2216],[20.682,39.2091],[20.6812,39.2027],[20.6918,39.2018],[20.6938,39.1736],[20.6978,39.1715],[20.6802,39.1714],[20.6698,39.178],[20.6505,39.1804],[20.6403,39.1854],[20.6344,39.194],[20.6163,39.1924],[20.6189,39.1813],[20.6157,39.1807],[20.6086,39.1814],[20.5859,39.1969],[20.5848,39.1862],[20.5791,39.1807],[20.5637,39.1844],[20.5481,39.1754],[20.5384,39.1844],[20.5055,39.2059]]],[[[20.4015,39.2816],[20.4005,39.2808],[20.401,39.2821],[20.4015,39.2816]]],[[[20.4397,39.2821],[20.433,39.2796],[20.4335,39.2735],[20.4184,39.2741],[20.401,39.2821],[20.3938,39.2854],[20.3875,39.2835],[20.3892,39.2795],[20.3866,39.2777],[20.3559,39.2853],[20.3415,39.2835],[20.3346,39.2944],[20.3007,39.3157],[20.3322,39.3458],[20.3612,39.3565],[20.3721,39.3563],[20.3922,39.3409],[20.3942,39.3315],[20.4056,39.3187],[20.4191,39.311],[20.4447,39.3111],[20.4518,39.3025],[20.4465,39.2975],[20.4643,39.2731],[20.4634,39.2699],[20.4397,39.2821]]]]}},{"type":"Feature","properties":{"code":"9090","name":"Πρέβεζας","pe":"Π.Ε. Πρέβεζας"},"geometry":{"type":"MultiPolygon","coordinates":[[[[20.9159,38.9856],[20.915,38.9893],[20.9214,38.9853],[20.9159,38.9856]]],[[[20.9276,38.9891],[20.927,38.9893],[20.9272,38.9898],[20.9276,38.9891]]],[[[20.9213,38.9947],[20.9223,38.9937],[20.9219,38.9936],[20.9213,38.9947]]],[[[20.9251,38.9961],[20.9257,38.9954],[20.9246,38.9955],[20.9251,38.9961]]],[[[20.7564,39.0075],[20.7552,39.0066],[20.7541,39.0121],[20.7564,39.0075]]],[[[20.6301,39.091],[20.6296,39.0909],[20.6299,39.0914],[20.6301,39.091]]],[[[20.6637,39.3025],[20.6763,39.295],[20.6864,39.282],[20.6925,39.2891],[20.6982,39.2876],[20.6951,39.2922],[20.7043,39.3025],[20.6999,39.3059],[20.7058,39.3355],[20.7177,39.3361],[20.7148,39.3408],[20.7513,39.3382],[20.7446,39.3281],[20.7341,39.2775],[20.7135,39.2787],[20.7126,39.2692],[20.7192,39.2397],[20.7307,39.2395],[20.738,39.2301],[20.7449,39.2078],[20.7407,39.1841],[20.7481,39.1889],[20.8051,39.1993],[20.8126,39.1966],[20.8077,39.1916],[20.8114,39.1792],[20.8246,39.1691],[20.8018,39.1592],[20.79,39.1584],[20.8041,39.1419],[20.8084,39.1233],[20.7886,39.1095],[20.7627,39.1011],[20.7621,39.0881],[20.7682,39.0777],[20.7715,39.0523],[20.7795,39.0461],[20.7624,39.0349],[20.7556,39.0134],[20.7544,39.02],[20.7388,39.019],[20.7451,39.0062],[20.7552,39.0066],[20.7565,39.0067],[20.7661,38.9955],[20.7777,38.9957],[20.8098,38.9731],[20.8289,38.9688],[20.831,38.9598],[20.827,38.9567],[20.8199,38.9545],[20.8116,38.9614],[20.8035,38.9597],[20.7873,38.9719],[20.759,38.9715],[20.7537,38.974],[20.7576,38.9744],[20.7586,38.9838],[20.7525,38.9739],[20.7579,38.9699],[20.7573,38.9505],[20.7386,38.9443],[20.7268,38.9495],[20.6999,38.9969],[20.701,39.0022],[20.7113,39.0023],[20.7154,39.0133],[20.7133,39.0327],[20.7056,39.0475],[20.6577,39.09],[20.6475,39.095],[20.6363,39.0936],[20.6192,39.1098],[20.6054,39.1151],[20.5783,39.1372],[20.5481,39.1754],[20.5637,39.1844],[20.5791,39.1807],[20.5848,39.1862],[20.5859,39.1969],[20.6097,39.1808],[20.6189,39.1813],[20.617,39.1929],[20.6344,39.194],[20.6403,39.1854],[20.6505,39.1804],[20.6698,39.178],[20.6802,39.1714],[20.6978,39.1715],[20.6938,39.1736],[20.6918,39.2018],[20.6812,39.2027],[20.682,39.2091],[20.6587,39.2216],[20.6624,39.2357],[20.6612,39.2609],[20.6551,39.2856],[20.6459,39.296],[20.6341,39.2957],[20.6405,39.3334],[20.6637,39.3025]]]]}},{"type":"Feature","properties":{"code":"9088","name":"Ζηρού","pe":"Π.Ε. Πρέβεζας"},"geometry":{"type":"Polygon","coordinates":[[[20.7218,39.3473],[20.7218,39.354],[20.7276,39.3549],[20.7356,39.3757],[20.7421,39.3811],[20.7658,39.3708],[20.7735,39.3748],[20.7891,39.3736],[20.8014,39.3601],[20.8029,39.3513],[20.814,39.347],[20.8414,39.3525],[20.8498,39.3634],[20.8641,39.3692],[20.8824,39.3659],[20.9098,39.3773],[20.9108,39.394],[20.9379,39.3947],[20.9408,39.3849],[20.9767,39.4068],[20.9924,39.3933],[20.9709,39.3593],[20.971,39.3464],[20.988,39.3487],[20.9905,39.345],[20.9629,39.3187],[20.9556,39.2932],[20.9286,39.2846],[20.9255,39.2717],[20.9072,39.267],[20.9,39.2577],[20.8915,39.2585],[20.8852,39.2517],[20.8801,39.2601],[20.8693,39.2602],[20.8587,39.2479],[20.8749,39.229],[20.8774,39.2167],[20.8989,39.203],[20.9015,39.1908],[20.8985,39.1835],[20.8916,39.1816],[20.8963,39.1766],[20.8923,39.1627],[20.8802,39.1717],[20.8346,39.1301],[20.8216,39.1419],[20.8084,39.1328],[20.8,39.1486],[20.7904,39.1566],[20.8246,39.1691],[20.8086,39.1845],[20.8079,39.1923],[20.8126,39.1966],[20.7991,39.1996],[20.7793,39.1921],[20.7481,39.1889],[20.7407,39.1841],[20.7449,39.2078],[20.738,39.2301],[20.7307,39.2395],[20.7192,39.2397],[20.7126,39.2692],[20.7135,39.2787],[20.7341,39.2775],[20.7446,39.3281],[20.7513,39.3382],[20.7148,39.3408],[20.7218,39.3473]]]}},{"type":"Feature","properties":{"code":"9314","name":"Αγίου Βασιλείου","pe":"Π.Ε. Ρεθύμνου"},"geometry":{"type":"MultiPolygon","coordinates":[[[[24.5863,35.0025],[24.5712,35.0045],[24.5893,35.0095],[24.5946,35.008],[24.5863,35.0025]]],[[[24.596,35.0097],[24.5968,35.014],[24.606,35.0156],[24.6067,35.0091],[24.596,35.0097]]],[[[24.7225,35.0925],[24.6908,35.0981],[24.6894,35.0945],[24.6721,35.0984],[24.6393,35.095],[24.6071,35.1006],[24.5887,35.0973],[24.5714,35.1057],[24.5573,35.101],[24.5587,35.1061],[24.5527,35.1159],[24.5476,35.1155],[24.5204,35.1437],[24.4735,35.1526],[24.4735,35.1548],[24.4725,35.1568],[24.4714,35.1512],[24.4557,35.1501],[24.4213,35.1642],[24.4164,35.1743],[24.3925,35.173],[24.3927,35.1786],[24.4,35.1834],[24.3881,35.1937],[24.3653,35.1925],[24.3521,35.1823],[24.3204,35.189],[24.2875,35.176],[24.2844,35.1916],[24.2921,35.2],[24.2941,35.2155],[24.3085,35.2414],[24.3286,35.2391],[24.3395,35.233],[24.3564,35.2348],[24.3576,35.2448],[24.3685,35.2471],[24.4074,35.2456],[24.4262,35.2591],[24.4452,35.2558],[24.4545,35.2594],[24.4774,35.2524],[24.4944,35.2643],[24.5266,35.2642],[24.5318,35.2718],[24.5505,35.2813],[24.5544,35.2732],[24.5714,35.2724],[24.5531,35.2642],[24.5545,35.2577],[24.5504,35.2519],[24.5553,35.2496],[24.5489,35.2441],[24.5588,35.2394],[24.5602,35.2326],[24.5561,35.2267],[24.5677,35.2134],[24.5772,35.2098],[24.5797,35.1952],[24.6079,35.187],[24.652,35.1638],[24.6907,35.1563],[24.6927,35.141],[24.7039,35.1417],[24.7156,35.127],[24.7117,35.1204],[24.7239,35.1116],[24.7225,35.0925]]]]}},{"type":"Feature","properties":{"code":"9318","name":"Ρεθύμνης","pe":"Π.Ε. Ρεθύμνου"},"geometry":{"type":"Polygon","coordinates":[[[24.2842,35.2401],[24.2702,35.2492],[24.2824,35.2648],[24.3107,35.277],[24.3137,35.2823],[24.3255,35.2842],[24.3315,35.2909],[24.3312,35.3122],[24.3229,35.3256],[24.3174,35.3538],[24.3614,35.3526],[24.3758,35.3625],[24.3904,35.3605],[24.4012,35.3643],[24.4102,35.3607],[24.4204,35.37],[24.4418,35.368],[24.448,35.3709],[24.4568,35.3646],[24.4678,35.3669],[24.4701,35.374],[24.482,35.3669],[24.5511,35.3756],[24.6069,35.3907],[24.6436,35.4134],[24.6495,35.4026],[24.6459,35.3954],[24.6516,35.381],[24.6468,35.3745],[24.6471,35.3604],[24.6551,35.3439],[24.668,35.3436],[24.6706,35.3364],[24.6788,35.3333],[24.7071,35.2701],[24.6834,35.2758],[24.6656,35.2906],[24.6603,35.2829],[24.6513,35.2814],[24.629,35.2854],[24.6239,35.292],[24.6165,35.2899],[24.5777,35.2964],[24.5635,35.2919],[24.5318,35.2718],[24.5266,35.2642],[24.4944,35.2643],[24.4774,35.2524],[24.4545,35.2594],[24.4452,35.2558],[24.4262,35.2591],[24.4028,35.2447],[24.3807,35.2483],[24.3576,35.2448],[24.3551,35.2343],[24.3395,35.233],[24.3112,35.2418],[24.3046,35.2383],[24.2842,35.2401]]]}},{"type":"Feature","properties":{"code":"9317","name":"Μυλοποτάμου","pe":"Π.Ε. Ρεθύμνου"},"geometry":{"type":"MultiPolygon","coordinates":[[[[24.8411,35.2993],[24.8352,35.2839],[24.848,35.2715],[24.8362,35.2673],[24.8345,35.2602],[24.8301,35.2596],[24.8301,35.2449],[24.8192,35.2387],[24.8141,35.2194],[24.796,35.2237],[24.7879,35.2193],[24.766,35.2265],[24.7521,35.247],[24.7562,35.2492],[24.7539,35.2524],[24.7417,35.2606],[24.7307,35.2607],[24.7071,35.2701],[24.6788,35.3333],[24.6706,35.3364],[24.668,35.3436],[24.6551,35.3439],[24.6462,35.3627],[24.6468,35.3745],[24.6516,35.381],[24.6459,35.3954],[24.6495,35.4026],[24.6436,35.4134],[24.6474,35.4121],[24.646,35.4173],[24.6519,35.4202],[24.6927,35.4186],[24.6996,35.4274],[24.7332,35.4259],[24.7398,35.4199],[24.7576,35.4218],[24.7679,35.4168],[24.7828,35.4202],[24.7873,35.4178],[24.7829,35.4111],[24.7877,35.4067],[24.7959,35.4132],[24.7979,35.4097],[24.8173,35.4081],[24.8285,35.4143],[24.8356,35.4063],[24.8527,35.4113],[24.8729,35.4099],[24.8777,35.4149],[24.8751,35.4209],[24.88,35.4227],[24.9054,35.4142],[24.9186,35.4037],[24.9271,35.4091],[24.9266,35.3968],[24.9319,35.3859],[24.9245,35.3725],[24.8981,35.3817],[24.8847,35.3744],[24.8898,35.3648],[24.8905,35.348],[24.9046,35.3296],[24.8906,35.3224],[24.8789,35.3231],[24.8746,35.3165],[24.8628,35.3156],[24.8474,35.3241],[24.8382,35.3232],[24.8324,35.3151],[24.834,35.3053],[24.8411,35.2993]]],[[[24.927,35.4103],[24.928,35.4101],[24.9275,35.4094],[24.927,35.4103]]],[[[24.8262,35.4162],[24.828,35.4146],[24.8256,35.4144],[24.8262,35.4162]]],[[[24.8747,35.4224],[24.8748,35.4226],[24.876,35.4226],[24.8747,35.4224]]]]}},{"type":"Feature","properties":{"code":"9316","name":"Ανωγείων","pe":"Π.Ε. Ρεθύμνου"},"geometry":{"type":"Polygon","coordinates":[[[24.796,35.2237],[24.8141,35.2194],[24.8192,35.2387],[24.8301,35.2449],[24.8301,35.2596],[24.8345,35.2602],[24.8362,35.2673],[24.848,35.2715],[24.8352,35.2839],[24.8411,35.2993],[24.8316,35.3093],[24.837,35.3225],[24.8474,35.3241],[24.8628,35.3156],[24.8729,35.3173],[24.8813,35.3113],[24.8944,35.31],[24.9045,35.3003],[24.9173,35.3017],[24.9246,35.2961],[24.9201,35.2798],[24.9118,35.2685],[24.9226,35.2567],[24.9239,35.2488],[24.9039,35.2246],[24.9044,35.1958],[24.8847,35.1772],[24.8741,35.1745],[24.857,35.1856],[24.8274,35.1802],[24.8247,35.1992],[24.8141,35.2193],[24.796,35.2237]]]}},{"type":"Feature","properties":{"code":"9315","name":"Αμάριου","pe":"Π.Ε. Ρεθύμνου"},"geometry":{"type":"Polygon","coordinates":[[[24.8014,35.1838],[24.7918,35.1704],[24.7897,35.1227],[24.7834,35.12],[24.7697,35.1262],[24.765,35.1203],[24.7208,35.1119],[24.7121,35.1197],[24.7156,35.127],[24.7043,35.1413],[24.6927,35.141],[24.6907,35.1563],[24.652,35.1638],[24.6079,35.187],[24.5797,35.1952],[24.5772,35.2098],[24.5677,35.2134],[24.5561,35.2267],[24.5602,35.2326],[24.5588,35.2394],[24.5489,35.2441],[24.5553,35.2496],[24.5504,35.2519],[24.5545,35.2577],[24.5531,35.2642],[24.5714,35.2724],[24.5544,35.2732],[24.5505,35.2813],[24.5635,35.2919],[24.5777,35.2964],[24.6165,35.2899],[24.6239,35.292],[24.629,35.2854],[24.6513,35.2814],[24.6603,35.2829],[24.6656,35.2906],[24.6855,35.275],[24.7432,35.2599],[24.7558,35.2502],[24.7521,35.247],[24.766,35.2265],[24.7879,35.2193],[24.7949,35.2218],[24.8014,35.1838]]]}},{"type":"Feature","properties":{"code":"9022","name":"Μαρωνείας - Σαπών","pe":"Π.Ε. Ροδόπης"},"geometry":{"type":"Polygon","coordinates":[[[25.8185,41.0236],[25.8244,41.0048],[25.8218,40.9975],[25.775,40.9927],[25.7656,41.0003],[25.7524,40.9959],[25.7482,40.9855],[25.732,40.9796],[25.7173,40.9763],[25.6818,40.9789],[25.6775,40.9726],[25.7007,40.9566],[25.6906,40.9476],[25.6637,40.9572],[25.6516,40.9685],[25.6235,40.9656],[25.619,40.9605],[25.6195,40.9471],[25.6219,40.9206],[25.627,40.912],[25.6254,40.9027],[25.6301,40.8945],[25.6316,40.8625],[25.5909,40.8683],[25.5622,40.8572],[25.5518,40.8591],[25.5096,40.8731],[25.5101,40.8783],[25.5033,40.8826],[25.4546,40.8978],[25.3796,40.9095],[25.3606,40.9354],[25.3143,40.9456],[25.3307,40.9602],[25.3354,40.9718],[25.3384,40.9688],[25.3426,40.9738],[25.3514,40.9691],[25.3584,40.9779],[25.3754,40.984],[25.3992,41.003],[25.4039,41.0138],[25.4209,41.0185],[25.4375,41.0315],[25.4511,41.0287],[25.4652,41.0314],[25.4639,41.0417],[25.4372,41.0527],[25.4323,41.0673],[25.4431,41.0703],[25.4406,41.0847],[25.4483,41.0888],[25.4632,41.0715],[25.4623,41.0556],[25.4782,41.0515],[25.4807,41.0466],[25.4869,41.0505],[25.4882,41.0629],[25.5064,41.0773],[25.5237,41.0704],[25.5377,41.0756],[25.5414,41.0625],[25.5599,41.0598],[25.5602,41.0442],[25.5721,41.0585],[25.579,41.0822],[25.5987,41.0832],[25.6053,41.0913],[25.601,41.0942],[25.6076,41.0979],[25.6288,41.0893],[25.6302,41.0762],[25.6365,41.0764],[25.6382,41.0563],[25.642,41.052],[25.6378,41.0462],[25.6631,41.0461],[25.6872,41.0539],[25.6987,41.0489],[25.6995,41.0638],[25.7131,41.0903],[25.7101,41.0955],[25.7207,41.0956],[25.7284,41.1011],[25.7392,41.1186],[25.734,41.1211],[25.7352,41.1268],[25.7469,41.1329],[25.7587,41.1546],[25.7808,41.1505],[25.8023,41.1581],[25.8401,41.1493],[25.8628,41.1512],[25.8677,41.1436],[25.8985,41.1422],[25.9185,41.1488],[25.9147,41.1359],[25.8721,41.1072],[25.85,41.1069],[25.8282,41.1166],[25.8295,41.1234],[25.8135,41.1198],[25.7894,41.1024],[25.7696,41.103],[25.7522,41.0939],[25.7366,41.0924],[25.7485,41.0835],[25.7366,41.0685],[25.7698,41.0735],[25.8081,41.0463],[25.8412,41.04],[25.8185,41.0236]]]}},{"type":"Feature","properties":{"code":"9021","name":"Κομοτηνής","pe":"Π.Ε. Ροδόπης"},"geometry":{"type":"Polygon","coordinates":[[[25.2943,40.9416],[25.2876,40.9346],[25.2737,40.9335],[25.2654,40.9228],[25.2569,40.924],[25.2589,40.9302],[25.2516,40.9359],[25.2062,40.9407],[25.1739,40.9394],[25.1632,40.9492],[25.1288,40.955],[25.1238,40.9608],[25.1384,40.9793],[25.1396,40.9907],[25.155,40.9987],[25.1709,40.9845],[25.1825,40.9926],[25.1941,40.9903],[25.1997,40.9996],[25.214,41.0039],[25.2149,41.0086],[25.1925,41.0176],[25.1883,41.0237],[25.1735,41.0186],[25.1791,41.0226],[25.1748,41.0268],[25.1925,41.0322],[25.1949,41.0438],[25.2074,41.0562],[25.2168,41.0578],[25.2182,41.0481],[25.2261,41.0559],[25.2558,41.04],[25.265,41.068],[25.2481,41.0722],[25.2449,41.0779],[25.2734,41.0919],[25.2816,41.1035],[25.2678,41.1037],[25.2833,41.1131],[25.2934,41.1273],[25.2988,41.1206],[25.3338,41.1155],[25.3495,41.1209],[25.3457,41.1312],[25.3659,41.1285],[25.3787,41.136],[25.389,41.1329],[25.3929,41.1362],[25.3952,41.1496],[25.4007,41.1518],[25.3991,41.1587],[25.4079,41.1637],[25.3972,41.1797],[25.4015,41.1879],[25.41,41.189],[25.4059,41.2069],[25.3951,41.2097],[25.3878,41.2209],[25.3386,41.2335],[25.3352,41.2412],[25.3418,41.2479],[25.3564,41.2508],[25.3682,41.2603],[25.3859,41.257],[25.4163,41.2662],[25.4289,41.2649],[25.4316,41.275],[25.4693,41.2828],[25.4742,41.2885],[25.5078,41.2864],[25.5251,41.277],[25.5317,41.2783],[25.5453,41.3107],[25.561,41.3189],[25.5748,41.3193],[25.5856,41.3137],[25.5859,41.3073],[25.5785,41.3015],[25.5796,41.2847],[25.5702,41.259],[25.5925,41.2611],[25.6065,41.2494],[25.6131,41.2353],[25.5973,41.2406],[25.5643,41.2279],[25.542,41.225],[25.5106,41.2133],[25.5144,41.2068],[25.5087,41.2053],[25.5052,41.1985],[25.5104,41.1813],[25.5431,41.1719],[25.5394,41.1572],[25.5454,41.136],[25.5351,41.1236],[25.5407,41.1067],[25.5529,41.1089],[25.5443,41.0949],[25.5477,41.0813],[25.5237,41.0704],[25.505,41.077],[25.4882,41.0629],[25.4869,41.0505],[25.4814,41.0465],[25.4782,41.0515],[25.4623,41.0556],[25.4632,41.0715],[25.4508,41.0865],[25.4483,41.0888],[25.4406,41.0847],[25.4431,41.0703],[25.4323,41.0673],[25.4379,41.059],[25.4369,41.0532],[25.4639,41.0417],[25.4652,41.0314],[25.4511,41.0287],[25.4375,41.0315],[25.4209,41.0185],[25.4039,41.0138],[25.3992,41.003],[25.3754,40.984],[25.3584,40.9779],[25.3514,40.9691],[25.3426,40.9738],[25.3384,40.9688],[25.3354,40.9718],[25.3307,40.9602],[25.3143,40.9456],[25.2943,40.9416]]]}},{"type":"Feature","properties":{"code":"9020","name":"Ιάσμου","pe":"Π.Ε. Ροδόπης"},"geometry":{"type":"Polygon","coordinates":[[[25.1582,41.0103],[25.1205,41.0447],[25.1072,41.0802],[25.0968,41.0885],[25.0783,41.0916],[25.0586,41.1089],[25.0597,41.1178],[25.0465,41.1355],[25.0493,41.1518],[25.0542,41.1511],[25.0572,41.1586],[25.0704,41.1614],[25.084,41.1744],[25.0995,41.1809],[25.0949,41.1977],[25.1135,41.2019],[25.1215,41.2087],[25.1124,41.2227],[25.1188,41.2295],[25.1153,41.242],[25.1213,41.25],[25.1373,41.2545],[25.1445,41.2468],[25.1422,41.2386],[25.1483,41.237],[25.1523,41.2297],[25.1663,41.2295],[25.1616,41.2194],[25.165,41.2181],[25.1649,41.2098],[25.1742,41.217],[25.1718,41.2249],[25.1782,41.2375],[25.2233,41.2648],[25.2335,41.2543],[25.2318,41.2473],[25.2381,41.245],[25.2655,41.2447],[25.2874,41.2359],[25.2969,41.2452],[25.3315,41.243],[25.3386,41.2335],[25.3878,41.2209],[25.3951,41.2097],[25.4059,41.2069],[25.41,41.189],[25.4015,41.1879],[25.3972,41.1797],[25.4079,41.1637],[25.3991,41.1587],[25.4007,41.1518],[25.3952,41.1496],[25.3911,41.1342],[25.3787,41.136],[25.3652,41.1284],[25.3457,41.1312],[25.3495,41.1209],[25.3338,41.1155],[25.2988,41.1206],[25.2934,41.1273],[25.2833,41.1131],[25.2678,41.1037],[25.2816,41.1035],[25.2734,41.0919],[25.2449,41.0779],[25.2481,41.0722],[25.265,41.068],[25.2558,41.04],[25.2261,41.0559],[25.2182,41.0481],[25.2168,41.0578],[25.2074,41.0562],[25.1949,41.0438],[25.1925,41.0322],[25.1748,41.0268],[25.1791,41.0226],[25.1735,41.0186],[25.1883,41.0237],[25.1925,41.0176],[25.2149,41.0086],[25.214,41.0039],[25.1997,40.9996],[25.1941,40.9903],[25.1825,40.9926],[25.1709,40.9845],[25.155,40.9987],[25.1582,41.0103]]]}},{"type":"Feature","properties":{"code":"9019","name":"Αρριανών","pe":"Π.Ε. Ροδόπης"},"geometry":{"type":"Polygon","coordinates":[[[25.6232,41.3041],[25.637,41.3117],[25.6581,41.3146],[25.6651,41.3087],[25.6832,41.3069],[25.6998,41.2941],[25.7109,41.2916],[25.7141,41.2938],[25.7118,41.3027],[25.721,41.3186],[25.7441,41.3157],[25.7631,41.3246],[25.7689,41.3204],[25.7807,41.3209],[25.7898,41.3325],[25.8176,41.3375],[25.8217,41.3477],[25.8467,41.3369],[25.853,41.3276],[25.8718,41.3283],[25.8689,41.3126],[25.8833,41.3044],[25.9076,41.3075],[25.9252,41.2806],[25.9199,41.2579],[25.903,41.2294],[25.9126,41.2179],[25.8981,41.2083],[25.8953,41.1998],[25.8981,41.1975],[25.8941,41.1947],[25.9027,41.1757],[25.9226,41.1557],[25.9219,41.1355],[25.9372,41.1213],[25.9636,41.1081],[25.925,41.1046],[25.8988,41.1103],[25.8823,41.1064],[25.8727,41.0737],[25.8588,41.057],[25.8587,41.048],[25.8633,41.0443],[25.8607,41.0398],[25.8461,41.0321],[25.8291,41.0312],[25.8412,41.04],[25.8081,41.0463],[25.7698,41.0735],[25.7386,41.0672],[25.7399,41.0753],[25.7485,41.0835],[25.7366,41.0924],[25.7522,41.0939],[25.7696,41.103],[25.7894,41.1024],[25.8135,41.1198],[25.8295,41.1234],[25.8282,41.1166],[25.85,41.1069],[25.8721,41.1072],[25.9147,41.1359],[25.9185,41.1488],[25.8985,41.1422],[25.8677,41.1436],[25.8628,41.1512],[25.8401,41.1493],[25.8023,41.1581],[25.7808,41.1505],[25.7587,41.1546],[25.7469,41.1329],[25.7352,41.1268],[25.734,41.1211],[25.7392,41.1186],[25.7284,41.1011],[25.7207,41.0956],[25.7101,41.0955],[25.7131,41.0903],[25.6995,41.0638],[25.6987,41.0489],[25.6872,41.0539],[25.6631,41.0461],[25.6378,41.0462],[25.642,41.052],[25.6382,41.0563],[25.6365,41.0764],[25.6302,41.0762],[25.6288,41.0893],[25.6076,41.0979],[25.601,41.0942],[25.6053,41.0913],[25.5987,41.0832],[25.579,41.0822],[25.5721,41.0585],[25.5602,41.0442],[25.5592,41.0606],[25.5414,41.0625],[25.5381,41.067],[25.5382,41.0768],[25.5477,41.0813],[25.5443,41.0949],[25.5529,41.1089],[25.5407,41.1067],[25.5351,41.1236],[25.5454,41.136],[25.5394,41.1572],[25.5431,41.1719],[25.5104,41.1813],[25.5052,41.1985],[25.5087,41.2053],[25.5144,41.2068],[25.5106,41.2133],[25.542,41.225],[25.5643,41.2279],[25.5973,41.2406],[25.6131,41.2353],[25.6065,41.2494],[25.5925,41.2611],[25.5702,41.259],[25.5796,41.2847],[25.5785,41.3015],[25.5867,41.3103],[25.6232,41.3041]]]}},{"type":"Feature","properties":{"code":"9299","name":"Χάλκης","pe":"Π.Ε. Ρόδου"},"geometry":{"type":"MultiPolygon","coordinates":[[[[27.672,36.1983],[27.6701,36.1992],[27.6738,36.199],[27.672,36.1983]]],[[[27.6665,36.2116],[27.6671,36.2113],[27.6666,36.211],[27.6665,36.2116]]],[[[27.6177,36.2143],[27.6199,36.2147],[27.6183,36.214],[27.6177,36.2143]]],[[[27.6265,36.2227],[27.6325,36.2184],[27.6266,36.216],[27.6265,36.2227]]],[[[27.6401,36.223],[27.6397,36.2234],[27.6408,36.2234],[27.6401,36.223]]],[[[27.6203,36.2288],[27.6249,36.2256],[27.6119,36.2228],[27.6167,36.2201],[27.6152,36.2147],[27.6065,36.2166],[27.6034,36.2222],[27.6009,36.2176],[27.5838,36.2157],[27.5852,36.2098],[27.5802,36.2061],[27.5758,36.2114],[27.5816,36.2164],[27.5559,36.2192],[27.5188,36.2082],[27.521,36.2196],[27.5161,36.2257],[27.5217,36.2331],[27.5168,36.2359],[27.5203,36.2388],[27.5335,36.2365],[27.5334,36.2406],[27.5411,36.2414],[27.5437,36.2379],[27.55,36.2438],[27.5545,36.2432],[27.5548,36.238],[27.5666,36.2442],[27.5747,36.2451],[27.578,36.2416],[27.5971,36.2486],[27.6143,36.2415],[27.6175,36.2445],[27.6203,36.2288]]],[[[27.6681,36.238],[27.6687,36.2386],[27.669,36.2383],[27.6681,36.238]]],[[[27.6566,36.2491],[27.6583,36.2463],[27.655,36.2471],[27.6566,36.2491]]],[[[27.6395,36.2515],[27.6403,36.2506],[27.6377,36.2492],[27.6395,36.2515]]],[[[27.6518,36.2515],[27.6483,36.2595],[27.6572,36.2608],[27.6593,36.2573],[27.6518,36.2515]]],[[[27.6666,36.2573],[27.6668,36.2578],[27.6676,36.2575],[27.6666,36.2573]]],[[[27.7009,35.9364],[27.7036,35.9361],[27.7029,35.9353],[27.7009,35.9364]]],[[[27.703,35.9879],[27.7064,35.9907],[27.7084,35.9907],[27.703,35.9879]]],[[[27.7395,36.1031],[27.7398,36.1038],[27.7402,36.1037],[27.7395,36.1031]]],[[[27.7016,36.1132],[27.7027,36.1122],[27.7005,36.1112],[27.7016,36.1132]]],[[[27.6904,36.142],[27.6903,36.1432],[27.6924,36.1419],[27.6904,36.142]]],[[[27.673,36.214],[27.6755,36.2161],[27.6753,36.214],[27.673,36.214]]],[[[27.702,36.2238],[27.7094,36.2251],[27.7071,36.2212],[27.7029,36.2199],[27.702,36.2238]]],[[[27.7642,36.2538],[27.7601,36.2535],[27.7693,36.2647],[27.7739,36.265],[27.7642,36.2538]]],[[[27.6749,36.2639],[27.6776,36.2662],[27.6782,36.2645],[27.6749,36.2639]]],[[[27.7242,36.2822],[27.7192,36.2768],[27.7229,36.2707],[27.7153,36.2663],[27.7196,36.2648],[27.7121,36.2557],[27.7067,36.2567],[27.708,36.2513],[27.7011,36.2444],[27.6944,36.2584],[27.6999,36.2546],[27.7063,36.2568],[27.7027,36.2608],[27.7089,36.2693],[27.6969,36.2677],[27.6839,36.2599],[27.6848,36.2689],[27.6937,36.2813],[27.7179,36.2851],[27.7242,36.2822]]]]}},{"type":"Feature","properties":{"code":"9298","name":"Τήλου","pe":"Π.Ε. Ρόδου"},"geometry":{"type":"MultiPolygon","coordinates":[[[[27.3794,36.382],[27.3786,36.3807],[27.3786,36.3821],[27.3794,36.382]]],[[[27.3194,36.4079],[27.3184,36.4062],[27.3185,36.4081],[27.3194,36.4079]]],[[[27.3582,36.4094],[27.3578,36.409],[27.3576,36.4093],[27.3582,36.4094]]],[[[27.3942,36.4344],[27.391,36.4313],[27.3936,36.4264],[27.3852,36.4172],[27.3901,36.412],[27.3987,36.4103],[27.4079,36.4196],[27.4273,36.4012],[27.4327,36.4068],[27.4324,36.4156],[27.4371,36.4175],[27.4511,36.4065],[27.4355,36.392],[27.4112,36.3811],[27.4024,36.3862],[27.393,36.3752],[27.3887,36.3866],[27.3791,36.3779],[27.3824,36.3895],[27.3791,36.3894],[27.373,36.4026],[27.3621,36.3922],[27.3647,36.4011],[27.3588,36.4078],[27.3586,36.4258],[27.3544,36.4322],[27.3419,36.4328],[27.334,36.421],[27.3248,36.4239],[27.3193,36.4094],[27.3188,36.4153],[27.3145,36.4128],[27.3114,36.4131],[27.3112,36.4236],[27.3024,36.4206],[27.2915,36.4267],[27.2994,36.4538],[27.2939,36.4648],[27.2982,36.4654],[27.2987,36.4709],[27.3076,36.4739],[27.303,36.4676],[27.3099,36.4622],[27.3332,36.459],[27.3406,36.479],[27.3502,36.4844],[27.3507,36.4783],[27.358,36.4824],[27.3675,36.4727],[27.37,36.4624],[27.3851,36.4472],[27.3855,36.4417],[27.3942,36.4344]]],[[[27.2909,36.4589],[27.2909,36.4594],[27.2918,36.4593],[27.2909,36.4589]]],[[[27.3407,36.4796],[27.3404,36.48],[27.341,36.4798],[27.3407,36.4796]]],[[[27.2813,36.4807],[27.2812,36.4847],[27.2995,36.4826],[27.2892,36.4787],[27.2813,36.4807]]],[[[27.4664,36.3757],[27.4704,36.3776],[27.4567,36.3601],[27.4507,36.3588],[27.4664,36.3757]]],[[[27.4049,36.3809],[27.4058,36.381],[27.4057,36.3805],[27.4049,36.3809]]],[[[27.3799,36.3826],[27.3798,36.3822],[27.3795,36.3825],[27.3799,36.3826]]],[[[27.3787,36.3883],[27.3789,36.3887],[27.3794,36.3889],[27.3787,36.3883]]],[[[27.3973,36.4357],[27.3948,36.4347],[27.3974,36.442],[27.4001,36.4397],[27.3973,36.4357]]],[[[27.3884,36.4482],[27.3886,36.4489],[27.3893,36.4478],[27.3884,36.4482]]]]}},{"type":"Feature","properties":{"code":"9297","name":"Σύμης","pe":"Π.Ε. Ρόδου"},"geometry":{"type":"MultiPolygon","coordinates":[[[[27.7476,36.5594],[27.7449,36.5613],[27.7461,36.562],[27.7476,36.5594]]],[[[27.7468,36.5678],[27.7459,36.5683],[27.7467,36.5693],[27.7468,36.5678]]],[[[27.7537,36.5721],[27.7502,36.5714],[27.7532,36.5751],[27.7537,36.5721]]],[[[27.7615,36.5795],[27.7593,36.5794],[27.7647,36.583],[27.7615,36.5795]]],[[[27.8354,36.6241],[27.8395,36.6207],[27.836,36.6157],[27.839,36.616],[27.8503,36.6255],[27.8726,36.6312],[27.87,36.624],[27.8715,36.6208],[27.8551,36.6153],[27.8578,36.6125],[27.8786,36.6172],[27.8797,36.6005],[27.8709,36.5977],[27.8783,36.5936],[27.8773,36.5882],[27.8593,36.582],[27.8776,36.5768],[27.879,36.5722],[27.8727,36.5667],[27.8617,36.5667],[27.8773,36.5561],[27.8772,36.553],[27.8695,36.5531],[27.8768,36.548],[27.863,36.5461],[27.8659,36.5433],[27.8535,36.537],[27.8294,36.539],[27.8338,36.5439],[27.8326,36.5496],[27.8459,36.5482],[27.8484,36.5531],[27.8425,36.5525],[27.8508,36.5572],[27.8466,36.5631],[27.8316,36.566],[27.8252,36.5729],[27.8167,36.5713],[27.8139,36.5649],[27.8124,36.5709],[27.7959,36.5657],[27.7954,36.5715],[27.8049,36.5726],[27.8019,36.5772],[27.8147,36.5808],[27.813,36.5898],[27.8009,36.5901],[27.796,36.5834],[27.7849,36.5845],[27.7782,36.5912],[27.7697,36.5872],[27.7707,36.5841],[27.7668,36.5837],[27.7738,36.6003],[27.7733,36.6035],[27.7653,36.6031],[27.7699,36.6108],[27.7763,36.6086],[27.775,36.6041],[27.7799,36.6059],[27.7841,36.6024],[27.7843,36.6099],[27.7976,36.6127],[27.7991,36.6228],[27.7911,36.6236],[27.7965,36.6293],[27.8134,36.6313],[27.8119,36.636],[27.8175,36.6396],[27.8369,36.6438],[27.8364,36.6388],[27.8216,36.6341],[27.8163,36.6219],[27.8354,36.6241]]],[[[27.7934,36.6322],[27.7936,36.6298],[27.7917,36.6305],[27.7934,36.6322]]],[[[27.8088,36.6459],[27.8109,36.648],[27.8122,36.646],[27.8088,36.6459]]],[[[27.8196,36.6559],[27.822,36.6522],[27.8173,36.6502],[27.8196,36.6559]]],[[[27.8664,36.5145],[27.8654,36.5159],[27.8719,36.5163],[27.8664,36.5145]]],[[[27.8708,36.5198],[27.8707,36.5194],[27.8696,36.5194],[27.8708,36.5198]]],[[[27.8753,36.5215],[27.8757,36.5217],[27.8758,36.5213],[27.8753,36.5215]]],[[[27.8498,36.5228],[27.8504,36.5213],[27.8484,36.5225],[27.8498,36.5228]]],[[[27.8549,36.5174],[27.8537,36.5267],[27.8681,36.5293],[27.8749,36.5233],[27.8549,36.5174]]],[[[27.8729,36.6244],[27.8717,36.6241],[27.8714,36.6248],[27.8729,36.6244]]],[[[27.8665,36.6513],[27.8669,36.6511],[27.8658,36.6508],[27.8665,36.6513]]],[[[27.8383,36.6617],[27.8434,36.6591],[27.8599,36.6681],[27.8559,36.6584],[27.8662,36.6533],[27.858,36.6472],[27.8353,36.6454],[27.8288,36.6542],[27.8383,36.6617]]]]}},{"type":"Feature","properties":{"code":"9296","name":"Ρόδου","pe":"Π.Ε. Ρόδου"},"geometry":{"type":"MultiPolygon","coordinates":[[[[28.0933,36.0206],[28.0932,36.0212],[28.094,36.0209],[28.0933,36.0206]]],[[[28.088,36.0591],[28.0885,36.0582],[28.087,36.0587],[28.088,36.0591]]],[[[28.0901,36.0593],[28.0889,36.0597],[28.0894,36.0599],[28.0901,36.0593]]],[[[27.7596,36.0648],[27.7602,36.0651],[27.7601,36.0647],[27.7596,36.0648]]],[[[28.0953,36.0726],[28.0935,36.0733],[28.0936,36.0736],[28.0953,36.0726]]],[[[28.0893,36.0865],[28.089,36.0868],[28.0894,36.0871],[28.0893,36.0865]]],[[[28.0747,36.1394],[28.0671,36.1102],[28.074,36.1033],[28.0828,36.1069],[28.0902,36.1025],[28.0999,36.1038],[28.0859,36.0959],[28.0933,36.0934],[28.088,36.087],[28.0906,36.0802],[28.0807,36.0796],[28.075,36.073],[28.0869,36.0532],[28.067,36.0629],[28.0637,36.0598],[28.0509,36.0636],[28.0544,36.0674],[28.0481,36.0747],[28.0378,36.0771],[28.0146,36.074],[27.9787,36.0568],[27.9691,36.0467],[27.9554,36.0463],[27.9459,36.0402],[27.9243,36.0134],[27.8923,35.9595],[27.8859,35.9589],[27.877,35.9504],[27.863,35.9276],[27.8562,35.9289],[27.8456,35.9222],[27.8417,35.9173],[27.845,35.9131],[27.8383,35.9172],[27.827,35.9149],[27.8173,35.9075],[27.8175,35.9015],[27.812,35.9023],[27.796,35.8894],[27.7778,35.8888],[27.7639,35.8779],[27.7501,35.8775],[27.7513,35.8851],[27.7573,35.8884],[27.7693,35.8863],[27.7709,35.892],[27.7638,35.8939],[27.7595,35.9038],[27.7344,35.9153],[27.736,35.9216],[27.7266,35.9366],[27.7186,35.9405],[27.7318,35.9583],[27.7551,36.0133],[27.7606,36.0476],[27.7582,36.0517],[27.761,36.0663],[27.7588,36.0944],[27.7504,36.1054],[27.7366,36.1035],[27.7279,36.1103],[27.7101,36.1137],[27.7064,36.1203],[27.7151,36.1269],[27.7126,36.1395],[27.7074,36.1394],[27.7069,36.1489],[27.6956,36.1439],[27.6858,36.1469],[27.6845,36.1565],[27.7034,36.1643],[27.7353,36.1692],[27.7541,36.1876],[27.7678,36.1885],[27.7886,36.2193],[27.7895,36.2431],[27.796,36.2555],[27.8028,36.2581],[27.8056,36.271],[27.8131,36.2747],[27.8268,36.2723],[27.8487,36.2855],[27.8782,36.3221],[27.8968,36.333],[27.915,36.3429],[27.9602,36.353],[27.9824,36.3673],[28.0062,36.3743],[28.0534,36.399],[28.1179,36.4201],[28.1565,36.4247],[28.1762,36.4201],[28.1886,36.4218],[28.221,36.4594],[28.2291,36.4441],[28.2327,36.4477],[28.2356,36.4415],[28.2386,36.4479],[28.2385,36.4298],[28.2336,36.4284],[28.2281,36.4037],[28.2348,36.3944],[28.2472,36.3875],[28.2407,36.3843],[28.2403,36.3782],[28.2329,36.3715],[28.2232,36.3694],[28.2074,36.3491],[28.2049,36.3394],[28.216,36.3284],[28.2094,36.3218],[28.2133,36.3218],[28.2059,36.3209],[28.2004,36.312],[28.1942,36.3101],[28.1772,36.2857],[28.1663,36.2614],[28.1679,36.2554],[28.1758,36.2538],[28.1744,36.2484],[28.1669,36.2491],[28.1589,36.2313],[28.1527,36.2325],[28.1473,36.2269],[28.1482,36.2175],[28.1404,36.2082],[28.1435,36.2013],[28.1382,36.1993],[28.1368,36.1841],[28.1332,36.1861],[28.1318,36.1856],[28.1292,36.1847],[28.1241,36.1878],[28.105,36.1815],[28.0983,36.1747],[28.1028,36.1701],[28.1013,36.1659],[28.0958,36.1669],[28.091,36.1646],[28.0747,36.1394]]],[[[27.7712,36.2454],[27.7744,36.2424],[27.771,36.2409],[27.7659,36.2439],[27.7712,36.2454]]],[[[28.0954,36.0958],[28.0949,36.0965],[28.0957,36.0969],[28.0954,36.0958]]],[[[28.0963,36.0978],[28.0955,36.0975],[28.0954,36.098],[28.0963,36.0978]]],[[[28.0956,36.1649],[28.0949,36.1651],[28.0955,36.1651],[28.0956,36.1649]]],[[[28.132,36.1846],[28.1316,36.1847],[28.1318,36.1856],[28.132,36.1846]]],[[[28.1477,36.1995],[28.1482,36.1995],[28.1481,36.1989],[28.1477,36.1995]]],[[[28.1464,36.1996],[28.1462,36.1992],[28.1449,36.1992],[28.1464,36.1996]]],[[[28.2314,36.4095],[28.2307,36.4089],[28.2305,36.4098],[28.2314,36.4095]]]]}},{"type":"Feature","properties":{"code":"9295","name":"Μεγίστης","pe":"Π.Ε. Ρόδου"},"geometry":{"type":"MultiPolygon","coordinates":[[[[29.6273,36.109],[29.6353,36.1217],[29.6406,36.1207],[29.643,36.1175],[29.6273,36.109]]],[[[29.6053,36.147],[29.5946,36.1381],[29.5825,36.1358],[29.5849,36.1337],[29.5788,36.1272],[29.5587,36.1231],[29.5715,36.1541],[29.5758,36.1538],[29.5857,36.1662],[29.5993,36.1646],[29.5876,36.1515],[29.6053,36.147]]],[[[29.6012,36.1503],[29.6002,36.1501],[29.6004,36.1511],[29.6012,36.1503]]],[[[29.6015,36.1517],[29.6025,36.1528],[29.6027,36.152],[29.6015,36.1517]]],[[[29.5077,36.1532],[29.5088,36.1532],[29.5089,36.1527],[29.5077,36.1532]]],[[[29.5949,36.1531],[29.5939,36.1537],[29.5957,36.1535],[29.5949,36.1531]]],[[[29.5999,36.1542],[29.5994,36.1545],[29.5998,36.1548],[29.5999,36.1542]]],[[[29.6074,36.1555],[29.6076,36.155],[29.6069,36.1551],[29.6074,36.1555]]],[[[29.5029,36.1524],[29.5003,36.156],[29.4959,36.1514],[29.4851,36.1528],[29.4902,36.1616],[29.4932,36.1582],[29.5131,36.1588],[29.5029,36.1524]]],[[[29.5139,36.1578],[29.5136,36.1586],[29.5155,36.1588],[29.5139,36.1578]]]]}},{"type":"Feature","properties":{"code":"9264","name":"Σάμου","pe":"Π.Ε. Σάμου"},"geometry":{"type":"MultiPolygon","coordinates":[[[[26.8044,37.6244],[26.7893,37.6255],[26.7848,37.6353],[26.8044,37.6244]]],[[[26.8319,37.6381],[26.8325,37.6383],[26.8325,37.6379],[26.8319,37.6381]]],[[[26.848,37.8062],[26.8575,37.8024],[26.8577,37.7969],[26.8819,37.7789],[26.8926,37.7818],[26.9104,37.7727],[26.9284,37.7719],[26.958,37.7575],[26.9658,37.7478],[26.9724,37.7486],[26.9767,37.755],[26.9702,37.7571],[26.9619,37.7664],[26.9633,37.7716],[26.9488,37.7826],[26.9518,37.7874],[26.9616,37.788],[26.9821,37.7796],[26.9762,37.7856],[26.9778,37.7934],[26.9902,37.7964],[26.9869,37.7844],[26.9989,37.7775],[27.0111,37.7788],[27.0299,37.7738],[27.0351,37.7746],[27.041,37.7754],[27.0465,37.7787],[27.0661,37.7796],[27.0674,37.7764],[27.0504,37.7676],[27.029,37.7626],[27.0245,37.7524],[27.0412,37.7392],[27.0369,37.7287],[27.0633,37.729],[27.0703,37.717],[27.0637,37.7096],[27.0572,37.7139],[27.0501,37.7061],[27.0442,37.71],[27.0378,37.7043],[27.0189,37.7079],[27.012,37.7029],[26.9835,37.7074],[26.9675,37.6977],[26.9661,37.6929],[26.9548,37.6918],[26.9534,37.6875],[26.9356,37.6899],[26.9104,37.6827],[26.8876,37.6705],[26.8824,37.6629],[26.8834,37.645],[26.8792,37.6404],[26.8591,37.6363],[26.8325,37.64],[26.817,37.6372],[26.7936,37.6427],[26.7538,37.6947],[26.7212,37.7097],[26.6418,37.7024],[26.631,37.6927],[26.6328,37.6885],[26.6225,37.6884],[26.623,37.68],[26.6168,37.6838],[26.6042,37.6773],[26.6008,37.6826],[26.5911,37.6755],[26.5906,37.6811],[26.584,37.683],[26.5827,37.6899],[26.578,37.6916],[26.5852,37.7049],[26.5665,37.7313],[26.5843,37.7495],[26.5915,37.7519],[26.5962,37.7618],[26.6091,37.7688],[26.6287,37.7682],[26.643,37.7724],[26.6583,37.7902],[26.6792,37.7985],[26.6792,37.7956],[26.6885,37.7956],[26.7316,37.8114],[26.848,37.8062]]],[[[26.9758,37.795],[26.9774,37.7941],[26.9756,37.7938],[26.9758,37.795]]],[[[26.9704,37.7965],[26.9734,37.795],[26.9705,37.7933],[26.9704,37.7965]]],[[[26.961,37.7972],[26.9634,37.7969],[26.963,37.7966],[26.961,37.7972]]],[[[27.0167,37.7031],[27.0162,37.7032],[27.0168,37.7044],[27.0167,37.7031]]],[[[27.0431,37.7437],[27.0445,37.7424],[27.0423,37.7404],[27.0401,37.7432],[27.0431,37.7437]]],[[[27.0348,37.7751],[27.0354,37.7751],[27.0351,37.7746],[27.0348,37.7751]]],[[[26.9929,37.7973],[26.9941,37.7971],[26.9934,37.797],[26.9929,37.7973]]],[[[26.9976,37.7988],[26.9964,37.799],[26.9968,37.7999],[27.0005,37.8],[26.9976,37.7988]]]]}},{"type":"Feature","properties":{"code":"9053","name":"Νέας Ζίχνης","pe":"Π.Ε. Σερρών"},"geometry":{"type":"Polygon","coordinates":[[[23.8413,41.1284],[23.8612,41.1296],[23.8753,41.1165],[23.89,41.1124],[23.893,41.1079],[23.9111,41.107],[23.9232,41.0955],[23.9233,41.0882],[23.94,41.0846],[23.9544,41.0863],[23.9714,41.1069],[23.9806,41.1127],[23.9917,41.1131],[24.0008,41.099],[24.0096,41.099],[24.027,41.0859],[24.033,41.0893],[24.0385,41.0754],[24.0331,41.069],[24.0369,41.0493],[24.0308,41.0377],[24.0326,41.0316],[24.0256,41.0392],[24.0265,41.0329],[24.0069,41.0234],[23.9891,41.0242],[23.9711,41.0136],[23.9552,41.0171],[23.9493,41.0139],[23.9494,41.006],[23.9567,40.999],[23.9352,40.9934],[23.9386,40.9877],[23.9148,40.9876],[23.9149,40.981],[23.9036,40.978],[23.8942,40.9681],[23.8839,40.9642],[23.9104,40.9467],[23.9038,40.9391],[23.9091,40.9356],[23.907,40.9275],[23.8964,40.9113],[23.8781,40.9054],[23.8595,40.9066],[23.8392,40.9142],[23.8481,40.8882],[23.8218,40.8828],[23.804,40.9087],[23.773,40.9304],[23.7389,40.9339],[23.7395,40.9524],[23.7359,40.9584],[23.7393,40.9608],[23.7252,40.9693],[23.7387,40.9812],[23.7225,40.9931],[23.7415,40.9951],[23.7236,41.0102],[23.7396,41.0204],[23.7303,41.0276],[23.7446,41.0251],[23.759,41.0452],[23.7724,41.0558],[23.7759,41.0818],[23.7718,41.0893],[23.7864,41.1139],[23.8118,41.1253],[23.8176,41.1329],[23.8304,41.1343],[23.8413,41.1284]]]}},{"type":"Feature","properties":{"code":"9049","name":"Αμφίπολης","pe":"Π.Ε. Σερρών"},"geometry":{"type":"Polygon","coordinates":[[[24.0501,41.0489],[24.0508,41.0414],[24.0585,41.041],[24.0621,41.0341],[24.0787,41.0293],[24.0949,41.0147],[24.1179,41.0061],[24.1144,40.9926],[24.1021,40.9759],[24.1142,40.9573],[24.0913,40.9355],[24.1004,40.9203],[24.0974,40.9147],[24.0897,40.9144],[24.0762,40.923],[24.0567,40.9175],[24.0671,40.8962],[24.0415,40.8962],[24.0268,40.8909],[24.027,40.882],[23.9936,40.8634],[23.9894,40.8508],[23.9753,40.8462],[23.9612,40.8318],[23.9472,40.8284],[23.934,40.8186],[23.9119,40.8144],[23.8947,40.8163],[23.885,40.8076],[23.8613,40.7987],[23.8604,40.7953],[23.8677,40.793],[23.8731,40.7845],[23.8678,40.7787],[23.8341,40.7839],[23.7833,40.7705],[23.7651,40.7579],[23.7492,40.7768],[23.7369,40.781],[23.7172,40.7793],[23.692,40.7834],[23.7074,40.8058],[23.7197,40.8062],[23.7369,40.8158],[23.7408,40.8116],[23.7542,40.8195],[23.7514,40.8091],[23.7542,40.8059],[23.7761,40.812],[23.8013,40.834],[23.8203,40.8308],[23.8233,40.8348],[23.8323,40.8277],[23.8433,40.8318],[23.8437,40.8367],[23.8262,40.8513],[23.8286,40.8684],[23.8218,40.8828],[23.8481,40.8882],[23.8392,40.9142],[23.8595,40.9066],[23.8781,40.9054],[23.8964,40.9113],[23.907,40.9275],[23.9091,40.9356],[23.9038,40.9391],[23.9104,40.9467],[23.8839,40.9642],[23.8942,40.9681],[23.9036,40.978],[23.9149,40.981],[23.9148,40.9876],[23.9386,40.9877],[23.9352,40.9934],[23.9567,40.999],[23.949,41.0068],[23.9493,41.0139],[23.9542,41.0171],[23.9711,41.0136],[23.9891,41.0242],[24.0069,41.0234],[24.0265,41.0329],[24.0256,41.0392],[24.0326,41.0316],[24.0308,41.0377],[24.0369,41.0493],[24.0501,41.0489]]]}},{"type":"Feature","properties":{"code":"9050","name":"Βισαλτίας","pe":"Π.Ε. Σερρών"},"geometry":{"type":"Polygon","coordinates":[[[23.6857,40.7792],[23.6734,40.7813],[23.6665,40.7732],[23.6253,40.7881],[23.5832,40.7865],[23.5777,40.7925],[23.5609,40.7923],[23.5475,40.8081],[23.5364,40.8095],[23.5298,40.832],[23.5126,40.8409],[23.4827,40.8424],[23.4759,40.8329],[23.447,40.8279],[23.4389,40.8311],[23.4442,40.8398],[23.4388,40.8496],[23.446,40.8612],[23.4358,40.863],[23.4229,40.8569],[23.4031,40.8584],[23.3897,40.8519],[23.3681,40.8575],[23.3614,40.8724],[23.3561,40.9129],[23.3346,40.9203],[23.3357,40.9302],[23.3305,40.9364],[23.3334,40.9434],[23.3249,40.9382],[23.322,40.9468],[23.314,40.9464],[23.3125,40.9497],[23.3082,40.9465],[23.2983,40.9519],[23.3131,40.9824],[23.3114,40.9879],[23.3341,41.0016],[23.3508,41.0182],[23.3739,41.0152],[23.408,41.0175],[23.4217,41.0037],[23.437,41.0087],[23.4556,40.9986],[23.4542,40.9911],[23.4747,40.9619],[23.5119,40.9647],[23.513,40.9609],[23.5822,40.9562],[23.5948,40.9634],[23.5928,40.9488],[23.6266,40.9463],[23.6346,40.9472],[23.6352,40.9626],[23.7242,40.9328],[23.7654,40.9334],[23.804,40.9087],[23.8282,40.8706],[23.8262,40.8513],[23.8437,40.8367],[23.8433,40.8318],[23.8323,40.8277],[23.8233,40.8348],[23.8203,40.8308],[23.8013,40.834],[23.7761,40.812],[23.7542,40.8059],[23.7514,40.8091],[23.7542,40.8195],[23.7408,40.8116],[23.7369,40.8158],[23.7197,40.8062],[23.7074,40.8058],[23.6857,40.7792]]]}},{"type":"Feature","properties":{"code":"9052","name":"Ηρακλείας","pe":"Π.Ε. Σερρών"},"geometry":{"type":"Polygon","coordinates":[[[23.2762,40.9445],[23.2779,40.9492],[23.2611,40.9695],[23.2573,40.9952],[23.2404,41.006],[23.2503,41.0109],[23.253,41.0206],[23.2316,41.0299],[23.2271,41.0364],[23.2307,41.0404],[23.2286,41.0477],[23.2215,41.0497],[23.2054,41.0432],[23.1854,41.0458],[23.1858,41.0519],[23.1935,41.0583],[23.194,41.0747],[23.2032,41.0806],[23.2051,41.094],[23.2148,41.1018],[23.1851,41.1085],[23.1823,41.1192],[23.1404,41.119],[23.1265,41.1431],[23.1299,41.1542],[23.1464,41.1679],[23.1429,41.18],[23.1451,41.2291],[23.2326,41.2189],[23.2326,41.2099],[23.2491,41.2203],[23.2849,41.2306],[23.2919,41.2396],[23.2907,41.2514],[23.2967,41.252],[23.3144,41.2391],[23.3308,41.2389],[23.3328,41.1939],[23.346,41.1856],[23.3477,41.1751],[23.3632,41.1742],[23.3807,41.1498],[23.3921,41.1581],[23.4068,41.1611],[23.4236,41.1863],[23.4362,41.1925],[23.4492,41.1917],[23.4761,41.2076],[23.477,41.1987],[23.4701,41.1795],[23.4969,41.1797],[23.4959,41.1532],[23.4762,41.1515],[23.4583,41.1308],[23.4353,41.1172],[23.4189,41.1205],[23.4007,41.1109],[23.3959,41.1077],[23.3943,41.0933],[23.3667,41.0908],[23.3568,41.1031],[23.3561,41.1216],[23.3336,41.1299],[23.3334,41.1186],[23.3222,41.1151],[23.3174,41.0963],[23.2999,41.0806],[23.3051,41.0713],[23.3158,41.0621],[23.3369,41.0585],[23.3505,41.0514],[23.3571,41.0404],[23.376,41.0403],[23.387,41.0289],[23.3966,41.0321],[23.408,41.0175],[23.3739,41.0152],[23.3508,41.0182],[23.3341,41.0016],[23.3135,40.9906],[23.2983,40.9519],[23.2762,40.9445]]]}},{"type":"Feature","properties":{"code":"9055","name":"Σιντικής","pe":"Π.Ε. Σερρών"},"geometry":{"type":"Polygon","coordinates":[[[23.1273,41.1262],[23.1163,41.137],[23.0917,41.141],[23.0926,41.1469],[23.056,41.1511],[23.0445,41.1578],[23.0394,41.1629],[23.0406,41.1745],[22.9948,41.1953],[22.9937,41.2025],[22.9993,41.2121],[22.9937,41.2253],[22.9787,41.2134],[22.9275,41.1922],[22.9071,41.1986],[22.8939,41.1957],[22.8806,41.2027],[22.8688,41.2399],[22.8795,41.2525],[22.8918,41.2585],[22.8811,41.273],[22.8847,41.2871],[22.878,41.3407],[22.93,41.3411],[22.9529,41.3353],[22.9818,41.336],[23.0144,41.3306],[23.0286,41.3344],[23.099,41.3178],[23.1609,41.3228],[23.181,41.3194],[23.199,41.3229],[23.2257,41.3374],[23.2313,41.3513],[23.2258,41.3675],[23.2321,41.3768],[23.2576,41.3828],[23.2828,41.4002],[23.3225,41.4008],[23.3401,41.3642],[23.3521,41.3683],[23.3632,41.3795],[23.3951,41.392],[23.4021,41.4016],[23.4197,41.3985],[23.4397,41.4067],[23.4828,41.3985],[23.5248,41.4053],[23.5344,41.4024],[23.5378,41.3942],[23.5509,41.3864],[23.581,41.3899],[23.5977,41.3775],[23.6062,41.3801],[23.6246,41.3764],[23.6275,41.3645],[23.6238,41.3538],[23.6334,41.3395],[23.6313,41.3253],[23.657,41.3106],[23.6419,41.2947],[23.6351,41.2773],[23.622,41.2657],[23.6076,41.2659],[23.6055,41.2736],[23.5922,41.2803],[23.5806,41.2765],[23.571,41.2784],[23.573,41.2633],[23.5459,41.2581],[23.5543,41.2459],[23.5678,41.2402],[23.5185,41.2272],[23.4616,41.2019],[23.4492,41.1917],[23.4354,41.1922],[23.4236,41.1863],[23.4068,41.1611],[23.3921,41.1581],[23.3807,41.1498],[23.3632,41.1742],[23.3477,41.1751],[23.346,41.1856],[23.3328,41.1939],[23.3308,41.2389],[23.3144,41.2391],[23.2967,41.252],[23.2907,41.2514],[23.2919,41.2396],[23.2849,41.2306],[23.2491,41.2203],[23.2326,41.2099],[23.2326,41.2189],[23.1451,41.2291],[23.1429,41.18],[23.1464,41.1679],[23.1299,41.1542],[23.1263,41.1441],[23.1378,41.1232],[23.1273,41.1262]]]}},{"type":"Feature","properties":{"code":"9054","name":"Σερρών","pe":"Π.Ε. Σερρών"},"geometry":{"type":"Polygon","coordinates":[[[23.6837,41.3159],[23.7052,41.3138],[23.7135,41.309],[23.7213,41.2879],[23.7058,41.2787],[23.6979,41.2498],[23.7103,41.2378],[23.7047,41.2252],[23.7143,41.2179],[23.7291,41.2175],[23.7214,41.2075],[23.7217,41.1921],[23.7359,41.1883],[23.7233,41.1794],[23.7202,41.1713],[23.6848,41.1564],[23.6815,41.1441],[23.6712,41.1316],[23.6687,41.1094],[23.6595,41.1067],[23.6586,41.1011],[23.6261,41.0979],[23.618,41.1013],[23.6071,41.0871],[23.5889,41.0902],[23.5778,41.069],[23.5811,41.0581],[23.5509,41.0371],[23.5499,41.0217],[23.5698,40.9997],[23.5637,40.9727],[23.578,40.9716],[23.5773,40.9566],[23.513,40.9609],[23.5119,40.9647],[23.4737,40.9623],[23.4542,40.9911],[23.4578,40.9964],[23.4537,40.9998],[23.437,41.0087],[23.4217,41.0037],[23.4134,41.0089],[23.398,41.0313],[23.387,41.0289],[23.376,41.0403],[23.3571,41.0404],[23.3505,41.0514],[23.3369,41.0585],[23.3158,41.0621],[23.3051,41.0713],[23.2999,41.0806],[23.3174,41.0963],[23.3222,41.1151],[23.3334,41.1186],[23.3336,41.1299],[23.3561,41.1216],[23.3572,41.102],[23.3667,41.0908],[23.3738,41.0897],[23.3943,41.0933],[23.3959,41.1077],[23.4189,41.1205],[23.4353,41.1172],[23.4446,41.1258],[23.4571,41.1299],[23.4762,41.1515],[23.4959,41.1532],[23.4969,41.1797],[23.4701,41.1795],[23.4772,41.2089],[23.5185,41.2272],[23.5678,41.2402],[23.5543,41.2459],[23.5459,41.2581],[23.573,41.2633],[23.571,41.2784],[23.5806,41.2765],[23.5922,41.2803],[23.6055,41.2736],[23.6076,41.2659],[23.622,41.2657],[23.6351,41.2773],[23.6419,41.2947],[23.6568,41.3101],[23.654,41.3145],[23.6837,41.3159]]]}},{"type":"Feature","properties":{"code":"9051","name":"Εμμανουήλ Παππά","pe":"Π.Ε. Σερρών"},"geometry":{"type":"Polygon","coordinates":[[[23.7494,41.1929],[23.7688,41.1767],[23.7753,41.1643],[23.7931,41.155],[23.7999,41.1433],[23.8142,41.1419],[23.8282,41.1347],[23.8176,41.1329],[23.8118,41.1253],[23.7875,41.1151],[23.7718,41.0893],[23.7759,41.0818],[23.7724,41.0558],[23.759,41.0452],[23.7446,41.0251],[23.7303,41.0276],[23.7396,41.0204],[23.7236,41.0102],[23.7415,40.9951],[23.7225,40.9931],[23.7387,40.9812],[23.7252,40.9693],[23.7393,40.9608],[23.7359,40.9584],[23.7395,40.9524],[23.7389,40.9339],[23.7132,40.9357],[23.6352,40.9626],[23.6346,40.9472],[23.6266,40.9463],[23.5928,40.9488],[23.5948,40.9634],[23.5857,40.9569],[23.5773,40.9566],[23.578,40.9716],[23.5637,40.9727],[23.5698,40.9997],[23.5499,41.0217],[23.5509,41.0371],[23.5811,41.0581],[23.5778,41.069],[23.5889,41.0902],[23.6071,41.0871],[23.618,41.1013],[23.6261,41.0979],[23.6586,41.1011],[23.6595,41.1067],[23.6687,41.1094],[23.6712,41.1316],[23.6815,41.1441],[23.6848,41.1564],[23.7202,41.1713],[23.7233,41.1794],[23.7494,41.1929]]]}},{"type":"Feature","properties":{"code":"9111","name":"Σκοπέλου","pe":"Π.Ε. Σποράδων"},"geometry":{"type":"MultiPolygon","coordinates":[[[[23.6272,39.1129],[23.625,39.1136],[23.6251,39.1146],[23.6272,39.1129]]],[[[23.6392,39.1189],[23.6425,39.1148],[23.6333,39.1153],[23.6392,39.1189]]],[[[23.6142,39.1299],[23.6149,39.13],[23.6144,39.1295],[23.6142,39.1299]]],[[[23.6203,39.1362],[23.6207,39.1356],[23.6188,39.1351],[23.6203,39.1362]]],[[[23.5907,39.1962],[23.59,39.2037],[23.5964,39.2092],[23.6101,39.2102],[23.614,39.1975],[23.6342,39.1918],[23.6386,39.1794],[23.6428,39.1756],[23.6515,39.1753],[23.65,39.1716],[23.6613,39.1646],[23.6697,39.1647],[23.6815,39.1571],[23.6915,39.1589],[23.7128,39.1497],[23.7166,39.1432],[23.721,39.1476],[23.7215,39.1406],[23.7281,39.1358],[23.7218,39.1307],[23.7313,39.1236],[23.7279,39.1225],[23.7315,39.1191],[23.7386,39.1204],[23.7425,39.1301],[23.7546,39.1313],[23.7727,39.1289],[23.7825,39.1307],[23.7937,39.1224],[23.7667,39.089],[23.7578,39.0891],[23.7526,39.0835],[23.7456,39.086],[23.7382,39.0814],[23.7394,39.0772],[23.7201,39.0691],[23.7192,39.0732],[23.707,39.0733],[23.7105,39.084],[23.6969,39.0898],[23.6939,39.0862],[23.6528,39.0861],[23.6592,39.09],[23.6541,39.1004],[23.6555,39.1072],[23.6618,39.1046],[23.6626,39.1124],[23.6504,39.1134],[23.6547,39.1222],[23.6448,39.1313],[23.644,39.1375],[23.6265,39.1454],[23.6207,39.1621],[23.6126,39.1662],[23.5907,39.1962]]],[[[23.6468,39.1767],[23.647,39.1762],[23.6462,39.1762],[23.6468,39.1767]]],[[[23.6287,39.1946],[23.6282,39.1948],[23.6287,39.1953],[23.6287,39.1946]]],[[[23.6029,39.2105],[23.6032,39.211],[23.6037,39.2109],[23.6029,39.2105]]],[[[23.7542,39.0846],[23.7546,39.0842],[23.7538,39.084],[23.7542,39.0846]]],[[[23.7755,39.0975],[23.775,39.0974],[23.7751,39.0978],[23.7755,39.0975]]],[[[23.7752,39.0984],[23.7758,39.0986],[23.7758,39.0983],[23.7752,39.0984]]],[[[23.7769,39.0993],[23.7762,39.0991],[23.7764,39.0995],[23.7769,39.0993]]],[[[23.7798,39.1034],[23.7792,39.1033],[23.7793,39.1036],[23.7798,39.1034]]],[[[23.7714,39.1294],[23.771,39.1297],[23.7717,39.1297],[23.7714,39.1294]]],[[[23.7765,39.1308],[23.7771,39.1307],[23.7766,39.1305],[23.7765,39.1308]]],[[[23.8008,39.139],[23.8051,39.1388],[23.8035,39.1322],[23.7982,39.1327],[23.8008,39.139]]]]}},{"type":"Feature","properties":{"code":"9110","name":"Σκιάθου","pe":"Π.Ε. Σποράδων"},"geometry":{"type":"MultiPolygon","coordinates":[[[[23.4941,39.1281],[23.5015,39.1299],[23.5072,39.1162],[23.4992,39.1152],[23.4941,39.1281]]],[[[23.4826,39.1265],[23.485,39.1245],[23.4788,39.1248],[23.4826,39.1265]]],[[[23.4197,39.1356],[23.4194,39.1364],[23.4202,39.1361],[23.4197,39.1356]]],[[[23.513,39.1868],[23.5113,39.1817],[23.5155,39.1787],[23.509,39.1595],[23.5021,39.157],[23.5018,39.1694],[23.4888,39.1585],[23.4816,39.1627],[23.4763,39.1604],[23.4686,39.1474],[23.4582,39.1405],[23.4652,39.1362],[23.4655,39.13],[23.4608,39.1275],[23.4488,39.1301],[23.4461,39.1416],[23.4267,39.1367],[23.4164,39.1392],[23.4056,39.1491],[23.3939,39.1407],[23.3903,39.1423],[23.3927,39.1524],[23.388,39.1594],[23.3991,39.1653],[23.3999,39.17],[23.4099,39.1676],[23.4446,39.1816],[23.4421,39.1977],[23.4528,39.1994],[23.4621,39.211],[23.4638,39.2074],[23.4833,39.2056],[23.4933,39.2],[23.4952,39.1936],[23.5049,39.1932],[23.513,39.1868]]],[[[23.4619,39.2113],[23.462,39.212],[23.4629,39.2119],[23.4619,39.2113]]],[[[23.4628,39.2125],[23.4621,39.2125],[23.4625,39.2141],[23.4628,39.2125]]],[[[23.53,39.1464],[23.5268,39.1467],[23.5321,39.1476],[23.53,39.1464]]],[[[23.5191,39.1545],[23.5235,39.1473],[23.5197,39.1452],[23.5141,39.1528],[23.5191,39.1545]]],[[[23.4994,39.1514],[23.5035,39.1523],[23.5024,39.1498],[23.4994,39.1514]]],[[[23.5242,39.171],[23.5194,39.1674],[23.5191,39.1723],[23.5242,39.171]]],[[[23.5161,39.1761],[23.5158,39.1764],[23.5164,39.1765],[23.5161,39.1761]]],[[[23.5178,39.1797],[23.517,39.1796],[23.5173,39.1799],[23.5178,39.1797]]]]}},{"type":"Feature","properties":{"code":"9109","name":"Αλοννήσου","pe":"Π.Ε. Σποράδων"},"geometry":{"type":"MultiPolygon","coordinates":[[[[23.9506,39.0676],[23.9497,39.0676],[23.9501,39.0686],[23.9506,39.0676]]],[[[23.9557,39.0757],[23.9562,39.0756],[23.9561,39.0751],[23.9557,39.0757]]],[[[23.9795,39.1041],[23.9789,39.1038],[23.9788,39.1044],[23.9795,39.1041]]],[[[23.9757,39.1055],[23.9723,39.1124],[23.978,39.1143],[23.9786,39.1241],[23.9838,39.1183],[23.9822,39.1093],[23.9757,39.1055]]],[[[23.9856,39.1214],[23.9836,39.1273],[23.9904,39.1311],[23.9856,39.1214]]],[[[23.9912,39.1324],[23.9917,39.1322],[23.9914,39.1317],[23.9912,39.1324]]],[[[23.8536,39.1323],[23.8544,39.132],[23.8537,39.1319],[23.8536,39.1323]]],[[[23.8692,39.1392],[23.8687,39.1385],[23.8685,39.1391],[23.8692,39.1392]]],[[[23.8701,39.1389],[23.87,39.1383],[23.8694,39.1387],[23.8701,39.1389]]],[[[23.8102,39.1406],[23.8085,39.1397],[23.8087,39.1424],[23.8127,39.1431],[23.8102,39.1406]]],[[[23.9034,39.1608],[23.9032,39.1613],[23.9051,39.1618],[23.9034,39.1608]]],[[[23.8548,39.167],[23.8543,39.1667],[23.8543,39.1671],[23.8548,39.167]]],[[[23.9829,39.1692],[23.9833,39.1689],[23.9829,39.1686],[23.9829,39.1692]]],[[[23.982,39.1722],[23.9815,39.172],[23.9818,39.1725],[23.982,39.1722]]],[[[23.8655,39.1924],[23.8647,39.1927],[23.8653,39.1929],[23.8655,39.1924]]],[[[23.8648,39.2012],[23.865,39.2006],[23.8645,39.2008],[23.8648,39.2012]]],[[[23.862,39.2001],[23.8598,39.2024],[23.8637,39.203],[23.862,39.2001]]],[[[23.9757,39.2292],[23.9806,39.23],[23.9773,39.2165],[23.9801,39.2089],[23.9913,39.2134],[23.9862,39.1951],[23.9778,39.1912],[23.9864,39.1853],[23.9811,39.1731],[23.9822,39.1677],[23.9839,39.1655],[23.967,39.1652],[23.9683,39.1725],[23.9541,39.1648],[23.9494,39.1681],[23.9538,39.1726],[23.9433,39.1725],[23.9379,39.1815],[23.9415,39.1855],[23.964,39.1925],[23.9732,39.1908],[23.9778,39.195],[23.9775,39.202],[23.9723,39.2002],[23.966,39.2096],[23.9687,39.2122],[23.9615,39.2191],[23.9678,39.2226],[23.9705,39.24],[23.9768,39.2331],[23.9757,39.2292]]],[[[23.8664,39.2029],[23.8661,39.2025],[23.8658,39.2027],[23.8664,39.2029]]],[[[23.874,39.2049],[23.8739,39.2045],[23.8736,39.2048],[23.874,39.2049]]],[[[23.9718,39.2535],[23.9724,39.249],[23.9306,39.2058],[23.9259,39.1956],[23.9284,39.1933],[23.9238,39.1923],[23.9259,39.1848],[23.9204,39.1824],[23.919,39.1753],[23.8986,39.1699],[23.9068,39.1632],[23.896,39.1635],[23.8917,39.1582],[23.8849,39.1619],[23.8783,39.1552],[23.8819,39.1497],[23.8696,39.1486],[23.8638,39.1436],[23.8687,39.1395],[23.8517,39.1319],[23.8385,39.1437],[23.8294,39.14],[23.8307,39.1539],[23.8432,39.1602],[23.8508,39.1571],[23.8585,39.1711],[23.8677,39.1691],[23.8798,39.1769],[23.8699,39.1889],[23.8752,39.1898],[23.8762,39.1966],[23.8668,39.2024],[23.877,39.2052],[23.8809,39.2091],[23.8865,39.219],[23.8834,39.2215],[23.8922,39.2199],[23.9123,39.2321],[23.9123,39.2437],[23.9187,39.2565],[23.9298,39.2613],[23.9376,39.2734],[23.9364,39.278],[23.9459,39.2817],[23.9439,39.2868],[23.9485,39.2913],[23.9538,39.2929],[23.9523,39.2886],[23.9562,39.2886],[23.9576,39.2808],[23.9432,39.2708],[23.9568,39.2752],[23.959,39.2712],[23.9727,39.2727],[23.9761,39.2666],[23.9824,39.2683],[23.9718,39.2535]]],[[[23.9836,39.2706],[23.9838,39.2709],[23.984,39.2707],[23.9836,39.2706]]],[[[23.9876,39.2725],[23.9895,39.2731],[23.9885,39.2727],[23.9876,39.2725]]],[[[24.0598,39.0353],[24.0637,39.0377],[24.0637,39.0349],[24.0598,39.0353]]],[[[24.0833,39.0474],[24.0778,39.0458],[24.0805,39.048],[24.0811,39.0521],[24.0833,39.0474]]],[[[24.0838,39.0547],[24.0827,39.0539],[24.0827,39.0546],[24.0838,39.0547]]],[[[24.0954,39.0748],[24.1013,39.0731],[24.0953,39.069],[24.0954,39.0748]]],[[[24.1066,39.0863],[24.1002,39.0921],[24.1168,39.1047],[24.1202,39.0885],[24.1152,39.075],[24.1268,39.073],[24.121,39.0687],[24.1272,39.0658],[24.1228,39.0598],[24.1151,39.058],[24.1127,39.0621],[24.0993,39.0549],[24.1047,39.0627],[24.1145,39.0662],[24.1042,39.078],[24.1066,39.0863]]],[[[24.0876,39.0834],[24.0877,39.0828],[24.0861,39.0823],[24.0876,39.0834]]],[[[24.0977,39.1004],[24.0971,39.1017],[24.1035,39.1032],[24.0977,39.1004]]],[[[24.0952,39.1055],[24.0981,39.1051],[24.0975,39.1041],[24.0952,39.1055]]],[[[24.0918,39.1069],[24.0925,39.107],[24.0923,39.1062],[24.0918,39.1069]]],[[[23.9981,39.2234],[23.9948,39.2262],[23.9972,39.2366],[24.0063,39.2262],[23.9981,39.2234]]],[[[24.0906,39.2927],[24.0901,39.2928],[24.0904,39.2934],[24.0906,39.2927]]],[[[24.0386,39.3156],[24.0413,39.3149],[24.0382,39.3111],[24.0386,39.3156]]],[[[24.0969,39.3137],[24.0969,39.3142],[24.0974,39.3138],[24.0969,39.3137]]],[[[24.0557,39.3215],[24.055,39.3212],[24.055,39.3221],[24.0557,39.3215]]],[[[24.0426,39.3261],[24.0404,39.3269],[24.041,39.327],[24.0426,39.3261]]],[[[24.0769,39.3679],[24.0773,39.3594],[24.0649,39.3433],[24.0739,39.3458],[24.0787,39.3426],[24.075,39.3517],[24.0794,39.3551],[24.084,39.3498],[24.0873,39.3551],[24.0927,39.3538],[24.0913,39.3444],[24.0988,39.3482],[24.0945,39.3311],[24.0962,39.3278],[24.0924,39.325],[24.0966,39.3133],[24.094,39.3084],[24.0678,39.2935],[24.0603,39.3019],[24.0482,39.3041],[24.0554,39.3136],[24.0634,39.31],[24.0605,39.3144],[24.0664,39.3127],[24.0665,39.3167],[24.0565,39.3243],[24.047,39.3185],[24.0418,39.3184],[24.0401,39.3234],[24.0463,39.3298],[24.0452,39.3325],[24.051,39.3305],[24.0428,39.3368],[24.0515,39.3523],[24.0613,39.3562],[24.0609,39.3628],[24.0769,39.3679]]],[[[24.0985,39.3423],[24.0983,39.3419],[24.098,39.3422],[24.0985,39.3423]]],[[[24.1288,39.3501],[24.1271,39.3495],[24.1269,39.3507],[24.1288,39.3501]]],[[[24.1202,39.3522],[24.1191,39.3552],[24.1207,39.3556],[24.1202,39.3522]]],[[[24.0787,39.358],[24.0781,39.358],[24.0795,39.3625],[24.0787,39.358]]],[[[24.0772,39.3684],[24.0778,39.3682],[24.0775,39.368],[24.0772,39.3684]]],[[[24.0765,39.3693],[24.077,39.3689],[24.0763,39.3684],[24.0765,39.3693]]],[[[24.0767,39.3702],[24.0766,39.3697],[24.0762,39.37],[24.0767,39.3702]]],[[[24.3256,39.3307],[24.3259,39.3307],[24.3257,39.3305],[24.3256,39.3307]]],[[[24.3249,39.3306],[24.325,39.3307],[24.3252,39.3305],[24.3249,39.3306]]],[[[24.3255,39.331],[24.3258,39.331],[24.3255,39.3309],[24.3255,39.331]]],[[[24.3244,39.3311],[24.3247,39.331],[24.3245,39.3308],[24.3244,39.3311]]],[[[24.325,39.331],[24.3251,39.3313],[24.3254,39.3313],[24.325,39.331]]],[[[24.3258,39.332],[24.3259,39.3317],[24.3255,39.3316],[24.3258,39.332]]],[[[24.3262,39.3329],[24.3266,39.3327],[24.3262,39.3326],[24.3262,39.3329]]],[[[24.3273,39.3331],[24.327,39.3331],[24.3269,39.3333],[24.3273,39.3331]]],[[[24.3265,39.3333],[24.3264,39.3331],[24.3262,39.3332],[24.3265,39.3333]]],[[[24.3266,39.3337],[24.3269,39.3338],[24.3271,39.3336],[24.3266,39.3337]]],[[[24.3263,39.3371],[24.3263,39.3367],[24.3261,39.3369],[24.3263,39.3371]]],[[[24.3267,39.3377],[24.327,39.3376],[24.3268,39.3373],[24.3267,39.3377]]],[[[24.3271,39.3382],[24.3274,39.3382],[24.3272,39.338],[24.3271,39.3382]]],[[[24.3279,39.3407],[24.3276,39.3406],[24.3277,39.3409],[24.3279,39.3407]]],[[[24.3277,39.3416],[24.3279,39.3415],[24.3276,39.3413],[24.3277,39.3416]]],[[[24.1318,39.342],[24.1315,39.3486],[24.1427,39.3437],[24.1404,39.3364],[24.1318,39.342]]],[[[24.3121,39.3375],[24.3205,39.3507],[24.3176,39.3593],[24.3206,39.3661],[24.3311,39.3696],[24.3333,39.352],[24.3271,39.3436],[24.3255,39.3357],[24.3275,39.3342],[24.3266,39.3337],[24.3225,39.3317],[24.3121,39.3375]]],[[[24.3331,39.3583],[24.333,39.3579],[24.3327,39.3579],[24.3331,39.3583]]],[[[24.1809,39.3856],[24.176,39.3838],[24.1755,39.3783],[24.1655,39.375],[24.1591,39.3611],[24.1537,39.3616],[24.1554,39.3697],[24.1346,39.3702],[24.1497,39.3757],[24.1563,39.3827],[24.1548,39.3931],[24.1609,39.394],[24.1545,39.3994],[24.1586,39.3994],[24.1623,39.4095],[24.1674,39.4082],[24.1759,39.431],[24.1798,39.4227],[24.1774,39.4062],[24.182,39.4013],[24.1874,39.4021],[24.1809,39.3856]]],[[[24.1867,39.3969],[24.1883,39.3964],[24.1882,39.3961],[24.1867,39.3969]]],[[[24.1819,39.482],[24.1801,39.4827],[24.1801,39.483],[24.1819,39.482]]],[[[24.1864,39.4976],[24.1867,39.498],[24.1871,39.4976],[24.1864,39.4976]]],[[[24.1838,39.4934],[24.1764,39.4938],[24.1779,39.5009],[24.1847,39.5034],[24.1838,39.4934]]]]}},{"type":"Feature","properties":{"code":"9300","name":"Σύρου - Ερμούπολης","pe":"Π.Ε. Σύρου"},"geometry":{"type":"MultiPolygon","coordinates":[[[[24.8731,37.3766],[24.8745,37.376],[24.8746,37.3755],[24.8731,37.3766]]],[[[24.8765,37.3807],[24.8734,37.3812],[24.8739,37.3818],[24.8765,37.3807]]],[[[24.8628,37.3881],[24.8617,37.3872],[24.8621,37.3883],[24.8628,37.3881]]],[[[24.8695,37.3931],[24.8694,37.3928],[24.8686,37.3932],[24.8695,37.3931]]],[[[24.8959,37.4569],[24.8968,37.4571],[24.8968,37.4568],[24.8959,37.4569]]],[[[24.8923,37.4674],[24.8901,37.4684],[24.8907,37.469],[24.8923,37.4674]]],[[[24.7525,37.5825],[24.7471,37.5901],[24.7513,37.5875],[24.7525,37.5825]]],[[[24.656,37.6093],[24.6558,37.6109],[24.6568,37.6106],[24.656,37.6093]]],[[[24.7383,37.6226],[24.7415,37.6181],[24.7372,37.6129],[24.7395,37.6095],[24.7341,37.6078],[24.7444,37.5912],[24.6716,37.602],[24.6609,37.6003],[24.6498,37.606],[24.6922,37.61],[24.6915,37.6133],[24.7077,37.623],[24.706,37.631],[24.7441,37.6321],[24.7383,37.6226]]],[[[25.0587,37.3649],[25.0581,37.3658],[25.0604,37.3658],[25.0587,37.3649]]],[[[24.952,37.3853],[24.9504,37.3853],[24.9509,37.3861],[24.952,37.3853]]],[[[24.9961,37.3952],[24.9945,37.3921],[24.9902,37.3928],[24.9961,37.3952]]],[[[24.9862,37.4263],[24.9848,37.4243],[24.9832,37.4258],[24.9862,37.4263]]],[[[24.9788,37.4238],[24.967,37.4277],[24.9714,37.4317],[24.9791,37.4285],[24.9788,37.4238]]],[[[24.9409,37.4376],[24.9414,37.4379],[24.9424,37.4361],[24.9409,37.4376]]],[[[24.9309,37.5013],[24.9416,37.4915],[24.9492,37.4761],[24.9467,37.4722],[24.9512,37.457],[24.949,37.4466],[24.9456,37.4461],[24.9466,37.4375],[24.9431,37.4434],[24.936,37.4317],[24.9529,37.4315],[24.9519,37.4253],[24.9666,37.4152],[24.9639,37.4106],[24.9728,37.4009],[24.9548,37.3947],[24.9483,37.3834],[24.9431,37.3836],[24.9442,37.391],[24.9386,37.3846],[24.9336,37.3869],[24.9162,37.3818],[24.9148,37.3763],[24.9093,37.3791],[24.905,37.3734],[24.8984,37.3745],[24.8776,37.3627],[24.8789,37.3762],[24.8832,37.3779],[24.8806,37.3864],[24.8741,37.3875],[24.8836,37.3884],[24.8824,37.3969],[24.8623,37.3945],[24.8552,37.3954],[24.8552,37.3988],[24.8613,37.4162],[24.8777,37.4223],[24.8616,37.428],[24.8833,37.4326],[24.8877,37.4348],[24.8832,37.4402],[24.8876,37.4394],[24.8895,37.446],[24.9002,37.4458],[24.8965,37.4499],[24.8981,37.4594],[24.8912,37.4579],[24.8894,37.4611],[24.8943,37.4616],[24.8966,37.4676],[24.8925,37.4723],[24.902,37.4726],[24.8938,37.4786],[24.9013,37.4919],[24.8981,37.4969],[24.8925,37.4952],[24.8955,37.4989],[24.8848,37.4981],[24.8814,37.5082],[24.8757,37.5109],[24.8835,37.5148],[24.8897,37.5091],[24.9309,37.5013]]],[[[24.9454,37.4383],[24.9446,37.4384],[24.9447,37.4396],[24.9454,37.4383]]],[[[24.9509,37.4642],[24.9503,37.4644],[24.9506,37.4652],[24.9509,37.4642]]]]}},{"type":"Feature","properties":{"code":"9301","name":"Τήνου","pe":"Π.Ε. Τήνου"},"geometry":{"type":"MultiPolygon","coordinates":[[[[25.0344,37.6693],[25.0432,37.6774],[25.055,37.6741],[25.0527,37.6669],[25.0626,37.662],[25.0503,37.653],[25.0579,37.6523],[25.0591,37.6478],[25.0743,37.6495],[25.0798,37.6396],[25.0845,37.6472],[25.0925,37.644],[25.0921,37.6497],[25.099,37.6471],[25.0993,37.6512],[25.107,37.6491],[25.1168,37.6533],[25.13,37.6449],[25.1292,37.6399],[25.1365,37.6426],[25.1421,37.6369],[25.1418,37.6302],[25.1518,37.6335],[25.1494,37.6426],[25.1701,37.6353],[25.1868,37.6403],[25.1881,37.6348],[25.2063,37.6334],[25.2306,37.6171],[25.237,37.6214],[25.2376,37.6104],[25.2425,37.6136],[25.2535,37.611],[25.2532,37.5836],[25.23,37.5557],[25.228,37.5452],[25.2331,37.5377],[25.2206,37.535],[25.2206,37.5306],[25.2128,37.5326],[25.211,37.5288],[25.1988,37.5292],[25.1892,37.5245],[25.1729,37.5324],[25.1639,37.5291],[25.1589,37.5348],[25.163,37.5364],[25.149,37.5403],[25.1478,37.5475],[25.1424,37.5509],[25.13,37.5533],[25.1257,37.5472],[25.1197,37.5516],[25.1139,37.5496],[25.1155,37.553],[25.1066,37.556],[25.1126,37.5701],[25.1028,37.5718],[25.1022,37.5794],[25.0845,37.5808],[25.0843,37.5877],[25.0745,37.5869],[25.0687,37.5951],[25.0621,37.5927],[25.0424,37.6152],[25.0298,37.6152],[25.0291,37.6227],[25.0143,37.6262],[25.0129,37.6322],[24.9967,37.6383],[24.9825,37.656],[24.9723,37.6591],[24.9762,37.6618],[24.9735,37.6713],[24.9801,37.6781],[24.9849,37.6764],[24.9822,37.6688],[24.9944,37.6752],[24.9937,37.6665],[25.0002,37.6629],[25.0018,37.6755],[25.0108,37.6773],[25.0167,37.6712],[25.0222,37.6783],[25.0294,37.6776],[25.0344,37.6693]]],[[[25.0298,37.6147],[25.0291,37.6138],[25.0287,37.6151],[25.0298,37.6147]]],[[[25.2452,37.6153],[25.2458,37.615],[25.2453,37.6147],[25.2452,37.6153]]],[[[25.1566,37.6404],[25.1566,37.6409],[25.1569,37.6409],[25.1566,37.6404]]],[[[25.1559,37.6412],[25.1554,37.6416],[25.156,37.6418],[25.1559,37.6412]]],[[[25.1545,37.6431],[25.1547,37.6427],[25.1545,37.6419],[25.1545,37.6431]]],[[[25.1384,37.6454],[25.1396,37.6471],[25.1399,37.6462],[25.1384,37.6454]]],[[[25.0625,37.6592],[25.0694,37.6614],[25.0678,37.6583],[25.0625,37.6592]]],[[[24.9711,37.672],[24.9716,37.6702],[24.9677,37.671],[24.9711,37.672]]],[[[24.9679,37.6728],[24.9668,37.6714],[24.9668,37.6733],[24.9679,37.6728]]]]}},{"type":"Feature","properties":{"code":"9113","name":"Πύλης","pe":"Π.Ε. Τρικάλων"},"geometry":{"type":"Polygon","coordinates":[[[21.7427,39.4762],[21.7324,39.473],[21.7029,39.4465],[21.6598,39.4469],[21.6455,39.4422],[21.6344,39.4278],[21.6111,39.4393],[21.6118,39.4444],[21.5955,39.4558],[21.5872,39.4458],[21.5959,39.4319],[21.5709,39.4273],[21.5594,39.407],[21.5309,39.3911],[21.5149,39.376],[21.4904,39.3855],[21.4775,39.4009],[21.447,39.4064],[21.4353,39.4156],[21.4117,39.4078],[21.382,39.3841],[21.3834,39.3795],[21.3769,39.3747],[21.3813,39.3698],[21.3816,39.3568],[21.3275,39.3568],[21.3167,39.3601],[21.3153,39.3566],[21.3052,39.358],[21.294,39.3639],[21.2941,39.3687],[21.2889,39.3677],[21.2715,39.3782],[21.2774,39.3948],[21.2667,39.4169],[21.2516,39.4234],[21.2425,39.4327],[21.2282,39.437],[21.2014,39.4633],[21.1945,39.475],[21.2151,39.4808],[21.216,39.4995],[21.1962,39.4955],[21.181,39.4996],[21.1904,39.5161],[21.2032,39.522],[21.1987,39.5443],[21.2374,39.5548],[21.2486,39.5529],[21.273,39.5698],[21.287,39.5637],[21.2999,39.5685],[21.3134,39.5663],[21.333,39.5727],[21.341,39.5901],[21.353,39.5916],[21.363,39.5856],[21.3897,39.5806],[21.3967,39.5838],[21.4126,39.5749],[21.4302,39.5822],[21.441,39.5702],[21.4712,39.5769],[21.4901,39.5747],[21.4994,39.5661],[21.536,39.5582],[21.5435,39.5545],[21.5395,39.5379],[21.5506,39.5188],[21.6204,39.5302],[21.6464,39.5409],[21.6622,39.5386],[21.6643,39.5341],[21.6807,39.5292],[21.6875,39.5303],[21.6972,39.5556],[21.7123,39.5456],[21.7214,39.5302],[21.7433,39.5227],[21.7497,39.5115],[21.7554,39.5099],[21.7509,39.5029],[21.7382,39.4999],[21.7415,39.4913],[21.7484,39.489],[21.7473,39.4827],[21.7418,39.4822],[21.7427,39.4762]]]}},{"type":"Feature","properties":{"code":"9112","name":"Καλαμπάκας","pe":"Π.Ε. Τρικάλων"},"geometry":{"type":"Polygon","coordinates":[[[21.1947,39.5544],[21.195,39.5761],[21.1817,39.616],[21.1528,39.6181],[21.1487,39.6313],[21.153,39.635],[21.1549,39.6484],[21.1274,39.6651],[21.1205,39.6798],[21.1226,39.6837],[21.1406,39.6873],[21.1456,39.6983],[21.1589,39.7005],[21.1622,39.7146],[21.1672,39.7178],[21.1839,39.7113],[21.2021,39.7168],[21.211,39.7089],[21.2272,39.7083],[21.2294,39.7004],[21.2362,39.696],[21.2509,39.6977],[21.2545,39.7082],[21.2467,39.7125],[21.247,39.7244],[21.2349,39.7334],[21.2251,39.7316],[21.2338,39.7545],[21.2252,39.782],[21.2288,39.7871],[21.2263,39.8042],[21.2302,39.8086],[21.2381,39.8038],[21.2512,39.8075],[21.2473,39.8129],[21.2607,39.8271],[21.265,39.8381],[21.2625,39.8506],[21.2662,39.8536],[21.2753,39.8561],[21.2909,39.8522],[21.3185,39.8694],[21.3219,39.867],[21.3231,39.8471],[21.3356,39.832],[21.3428,39.8307],[21.3677,39.8393],[21.3733,39.8321],[21.3837,39.8323],[21.3905,39.8432],[21.4026,39.8423],[21.421,39.8511],[21.4159,39.8579],[21.4242,39.8722],[21.4095,39.8741],[21.4285,39.8947],[21.4423,39.8924],[21.4483,39.897],[21.4723,39.9006],[21.4854,39.8892],[21.4944,39.8953],[21.5116,39.8932],[21.5237,39.9],[21.5576,39.8868],[21.575,39.8881],[21.5833,39.8937],[21.6052,39.8741],[21.6194,39.869],[21.6471,39.8727],[21.653,39.8785],[21.656,39.8667],[21.6698,39.8627],[21.6783,39.855],[21.7007,39.8567],[21.7192,39.8733],[21.7249,39.8692],[21.737,39.8693],[21.7434,39.8636],[21.7448,39.855],[21.7628,39.8565],[21.7892,39.846],[21.8255,39.8606],[21.8436,39.8614],[21.8731,39.8579],[21.8884,39.8512],[21.9091,39.8512],[21.9119,39.846],[21.9182,39.8526],[21.9887,39.8473],[21.9964,39.8387],[22.0062,39.8388],[22.0279,39.8294],[22.0201,39.8264],[21.9717,39.8314],[21.9632,39.8273],[21.9541,39.812],[21.9287,39.7915],[21.9217,39.7795],[21.9326,39.7692],[21.9296,39.7637],[21.8813,39.7411],[21.8839,39.7329],[21.872,39.7238],[21.8695,39.6997],[21.8487,39.6989],[21.8254,39.7248],[21.7829,39.7045],[21.7719,39.7065],[21.7455,39.7018],[21.7482,39.7103],[21.7398,39.7212],[21.7318,39.7211],[21.7173,39.7384],[21.726,39.7435],[21.7219,39.749],[21.7094,39.7422],[21.6985,39.7455],[21.691,39.7413],[21.7069,39.715],[21.7083,39.7061],[21.6988,39.6967],[21.7035,39.6964],[21.7062,39.6854],[21.7125,39.6835],[21.7069,39.6748],[21.7086,39.6658],[21.7044,39.6558],[21.7195,39.6485],[21.7284,39.6363],[21.7283,39.6277],[21.7236,39.6309],[21.7149,39.625],[21.7234,39.6141],[21.6788,39.6101],[21.6736,39.6207],[21.6776,39.6228],[21.6664,39.6308],[21.661,39.6286],[21.6469,39.6376],[21.6313,39.6328],[21.6049,39.6353],[21.592,39.6477],[21.5836,39.642],[21.5483,39.6336],[21.5569,39.6086],[21.5507,39.5853],[21.5558,39.5723],[21.5435,39.5545],[21.4994,39.5661],[21.4901,39.5747],[21.4712,39.5769],[21.441,39.5702],[21.4302,39.5822],[21.4126,39.5749],[21.3967,39.5838],[21.3897,39.5806],[21.3488,39.5915],[21.341,39.5901],[21.3338,39.5733],[21.3134,39.5663],[21.2999,39.5685],[21.287,39.5637],[21.273,39.5698],[21.2486,39.5529],[21.2374,39.5548],[21.1987,39.5443],[21.1947,39.5544]]]}},{"type":"Feature","properties":{"code":"9114","name":"Τρικκαίων","pe":"Π.Ε. Τρικάλων"},"geometry":{"type":"Polygon","coordinates":[[[21.9452,39.7577],[21.9402,39.7472],[21.9528,39.7302],[21.9565,39.7162],[21.9793,39.6981],[21.9647,39.6744],[21.9691,39.6686],[21.9665,39.6637],[21.9806,39.6524],[21.9866,39.6416],[21.9775,39.6446],[21.9691,39.6391],[21.9583,39.6399],[21.9504,39.6547],[21.9403,39.6523],[21.9303,39.6581],[21.9151,39.6446],[21.9171,39.6297],[21.9252,39.6254],[21.9266,39.6087],[21.9228,39.5999],[21.8897,39.6079],[21.8856,39.6024],[21.8855,39.5873],[21.8631,39.5706],[21.8628,39.5602],[21.8806,39.5524],[21.8834,39.5394],[21.8757,39.5328],[21.8767,39.5225],[21.895,39.5235],[21.8958,39.5183],[21.8816,39.5172],[21.8809,39.5079],[21.841,39.5133],[21.8407,39.508],[21.8207,39.4914],[21.8008,39.4625],[21.7724,39.4615],[21.7521,39.45],[21.7496,39.4587],[21.7583,39.4671],[21.7562,39.4774],[21.7513,39.4784],[21.7473,39.4827],[21.7484,39.489],[21.7373,39.4965],[21.7395,39.5013],[21.7548,39.5054],[21.7554,39.5099],[21.7497,39.5115],[21.7433,39.5227],[21.7214,39.5302],[21.7025,39.5539],[21.6972,39.5556],[21.6875,39.5303],[21.6807,39.5292],[21.6643,39.5341],[21.6622,39.5386],[21.6464,39.5409],[21.6231,39.5308],[21.5696,39.5208],[21.5506,39.5188],[21.5459,39.5241],[21.5395,39.5422],[21.5443,39.5563],[21.5547,39.5674],[21.5507,39.5864],[21.5571,39.6053],[21.5483,39.6336],[21.5943,39.6479],[21.6049,39.6353],[21.6313,39.6328],[21.6469,39.6376],[21.661,39.6286],[21.6664,39.6308],[21.6776,39.6228],[21.6736,39.6207],[21.6788,39.6101],[21.7234,39.6141],[21.7149,39.625],[21.7236,39.6309],[21.7283,39.6277],[21.7284,39.6363],[21.7195,39.6485],[21.7044,39.6558],[21.7086,39.6658],[21.7069,39.6748],[21.7125,39.6835],[21.7062,39.6854],[21.7035,39.6964],[21.6988,39.6967],[21.7083,39.7061],[21.7069,39.715],[21.691,39.7413],[21.6985,39.7455],[21.7094,39.7422],[21.7219,39.749],[21.726,39.7435],[21.7173,39.7384],[21.7318,39.7211],[21.7398,39.7212],[21.7482,39.7103],[21.7455,39.7018],[21.7719,39.7065],[21.7829,39.7045],[21.8254,39.7248],[21.8487,39.6989],[21.8656,39.6992],[21.8695,39.6997],[21.874,39.7274],[21.8839,39.7329],[21.8813,39.7411],[21.8998,39.7516],[21.9158,39.7547],[21.9326,39.7692],[21.9452,39.7577]]]}},{"type":"Feature","properties":{"code":"9115","name":"Φαρκαδόνας","pe":"Π.Ε. Τρικάλων"},"geometry":{"type":"Polygon","coordinates":[[[21.9872,39.7111],[22.0182,39.7333],[22.0286,39.7328],[22.0376,39.7252],[22.0504,39.7034],[22.0623,39.6727],[22.0766,39.6644],[22.0798,39.6511],[22.0942,39.6522],[22.1141,39.6633],[22.1359,39.6578],[22.1452,39.6403],[22.1476,39.6162],[22.1653,39.6087],[22.1946,39.6292],[22.203,39.6299],[22.2163,39.6238],[22.2157,39.6143],[22.2255,39.608],[22.2167,39.6078],[22.2223,39.596],[22.2129,39.5941],[22.2151,39.5853],[22.1906,39.5793],[22.182,39.553],[22.1592,39.5515],[22.1433,39.5443],[22.1296,39.5506],[22.0919,39.5569],[22.0849,39.5549],[22.0819,39.5471],[22.0484,39.5324],[22.016,39.5537],[21.9973,39.5563],[21.9681,39.537],[21.9474,39.5327],[21.9397,39.5264],[21.9195,39.5303],[21.9194,39.5259],[21.9338,39.5109],[21.9371,39.4952],[21.9252,39.4974],[21.9048,39.4938],[21.8959,39.5043],[21.901,39.5148],[21.8947,39.5242],[21.8767,39.5225],[21.8743,39.5265],[21.8768,39.5348],[21.8834,39.5394],[21.8806,39.5524],[21.8628,39.5602],[21.8631,39.5706],[21.8855,39.5873],[21.8856,39.6024],[21.8897,39.6079],[21.9217,39.5983],[21.9266,39.6087],[21.9252,39.6254],[21.9171,39.6297],[21.9148,39.6436],[21.9277,39.6572],[21.9403,39.6523],[21.9504,39.6547],[21.9583,39.6399],[21.9691,39.6391],[21.9775,39.6446],[21.9866,39.6416],[21.9806,39.6524],[21.9665,39.6637],[21.9691,39.6686],[21.9647,39.6744],[21.9872,39.7111]]]}},{"type":"Feature","properties":{"code":"9158","name":"Αμφίκλειας - Ελάτειας","pe":"Π.Ε. Φθιώτιδας"},"geometry":{"type":"Polygon","coordinates":[[[22.8269,38.5845],[22.8062,38.5958],[22.7916,38.5814],[22.7702,38.5879],[22.7621,38.5745],[22.7435,38.5706],[22.7379,38.5595],[22.7233,38.5559],[22.7183,38.5469],[22.6994,38.543],[22.6448,38.5128],[22.6367,38.5118],[22.5719,38.5683],[22.5743,38.5848],[22.5694,38.5948],[22.5688,38.6244],[22.5515,38.6392],[22.5536,38.653],[22.546,38.6656],[22.5341,38.668],[22.5282,38.655],[22.5031,38.6543],[22.4941,38.6625],[22.4954,38.6845],[22.4813,38.685],[22.4482,38.7004],[22.4471,38.7065],[22.4285,38.7235],[22.4272,38.733],[22.4483,38.7356],[22.4641,38.7427],[22.48,38.7416],[22.4918,38.7486],[22.5129,38.7392],[22.5231,38.7444],[22.5463,38.7421],[22.6197,38.7248],[22.6371,38.7243],[22.646,38.7294],[22.6644,38.7169],[22.6846,38.7096],[22.6784,38.6991],[22.68,38.694],[22.7016,38.6974],[22.7043,38.6882],[22.7158,38.6835],[22.7496,38.6888],[22.761,38.682],[22.7892,38.681],[22.8012,38.6877],[22.8135,38.7037],[22.8277,38.7101],[22.8416,38.701],[22.8477,38.6889],[22.8665,38.6906],[22.8926,38.6865],[22.9048,38.689],[22.9116,38.697],[22.9195,38.6948],[22.9299,38.6985],[22.9259,38.6712],[22.9071,38.6487],[22.8938,38.6425],[22.872,38.6455],[22.8566,38.6418],[22.8675,38.6249],[22.8679,38.6075],[22.8738,38.6039],[22.8608,38.5894],[22.8269,38.5845]]]}},{"type":"Feature","properties":{"code":"9160","name":"Λαμιέων","pe":"Π.Ε. Φθιώτιδας"},"geometry":{"type":"Polygon","coordinates":[[[22.4047,38.7348],[22.3905,38.7273],[22.3754,38.735],[22.3548,38.7253],[22.3072,38.717],[22.2958,38.7439],[22.3044,38.7638],[22.3093,38.7652],[22.3041,38.778],[22.3162,38.7886],[22.2968,38.8076],[22.2756,38.7986],[22.2682,38.7994],[22.2592,38.7887],[22.2607,38.7796],[22.2495,38.7843],[22.2453,38.7762],[22.2169,38.7649],[22.2096,38.7572],[22.1845,38.7583],[22.188,38.7482],[22.1796,38.7407],[22.1812,38.7349],[22.1729,38.7234],[22.1537,38.7247],[22.1353,38.7125],[22.1229,38.7338],[22.1076,38.7397],[22.1215,38.7433],[22.1379,38.7674],[22.1575,38.7775],[22.1614,38.7864],[22.1481,38.7978],[22.1528,38.8137],[22.151,38.8265],[22.1345,38.8178],[22.1342,38.8247],[22.1469,38.8498],[22.1639,38.8601],[22.1674,38.8697],[22.1651,38.888],[22.1815,38.8977],[22.18,38.9025],[22.1922,38.9317],[22.2089,38.9299],[22.2444,38.9443],[22.2374,38.9579],[22.2427,38.9772],[22.2367,38.9824],[22.2434,38.983],[22.2543,38.9992],[22.255,39.0049],[22.2445,39.0091],[22.2474,39.0139],[22.273,39.019],[22.2797,39.0148],[22.2786,39.0186],[22.2935,39.0126],[22.2945,39.0034],[22.2992,39.0006],[22.3438,39.0031],[22.3404,39.0156],[22.3467,39.0326],[22.3459,39.0391],[22.3388,39.0439],[22.3389,39.0553],[22.3671,39.0302],[22.3758,39.029],[22.3794,39.0237],[22.3781,39.0102],[22.3893,39.0025],[22.4011,39.0098],[22.4079,39.0028],[22.4228,39.0065],[22.4529,39.0008],[22.4722,39.0097],[22.4898,39.0038],[22.4995,39.0075],[22.5121,38.9988],[22.5377,39.0012],[22.536,38.9954],[22.5429,38.9932],[22.5486,38.9731],[22.5655,38.9568],[22.5707,38.9453],[22.5677,38.9283],[22.5526,38.9304],[22.5381,38.9205],[22.5155,38.9164],[22.521,38.91],[22.519,38.8987],[22.5261,38.8872],[22.532,38.8853],[22.5261,38.8727],[22.5568,38.8719],[22.5368,38.8591],[22.5277,38.8603],[22.5292,38.8573],[22.5425,38.8568],[22.5678,38.871],[22.5684,38.8666],[22.5809,38.8663],[22.5666,38.8611],[22.5643,38.8519],[22.5574,38.8518],[22.5589,38.845],[22.5526,38.843],[22.5543,38.8336],[22.5587,38.8375],[22.5631,38.8335],[22.5736,38.8403],[22.5768,38.8242],[22.5894,38.8253],[22.5962,38.8383],[22.5923,38.8431],[22.5976,38.8389],[22.5911,38.8246],[22.5778,38.8171],[22.5816,38.8105],[22.5747,38.8124],[22.5709,38.8084],[22.5813,38.8011],[22.568,38.7634],[22.555,38.7525],[22.5366,38.7493],[22.5436,38.7423],[22.5231,38.7444],[22.5129,38.7392],[22.4905,38.7486],[22.48,38.7416],[22.4641,38.7427],[22.4483,38.7356],[22.4047,38.7348]]]}},{"type":"Feature","properties":{"code":"9162","name":"Μακρακώμης","pe":"Π.Ε. Φθιώτιδας"},"geometry":{"type":"Polygon","coordinates":[[[22.0994,38.7379],[22.0892,38.7423],[22.07,38.7386],[22.0702,38.7494],[22.0564,38.7577],[22.0422,38.758],[22.027,38.768],[21.9992,38.7689],[21.9944,38.7745],[21.9708,38.7698],[21.9446,38.7843],[21.9451,38.7961],[21.9374,38.8147],[21.9213,38.8258],[21.9053,38.8307],[21.8909,38.8457],[21.8873,38.8588],[21.8758,38.8649],[21.8762,38.8822],[21.8813,38.8902],[21.8843,38.9114],[21.8732,38.9254],[21.8536,38.9344],[21.8497,38.9401],[21.826,38.9476],[21.8409,38.9565],[21.8508,38.9714],[21.8633,38.9993],[21.8606,39.0161],[21.8843,39.0251],[21.9161,39.0585],[21.9397,39.0653],[21.9456,39.0343],[21.9531,39.0244],[21.9894,39.0378],[22.0084,39.0295],[22.0209,39.0454],[22.0293,39.0427],[22.0629,39.0521],[22.0499,39.06],[22.0424,39.0746],[22.0433,39.0828],[22.0668,39.0858],[22.0788,39.1085],[22.0941,39.0925],[22.1013,39.0775],[22.1037,39.068],[22.0991,39.0644],[22.1266,39.0642],[22.1228,39.0431],[22.152,39.0521],[22.1426,39.0291],[22.1449,39.024],[22.1765,39.0198],[22.199,39.0105],[22.2024,39.0234],[22.22,39.0136],[22.2553,39.0046],[22.2434,38.983],[22.2367,38.9824],[22.2427,38.9772],[22.2374,38.9579],[22.2444,38.9443],[22.2089,38.9299],[22.1922,38.9317],[22.18,38.9025],[22.1815,38.8977],[22.1651,38.888],[22.1674,38.8697],[22.1639,38.8601],[22.1469,38.8498],[22.1342,38.8247],[22.1345,38.8178],[22.1413,38.8239],[22.1515,38.8255],[22.1528,38.8137],[22.1479,38.8],[22.1614,38.7864],[22.1566,38.7755],[22.1379,38.7674],[22.1215,38.7433],[22.0994,38.7379]]]}},{"type":"Feature","properties":{"code":"9159","name":"Δομοκού","pe":"Π.Ε. Φθιώτιδας"},"geometry":{"type":"Polygon","coordinates":[[[22.1076,39.0997],[22.12,39.0996],[22.135,39.1135],[22.1674,39.1255],[22.1496,39.1515],[22.1499,39.1581],[22.1825,39.1728],[22.1881,39.1891],[22.1993,39.1996],[22.2086,39.2016],[22.2308,39.2384],[22.2474,39.2477],[22.2474,39.2573],[22.2544,39.2565],[22.2521,39.2627],[22.2581,39.2723],[22.2668,39.2732],[22.2785,39.2609],[22.2876,39.237],[22.378,39.2266],[22.3924,39.2282],[22.4067,39.218],[22.4038,39.2088],[22.4083,39.1985],[22.4417,39.1859],[22.4521,39.167],[22.4442,39.1485],[22.4476,39.139],[22.4596,39.1357],[22.4788,39.144],[22.4934,39.1308],[22.5057,39.1312],[22.4908,39.1139],[22.4984,39.1067],[22.4982,39.1002],[22.4927,39.0954],[22.5035,39.0928],[22.5005,39.0864],[22.504,39.0598],[22.4934,39.047],[22.5145,39.0484],[22.5423,39.0384],[22.567,39.0364],[22.6035,39.0397],[22.6031,39.0275],[22.5951,39.0181],[22.5871,39.0192],[22.5731,39.0091],[22.5377,39.0012],[22.5121,38.9988],[22.4995,39.0075],[22.4898,39.0038],[22.4722,39.0097],[22.4529,39.0008],[22.4228,39.0065],[22.4079,39.0028],[22.4011,39.0098],[22.3893,39.0025],[22.3781,39.0102],[22.3794,39.0237],[22.3758,39.029],[22.3671,39.0302],[22.3389,39.0553],[22.3388,39.0439],[22.3459,39.0391],[22.347,39.027],[22.3404,39.0156],[22.3446,39.0039],[22.339,39.0012],[22.2992,39.0006],[22.2945,39.0034],[22.2935,39.0126],[22.2786,39.0186],[22.2797,39.0148],[22.273,39.019],[22.2601,39.0145],[22.2515,39.0168],[22.2405,39.0087],[22.22,39.0136],[22.2024,39.0234],[22.199,39.0105],[22.1765,39.0198],[22.1442,39.0244],[22.1426,39.0291],[22.152,39.0521],[22.1228,39.0431],[22.1266,39.0642],[22.0991,39.0644],[22.1038,39.0698],[22.0941,39.0925],[22.1076,39.0997]]]}},{"type":"Feature","properties":{"code":"9164","name":"Στυλίδας","pe":"Π.Ε. Φθιώτιδας"},"geometry":{"type":"MultiPolygon","coordinates":[[[[22.6236,38.9061],[22.6233,38.9057],[22.623,38.9063],[22.6236,38.9061]]],[[[22.9438,38.9266],[22.9446,38.9259],[22.9439,38.9257],[22.9438,38.9266]]],[[[22.6278,39.0515],[22.6466,39.0493],[22.6666,39.0547],[22.673,39.0491],[22.687,39.0484],[22.6867,39.0336],[22.7067,39.0188],[22.7325,39.0133],[22.7459,39.0181],[22.7517,39.005],[22.7604,38.9993],[22.8133,39.0022],[22.8553,38.9992],[22.8673,39.0049],[22.884,38.9804],[22.8971,38.9746],[22.9142,38.9763],[22.9307,38.9698],[22.967,38.9757],[22.9959,38.9918],[22.9986,38.9995],[23.0181,39.0027],[23.0103,38.9757],[22.9931,38.9641],[22.9963,38.9546],[22.9905,38.9442],[22.9713,38.9527],[22.9546,38.9464],[22.9507,38.937],[22.9426,38.9375],[22.9431,38.9423],[22.9365,38.9447],[22.9324,38.9385],[22.9402,38.9284],[22.9297,38.9245],[22.9233,38.9269],[22.9174,38.9187],[22.8562,38.9268],[22.838,38.9109],[22.8409,38.8943],[22.8286,38.8886],[22.8035,38.8873],[22.8,38.8817],[22.7857,38.8767],[22.7733,38.8804],[22.7601,38.873],[22.7589,38.8678],[22.7263,38.8746],[22.7097,38.8881],[22.7015,38.8859],[22.6951,38.8775],[22.6699,38.8813],[22.6471,38.9039],[22.6253,38.9058],[22.6176,38.9119],[22.6039,38.909],[22.5813,38.8901],[22.5477,38.8837],[22.548,38.8746],[22.556,38.8763],[22.5568,38.8719],[22.5261,38.8727],[22.532,38.8853],[22.5261,38.8872],[22.519,38.8987],[22.521,38.91],[22.516,38.918],[22.5381,38.9205],[22.5535,38.9306],[22.5677,38.9283],[22.571,38.9435],[22.5655,38.9568],[22.5486,38.9731],[22.5429,38.9932],[22.536,38.9954],[22.5374,39.0009],[22.5731,39.0091],[22.5871,39.0192],[22.5951,39.0181],[22.6027,39.0261],[22.6025,39.0369],[22.6074,39.0445],[22.6278,39.0515]]]]}},{"type":"Feature","properties":{"code":"9163","name":"Μώλου - Αγ. Κωνσταντίνου","pe":"Π.Ε. Φθιώτιδας"},"geometry":{"type":"MultiPolygon","coordinates":[[[[22.6013,38.8435],[22.5978,38.8336],[22.6061,38.8212],[22.6308,38.8377],[22.6401,38.8312],[22.6608,38.8329],[22.6699,38.8406],[22.685,38.8407],[22.6978,38.8525],[22.699,38.8427],[22.7082,38.8302],[22.7291,38.8202],[22.7597,38.7847],[22.7709,38.7786],[22.7804,38.7775],[22.7894,38.7837],[22.8076,38.7809],[22.8249,38.7907],[22.8392,38.7729],[22.8662,38.7545],[22.8984,38.7769],[22.9231,38.7712],[22.9307,38.759],[22.9143,38.7467],[22.9264,38.7381],[22.923,38.7322],[22.929,38.7236],[22.9056,38.7317],[22.8946,38.7311],[22.8989,38.7146],[22.9123,38.6966],[22.9048,38.689],[22.8806,38.6861],[22.8665,38.6906],[22.8477,38.6889],[22.8416,38.701],[22.8277,38.7101],[22.8102,38.7012],[22.8012,38.6877],[22.7905,38.6813],[22.7744,38.6806],[22.7602,38.6821],[22.7496,38.6888],[22.731,38.6837],[22.7126,38.684],[22.7043,38.6882],[22.7016,38.6974],[22.68,38.694],[22.6784,38.6991],[22.6846,38.7096],[22.6644,38.7169],[22.646,38.7294],[22.6334,38.724],[22.6033,38.7269],[22.5861,38.735],[22.5436,38.7423],[22.5366,38.7493],[22.555,38.7525],[22.5694,38.7661],[22.5813,38.8011],[22.5709,38.8084],[22.5747,38.8124],[22.5816,38.8105],[22.5778,38.8171],[22.5948,38.8299],[22.5976,38.8389],[22.5924,38.8434],[22.6013,38.8435]]],[[[22.5693,38.8378],[22.5696,38.8376],[22.5693,38.8368],[22.5693,38.8378]]]]}},{"type":"Feature","properties":{"code":"9161","name":"Λοκρών","pe":"Π.Ε. Φθιώτιδας"},"geometry":{"type":"MultiPolygon","coordinates":[[[[23.3011,38.577],[23.2998,38.5764],[23.3001,38.5773],[23.3011,38.577]]],[[[23.3088,38.5854],[23.3082,38.5855],[23.3108,38.5868],[23.3088,38.5854]]],[[[22.9718,38.7449],[23.0179,38.7485],[23.035,38.7561],[23.0573,38.7267],[23.0644,38.7232],[23.067,38.713],[23.0605,38.6981],[23.0657,38.679],[23.0761,38.6722],[23.0771,38.6654],[23.0975,38.6443],[23.0858,38.6533],[23.0937,38.6441],[23.0853,38.6502],[23.0862,38.6407],[23.0941,38.6374],[23.0975,38.6414],[23.0992,38.6342],[23.1083,38.6377],[23.103,38.6402],[23.1011,38.6472],[23.1232,38.6451],[23.1096,38.6338],[23.0994,38.634],[23.1074,38.6249],[23.1242,38.6338],[23.131,38.6329],[23.1353,38.6441],[23.1403,38.6463],[23.1609,38.6468],[23.1673,38.6393],[23.1716,38.6471],[23.1903,38.6496],[23.192,38.6569],[23.1695,38.6687],[23.165,38.6751],[23.1962,38.6807],[23.2294,38.6551],[23.2487,38.6455],[23.2573,38.6432],[23.2679,38.6491],[23.2853,38.6492],[23.3199,38.6389],[23.3358,38.6239],[23.3405,38.605],[23.3229,38.5918],[23.3066,38.5887],[23.3019,38.5802],[23.2877,38.5709],[23.2902,38.566],[23.285,38.561],[23.2896,38.5601],[23.2965,38.5678],[23.3162,38.5701],[23.3188,38.5547],[23.3274,38.5512],[23.3274,38.5421],[23.3334,38.543],[23.3282,38.5376],[23.3353,38.532],[23.3455,38.5391],[23.3635,38.5354],[23.3778,38.5258],[23.3387,38.5266],[23.3004,38.5122],[23.2742,38.5047],[23.2568,38.5055],[23.2493,38.5006],[23.2077,38.5054],[23.2115,38.5285],[23.207,38.5362],[23.181,38.5369],[23.1485,38.5568],[23.132,38.5533],[23.1295,38.5723],[23.1377,38.5825],[23.1265,38.5859],[23.1125,38.5796],[23.065,38.5792],[23.0561,38.5445],[23.0375,38.5368],[23.0085,38.5408],[22.9699,38.5533],[22.9518,38.5654],[22.9382,38.5574],[22.9078,38.5588],[22.8769,38.5504],[22.8621,38.5885],[22.8678,38.601],[22.8738,38.6039],[22.8679,38.6075],[22.8675,38.6249],[22.8566,38.6418],[22.872,38.6455],[22.8964,38.6429],[22.9071,38.6487],[22.9252,38.6695],[22.9312,38.6967],[22.9102,38.698],[22.9099,38.7042],[22.8989,38.7146],[22.8946,38.7311],[22.9095,38.7308],[22.9281,38.7229],[22.923,38.7322],[22.9271,38.7368],[22.9142,38.7485],[22.9307,38.759],[22.9718,38.7449]]],[[[23.1235,38.6365],[23.1243,38.6374],[23.1256,38.6371],[23.1235,38.6365]]],[[[23.088,38.6743],[23.0893,38.6734],[23.0886,38.6732],[23.088,38.6743]]],[[[23.0963,38.6659],[23.0875,38.666],[23.0949,38.6833],[23.1039,38.6788],[23.1002,38.6771],[23.1037,38.6733],[23.0963,38.6659]]],[[[23.0911,38.6842],[23.0916,38.6839],[23.0917,38.6834],[23.0911,38.6842]]],[[[23.0587,38.7326],[23.0598,38.7323],[23.0598,38.7319],[23.0587,38.7326]]],[[[23.0566,38.733],[23.0568,38.7333],[23.0573,38.733],[23.0566,38.733]]]]}},{"type":"Feature","properties":{"code":"9070","name":"Αμυνταίου","pe":"Π.Ε. Φλώρινας"},"geometry":{"type":"Polygon","coordinates":[[[21.7417,40.8177],[21.7358,40.8056],[21.7423,40.7952],[21.7328,40.7843],[21.7492,40.774],[21.7721,40.7793],[21.7952,40.7727],[21.7802,40.7429],[21.8116,40.7252],[21.8138,40.7033],[21.8221,40.6963],[21.8042,40.6926],[21.8041,40.6756],[21.7987,40.6655],[21.7877,40.6591],[21.8,40.641],[21.781,40.6103],[21.7361,40.598],[21.7232,40.6042],[21.7196,40.6003],[21.7213,40.5912],[21.7131,40.5886],[21.682,40.5956],[21.6623,40.5896],[21.6417,40.5947],[21.641,40.5853],[21.6204,40.5879],[21.5867,40.5822],[21.5312,40.5535],[21.5376,40.5403],[21.5272,40.5284],[21.5183,40.5235],[21.5089,40.5257],[21.4997,40.5222],[21.4931,40.5345],[21.4953,40.5476],[21.4912,40.5619],[21.4957,40.5677],[21.4747,40.5654],[21.4584,40.5756],[21.4528,40.5864],[21.4559,40.594],[21.4469,40.6048],[21.4321,40.6023],[21.4138,40.6058],[21.4101,40.5896],[21.3937,40.5918],[21.3839,40.6018],[21.3842,40.6264],[21.3798,40.6387],[21.3856,40.65],[21.4033,40.6468],[21.4109,40.6507],[21.4136,40.6393],[21.4206,40.6319],[21.4346,40.637],[21.4537,40.6356],[21.4587,40.6546],[21.4757,40.6653],[21.5003,40.6905],[21.5138,40.6761],[21.5282,40.6725],[21.5689,40.7104],[21.5731,40.7205],[21.5821,40.7163],[21.6173,40.738],[21.6138,40.7488],[21.6284,40.7632],[21.6575,40.7688],[21.6353,40.7914],[21.6419,40.7979],[21.631,40.806],[21.6276,40.8155],[21.6315,40.8235],[21.6393,40.8204],[21.6476,40.8235],[21.658,40.8359],[21.6556,40.8399],[21.6772,40.8391],[21.6958,40.8517],[21.7126,40.8486],[21.7417,40.8177]]]}},{"type":"Feature","properties":{"code":"9072","name":"Φλώρινας","pe":"Π.Ε. Φλώρινας"},"geometry":{"type":"Polygon","coordinates":[[[21.3884,40.6585],[21.3819,40.6671],[21.3666,40.6737],[21.3623,40.6873],[21.3455,40.6917],[21.328,40.704],[21.3231,40.7049],[21.3262,40.6957],[21.3213,40.6833],[21.2962,40.6856],[21.2823,40.6987],[21.2789,40.7101],[21.2867,40.7103],[21.2874,40.716],[21.2973,40.7224],[21.2712,40.7363],[21.2624,40.7491],[21.2793,40.7575],[21.2691,40.7608],[21.2674,40.7692],[21.2694,40.7839],[21.276,40.791],[21.2582,40.8051],[21.2597,40.8215],[21.2548,40.8354],[21.2591,40.8602],[21.2715,40.8652],[21.3149,40.8673],[21.3617,40.8791],[21.4172,40.918],[21.4402,40.9169],[21.4636,40.9067],[21.489,40.9119],[21.5261,40.91],[21.552,40.882],[21.5646,40.8768],[21.5679,40.8671],[21.594,40.867],[21.6035,40.8799],[21.6102,40.8795],[21.6192,40.8881],[21.6298,40.8887],[21.6346,40.8965],[21.6488,40.9014],[21.6713,40.8992],[21.6705,40.9137],[21.6663,40.9171],[21.6709,40.9253],[21.6815,40.9331],[21.6839,40.9402],[21.7044,40.9435],[21.7311,40.9302],[21.7475,40.9301],[21.755,40.9251],[21.7886,40.9313],[21.7967,40.9258],[21.8066,40.9078],[21.8089,40.9102],[21.8287,40.9049],[21.8298,40.898],[21.8072,40.8874],[21.8022,40.8792],[21.7779,40.8689],[21.7436,40.862],[21.7342,40.8541],[21.7295,40.8585],[21.7332,40.8673],[21.7139,40.8692],[21.7042,40.8635],[21.7116,40.851],[21.6937,40.8512],[21.676,40.8388],[21.6556,40.8399],[21.658,40.8359],[21.6476,40.8235],[21.6393,40.8204],[21.6315,40.8235],[21.6276,40.8155],[21.631,40.806],[21.6419,40.7979],[21.6353,40.7914],[21.6575,40.7688],[21.6284,40.7632],[21.6138,40.7488],[21.6173,40.738],[21.5821,40.7163],[21.5731,40.7205],[21.5689,40.7104],[21.5282,40.6725],[21.5138,40.6761],[21.5003,40.6905],[21.4757,40.6653],[21.4587,40.6546],[21.4537,40.6356],[21.4346,40.637],[21.4206,40.6319],[21.4136,40.6393],[21.4109,40.6507],[21.4033,40.6468],[21.3856,40.65],[21.3884,40.6585]]]}},{"type":"Feature","properties":{"code":"9071","name":"Πρεσπών","pe":"Π.Ε. Φλώρινας"},"geometry":{"type":"Polygon","coordinates":[[[21.2464,40.7521],[21.2415,40.7458],[21.2312,40.712],[21.2189,40.7021],[21.2142,40.6769],[21.1928,40.6495],[21.1789,40.6433],[21.1574,40.6425],[21.1406,40.6296],[21.1191,40.6202],[21.1082,40.609],[21.0689,40.6037],[21.0558,40.6166],[21.0522,40.6351],[21.0573,40.6673],[21.0242,40.7091],[20.9831,40.7378],[20.9812,40.7628],[20.9555,40.7705],[20.9758,40.7818],[20.9831,40.7912],[20.9832,40.8548],[21.1431,40.8549],[21.1561,40.8575],[21.1767,40.8748],[21.1944,40.877],[21.2079,40.8838],[21.2422,40.8742],[21.2518,40.8625],[21.2591,40.8602],[21.2548,40.8354],[21.2597,40.8215],[21.2582,40.8051],[21.276,40.791],[21.2694,40.7839],[21.2674,40.7692],[21.2691,40.7608],[21.2793,40.7575],[21.2624,40.7491],[21.2464,40.7521]]]}},{"type":"Feature","properties":{"code":"9166","name":"Δωρίδος","pe":"Π.Ε. Φωκίδας"},"geometry":{"type":"MultiPolygon","coordinates":[[[[22.1683,38.3344],[22.1679,38.3349],[22.1682,38.3351],[22.1683,38.3344]]],[[[22.1607,38.3423],[22.1601,38.3422],[22.1598,38.3434],[22.1607,38.3423]]],[[[22.2669,38.3458],[22.2666,38.3458],[22.2672,38.3461],[22.2669,38.3458]]],[[[22.1241,38.3565],[22.1252,38.3562],[22.1252,38.3545],[22.1241,38.3565]]],[[[22.0998,38.36],[22.1019,38.3585],[22.0961,38.3573],[22.0998,38.36]]],[[[22.0821,38.3646],[22.0805,38.3652],[22.0811,38.3655],[22.0821,38.3646]]],[[[22.0747,38.3669],[22.0886,38.3559],[22.0686,38.3602],[22.0605,38.3744],[22.0684,38.3758],[22.0808,38.3686],[22.0747,38.3669]]],[[[22.2773,38.3413],[22.277,38.3456],[22.2668,38.3467],[22.2542,38.3619],[22.2428,38.3598],[22.2407,38.3517],[22.2299,38.3598],[22.2089,38.3436],[22.1941,38.3383],[22.1845,38.3206],[22.1719,38.3305],[22.1709,38.3359],[22.1671,38.3355],[22.1664,38.3441],[22.1617,38.3433],[22.1546,38.3503],[22.1502,38.343],[22.1357,38.3485],[22.1416,38.3495],[22.1368,38.359],[22.128,38.3596],[22.1268,38.3663],[22.1116,38.3657],[22.108,38.37],[22.1017,38.3669],[22.1023,38.3704],[22.0655,38.3815],[22.0632,38.3884],[22.0513,38.3949],[22.0232,38.3947],[22.0042,38.3892],[21.9945,38.3983],[21.9411,38.4062],[21.9344,38.4059],[21.9319,38.3987],[21.926,38.398],[21.8964,38.3714],[21.8786,38.3684],[21.8523,38.3731],[21.8829,38.4156],[21.8796,38.4367],[21.8861,38.4432],[21.8798,38.465],[21.8871,38.4648],[21.895,38.4741],[21.9202,38.479],[21.9358,38.4911],[21.9524,38.4966],[21.968,38.4956],[21.984,38.5066],[21.9999,38.5084],[22.0012,38.5144],[21.9897,38.5324],[21.9942,38.5555],[22.0031,38.5592],[22.0048,38.5734],[22.0155,38.5881],[21.9858,38.6013],[21.967,38.6026],[21.9769,38.6196],[22.0044,38.6247],[22.0004,38.6377],[21.9866,38.6458],[21.9888,38.6613],[21.9822,38.6694],[21.9924,38.6794],[21.9991,38.6804],[21.9898,38.6834],[21.9827,38.6921],[21.9954,38.696],[21.9914,38.7102],[22.0264,38.7278],[22.0238,38.7397],[21.9992,38.7689],[22.027,38.768],[22.0422,38.758],[22.0564,38.7577],[22.0702,38.7494],[22.07,38.7386],[22.0892,38.7423],[22.1007,38.7377],[22.1056,38.7311],[22.104,38.7214],[22.095,38.7065],[22.1059,38.6853],[22.1427,38.6796],[22.148,38.6606],[22.1683,38.6624],[22.1785,38.6544],[22.1947,38.6518],[22.2057,38.6635],[22.2372,38.6728],[22.2535,38.6701],[22.2521,38.6418],[22.2297,38.619],[22.2434,38.6166],[22.2399,38.5815],[22.2444,38.5674],[22.2665,38.5502],[22.2765,38.554],[22.2816,38.5649],[22.2955,38.5473],[22.3256,38.537],[22.3183,38.52],[22.3182,38.5046],[22.3004,38.506],[22.2761,38.5001],[22.2695,38.4953],[22.2695,38.4874],[22.2626,38.4771],[22.2639,38.4235],[22.2789,38.4036],[22.2772,38.3926],[22.2654,38.3822],[22.2733,38.3623],[22.2856,38.3476],[22.2837,38.3444],[22.293,38.3387],[22.2773,38.3413]]]]}},{"type":"Feature","properties":{"code":"9165","name":"Δελφών","pe":"Π.Ε. Φωκίδας"},"geometry":{"type":"MultiPolygon","coordinates":[[[[22.6264,38.3086],[22.6203,38.314],[22.6277,38.312],[22.6264,38.3086]]],[[[22.2957,38.3387],[22.2959,38.3384],[22.2954,38.3384],[22.2957,38.3387]]],[[[22.4017,38.3778],[22.401,38.3786],[22.4033,38.3786],[22.4017,38.3778]]],[[[22.4052,38.385],[22.4054,38.3833],[22.4025,38.3827],[22.4013,38.3854],[22.4052,38.385]]],[[[22.4242,38.3911],[22.4244,38.3915],[22.4251,38.3911],[22.4242,38.3911]]],[[[22.4069,38.3917],[22.4063,38.3911],[22.4058,38.3921],[22.4069,38.3917]]],[[[22.4212,38.4098],[22.4215,38.4092],[22.4205,38.4095],[22.4212,38.4098]]],[[[22.4182,38.4182],[22.4187,38.4176],[22.4177,38.4176],[22.4182,38.4182]]],[[[22.4216,38.4193],[22.4216,38.4198],[22.4228,38.42],[22.4216,38.4193]]],[[[22.1229,38.7338],[22.1353,38.7125],[22.1537,38.7247],[22.1729,38.7234],[22.1812,38.7349],[22.1796,38.7407],[22.188,38.7482],[22.1845,38.7583],[22.2096,38.7572],[22.2169,38.7649],[22.2453,38.7762],[22.2495,38.7843],[22.2607,38.7796],[22.2592,38.7887],[22.2682,38.7994],[22.2756,38.7986],[22.2968,38.8076],[22.3162,38.7886],[22.3041,38.778],[22.3093,38.7652],[22.3044,38.7638],[22.2958,38.7439],[22.3072,38.717],[22.3548,38.7253],[22.3754,38.735],[22.3905,38.7273],[22.4047,38.7348],[22.4266,38.7335],[22.4285,38.7235],[22.4471,38.7065],[22.4482,38.7004],[22.4813,38.685],[22.4954,38.6845],[22.4941,38.6625],[22.5031,38.6543],[22.5282,38.655],[22.5341,38.668],[22.5451,38.6665],[22.5536,38.653],[22.5515,38.6392],[22.5683,38.6258],[22.5694,38.5948],[22.5743,38.5848],[22.5709,38.5714],[22.5815,38.5596],[22.5682,38.5575],[22.5514,38.5669],[22.5369,38.5678],[22.4966,38.5811],[22.4875,38.5622],[22.5154,38.5371],[22.5253,38.5108],[22.5263,38.4963],[22.5506,38.479],[22.548,38.4635],[22.5382,38.4559],[22.5748,38.4293],[22.6033,38.4351],[22.6035,38.4216],[22.6122,38.4114],[22.6072,38.3736],[22.6138,38.3706],[22.6131,38.3674],[22.6076,38.3588],[22.6026,38.359],[22.6019,38.3504],[22.5979,38.3545],[22.594,38.3528],[22.5861,38.3273],[22.6022,38.3169],[22.6084,38.3175],[22.5888,38.3056],[22.5927,38.3018],[22.5911,38.2943],[22.5868,38.294],[22.5891,38.2883],[22.5792,38.2877],[22.5849,38.2798],[22.5524,38.2828],[22.5485,38.2912],[22.5528,38.2944],[22.5376,38.3116],[22.5388,38.3146],[22.5191,38.3282],[22.5231,38.3351],[22.5394,38.3361],[22.5375,38.3449],[22.5138,38.3605],[22.5115,38.3727],[22.5047,38.3815],[22.4646,38.4122],[22.4553,38.4276],[22.4242,38.4291],[22.4177,38.4322],[22.421,38.4374],[22.4172,38.4457],[22.4076,38.4429],[22.404,38.449],[22.3992,38.4484],[22.3984,38.4323],[22.4062,38.4292],[22.4092,38.4145],[22.4166,38.4124],[22.4045,38.4083],[22.3942,38.4125],[22.3735,38.3909],[22.3885,38.3786],[22.3865,38.3749],[22.3974,38.3797],[22.3946,38.3761],[22.3986,38.3764],[22.4026,38.3637],[22.3835,38.3647],[22.385,38.3577],[22.3797,38.3479],[22.3849,38.3528],[22.3956,38.3483],[22.3795,38.3405],[22.3784,38.3325],[22.3588,38.3369],[22.3573,38.3492],[22.3237,38.3442],[22.2991,38.3562],[22.2946,38.3519],[22.2985,38.3486],[22.2912,38.344],[22.293,38.3387],[22.2837,38.3444],[22.2856,38.3476],[22.2733,38.3623],[22.2654,38.3822],[22.2772,38.3926],[22.2789,38.4036],[22.2639,38.4235],[22.2626,38.4771],[22.2695,38.4874],[22.2695,38.4953],[22.2761,38.5001],[22.3004,38.506],[22.3182,38.5046],[22.3183,38.52],[22.3255,38.5384],[22.2955,38.5473],[22.2816,38.5649],[22.2765,38.554],[22.2665,38.5502],[22.2444,38.5674],[22.2399,38.5815],[22.2434,38.6166],[22.2297,38.619],[22.2521,38.6418],[22.2535,38.6701],[22.2372,38.6728],[22.2057,38.6635],[22.1947,38.6518],[22.1785,38.6544],[22.1683,38.6624],[22.148,38.6606],[22.1427,38.6796],[22.1059,38.6853],[22.0961,38.7031],[22.0952,38.7105],[22.104,38.7214],[22.1055,38.73],[22.1007,38.7377],[22.1076,38.7397],[22.1229,38.7338]]]]}},{"type":"Feature","properties":{"code":"9266","name":"Χίου","pe":"Π.Ε. Χίου"},"geometry":{"type":"MultiPolygon","coordinates":[[[[25.9145,38.2068],[25.9133,38.2055],[25.9136,38.2076],[25.9145,38.2068]]],[[[25.8871,38.2141],[25.8872,38.2133],[25.8867,38.2135],[25.8871,38.2141]]],[[[25.8654,38.2392],[25.8649,38.2394],[25.8654,38.2397],[25.8654,38.2392]]],[[[25.8757,38.2754],[25.8758,38.2751],[25.8751,38.275],[25.8757,38.2754]]],[[[25.8745,38.2756],[25.8749,38.275],[25.8737,38.2746],[25.8745,38.2756]]],[[[25.9451,38.3185],[25.9472,38.319],[25.942,38.316],[25.9403,38.319],[25.9451,38.3185]]],[[[26.0141,38.1266],[26.0162,38.1263],[26.0159,38.1253],[26.0141,38.1266]]],[[[25.9567,38.3102],[25.9541,38.312],[25.9561,38.3128],[25.9567,38.3102]]],[[[25.9649,38.313],[25.9594,38.3104],[25.9574,38.3143],[25.9666,38.3133],[25.9661,38.3103],[25.9649,38.313]]],[[[25.9617,38.3317],[25.9622,38.3318],[25.9623,38.3315],[25.9617,38.3317]]],[[[26.1241,38.477],[26.1431,38.4773],[26.1409,38.4718],[26.144,38.4717],[26.1358,38.4628],[26.1457,38.4647],[26.1427,38.4611],[26.1444,38.4585],[26.151,38.4665],[26.1541,38.4595],[26.1528,38.4516],[26.1431,38.4444],[26.1432,38.4345],[26.134,38.421],[26.1337,38.4038],[26.1371,38.376],[26.1433,38.3709],[26.1375,38.3723],[26.1386,38.3679],[26.1432,38.3689],[26.142,38.3407],[26.1614,38.3294],[26.1534,38.3207],[26.1601,38.3127],[26.1529,38.3029],[26.1406,38.2996],[26.1034,38.273],[26.1036,38.2453],[26.116,38.2328],[26.1049,38.2229],[26.0992,38.2099],[26.0651,38.2068],[26.0371,38.1983],[26.0333,38.1885],[26.0282,38.1882],[26.0299,38.1854],[26.0226,38.1789],[26.0219,38.1565],[26.0111,38.1466],[26.0102,38.1545],[25.9973,38.155],[25.994,38.1639],[25.9679,38.1677],[25.9677,38.1732],[25.949,38.1867],[25.9516,38.195],[25.9384,38.1973],[25.926,38.1926],[25.9226,38.2009],[25.9263,38.2068],[25.9191,38.2033],[25.9163,38.2078],[25.9085,38.2123],[25.9122,38.2135],[25.9137,38.222],[25.9056,38.2227],[25.9021,38.217],[25.9024,38.2214],[25.8956,38.219],[25.8931,38.2241],[25.8869,38.2149],[25.8874,38.2419],[25.8793,38.2458],[25.8719,38.2403],[25.8637,38.2438],[25.8754,38.2737],[25.8884,38.275],[25.9024,38.2866],[25.9005,38.2901],[25.9067,38.2879],[25.9221,38.3013],[25.9256,38.2993],[25.9219,38.2926],[25.9286,38.2867],[25.9313,38.3007],[25.9381,38.2933],[25.9424,38.2988],[25.9529,38.2931],[25.9602,38.2979],[25.9653,38.2954],[25.9642,38.2993],[25.9733,38.3105],[25.9664,38.3177],[25.9733,38.3213],[25.9729,38.3292],[25.9853,38.3311],[25.9854,38.3433],[25.9955,38.342],[25.9935,38.3599],[25.9855,38.3628],[25.9926,38.3644],[25.9946,38.3719],[25.9866,38.378],[25.9921,38.3907],[25.9828,38.3862],[25.9739,38.4004],[25.9672,38.3991],[25.9673,38.4036],[25.9594,38.4042],[25.9633,38.4077],[25.9598,38.4148],[25.9632,38.4175],[25.9539,38.4193],[25.9586,38.4312],[25.9571,38.4418],[25.9507,38.4481],[25.9451,38.4473],[25.9432,38.4593],[25.9199,38.4709],[25.8952,38.4767],[25.8913,38.4744],[25.8572,38.4982],[25.844,38.5297],[25.8309,38.5404],[25.8323,38.5493],[25.8429,38.5569],[25.8515,38.5768],[25.8905,38.5887],[25.9384,38.5878],[25.9717,38.5974],[25.9937,38.5984],[26.0002,38.6046],[26.022,38.5997],[26.0446,38.5887],[26.063,38.5944],[26.0654,38.5858],[26.0749,38.5803],[26.0752,38.5728],[26.086,38.5565],[26.0944,38.5597],[26.1067,38.5566],[26.1086,38.5451],[26.1148,38.5408],[26.1183,38.5416],[26.1173,38.556],[26.1275,38.5437],[26.1317,38.5436],[26.1266,38.5557],[26.1339,38.5579],[26.1331,38.5671],[26.1492,38.5543],[26.1612,38.5515],[26.1635,38.5366],[26.1507,38.5216],[26.1531,38.4967],[26.1433,38.4895],[26.1309,38.4871],[26.1275,38.4906],[26.1237,38.4878],[26.1271,38.4825],[26.1241,38.477]]],[[[26.0291,38.6054],[26.029,38.6041],[26.0284,38.6048],[26.0291,38.6054]]]]}},{"type":"Feature","properties":{"code":"9267","name":"Ψαρών","pe":"Π.Ε. Χίου"},"geometry":{"type":"MultiPolygon","coordinates":[[[[25.2833,38.1657],[25.2836,38.1654],[25.2831,38.1649],[25.2833,38.1657]]],[[[25.2908,38.1733],[25.291,38.1736],[25.2911,38.1732],[25.2908,38.1733]]],[[[25.5225,38.5214],[25.5226,38.5217],[25.5229,38.5215],[25.5225,38.5214]]],[[[25.5197,38.5263],[25.5234,38.5244],[25.5162,38.5201],[25.5197,38.5263]]],[[[25.519,38.5271],[25.517,38.5283],[25.5181,38.528],[25.519,38.5271]]],[[[25.4892,38.5311],[25.4897,38.5312],[25.4898,38.5309],[25.4892,38.5311]]],[[[25.4932,38.5333],[25.4934,38.5331],[25.4929,38.5331],[25.4932,38.5333]]],[[[25.4935,38.5337],[25.4938,38.5335],[25.4936,38.5334],[25.4935,38.5337]]],[[[25.5101,38.5535],[25.5274,38.5504],[25.52,38.5422],[25.5258,38.5326],[25.521,38.5299],[25.4952,38.5328],[25.5101,38.5535]]],[[[25.5253,38.5524],[25.5251,38.5528],[25.5254,38.5528],[25.5253,38.5524]]],[[[25.5419,38.5811],[25.5422,38.5811],[25.542,38.5808],[25.5419,38.5811]]],[[[25.5333,38.6034],[25.5354,38.6049],[25.5355,38.6035],[25.5333,38.6034]]],[[[25.5328,38.6039],[25.5324,38.6041],[25.533,38.6042],[25.5328,38.6039]]],[[[25.6025,38.5326],[25.6025,38.5323],[25.602,38.5325],[25.6025,38.5326]]],[[[25.6121,38.5564],[25.612,38.5561],[25.6116,38.5563],[25.6121,38.5564]]],[[[25.5556,38.5576],[25.5552,38.5572],[25.5553,38.5577],[25.5556,38.5576]]],[[[25.5544,38.5575],[25.5545,38.5579],[25.5548,38.5577],[25.5544,38.5575]]],[[[25.5545,38.5585],[25.555,38.5585],[25.555,38.5584],[25.5545,38.5585]]],[[[25.5589,38.558],[25.5575,38.5581],[25.5583,38.559],[25.5589,38.558]]],[[[25.556,38.5592],[25.5558,38.5595],[25.5561,38.5594],[25.556,38.5592]]],[[[25.5564,38.567],[25.5569,38.5671],[25.5564,38.5668],[25.5564,38.567]]],[[[25.5639,38.6058],[25.5675,38.601],[25.5708,38.6113],[25.5723,38.6058],[25.5775,38.6091],[25.582,38.6029],[25.5915,38.6097],[25.5983,38.6001],[25.6059,38.5998],[25.6067,38.5937],[25.6212,38.5901],[25.6204,38.5786],[25.6241,38.5743],[25.6154,38.5695],[25.6163,38.5623],[25.6111,38.5583],[25.61,38.5347],[25.5839,38.5345],[25.5818,38.5396],[25.5697,38.545],[25.5639,38.5409],[25.5651,38.5315],[25.562,38.5335],[25.5555,38.5492],[25.5622,38.5522],[25.5654,38.5641],[25.554,38.57],[25.5526,38.577],[25.53,38.5956],[25.5428,38.6044],[25.5536,38.597],[25.5639,38.6058]]],[[[25.6123,38.594],[25.612,38.5951],[25.6131,38.5955],[25.6123,38.594]]],[[[25.5486,38.6019],[25.5486,38.6015],[25.5479,38.6013],[25.5486,38.6019]]],[[[25.5852,38.6077],[25.585,38.6076],[25.5842,38.6082],[25.5852,38.6077]]]]}},{"type":"Feature","properties":{"code":"9265","name":"Οινουσσών","pe":"Π.Ε. Χίου"},"geometry":{"type":"MultiPolygon","coordinates":[[[[26.1546,38.4734],[26.152,38.4697],[26.1523,38.4727],[26.1546,38.4734]]],[[[26.128,38.487],[26.1272,38.4874],[26.1277,38.4882],[26.128,38.487]]],[[[26.216,38.5118],[26.2155,38.5118],[26.2153,38.5125],[26.216,38.5118]]],[[[26.2152,38.5129],[26.214,38.5136],[26.2141,38.5139],[26.2152,38.5129]]],[[[26.1845,38.5236],[26.1842,38.5231],[26.1834,38.5234],[26.1845,38.5236]]],[[[26.183,38.5255],[26.1847,38.5252],[26.1836,38.5246],[26.183,38.5255]]],[[[26.1633,38.5547],[26.1651,38.5534],[26.1643,38.5522],[26.1633,38.5547]]],[[[26.116,38.5623],[26.1194,38.5623],[26.1215,38.5564],[26.116,38.5623]]],[[[26.1454,38.5659],[26.146,38.5661],[26.1459,38.5657],[26.1454,38.5659]]],[[[26.2889,38.492],[26.2916,38.4866],[26.2869,38.4855],[26.2792,38.4882],[26.2889,38.492]]],[[[26.2784,38.489],[26.2769,38.489],[26.2776,38.4897],[26.2784,38.489]]],[[[26.2651,38.4971],[26.2617,38.4937],[26.2604,38.4983],[26.2691,38.5038],[26.2665,38.4942],[26.2651,38.4971]]],[[[26.2713,38.5057],[26.2745,38.5074],[26.276,38.5048],[26.2713,38.5057]]],[[[26.2796,38.501],[26.2823,38.5043],[26.2748,38.5104],[26.276,38.5206],[26.2851,38.5144],[26.2888,38.5043],[26.2957,38.5014],[26.292,38.498],[26.2938,38.4934],[26.2782,38.497],[26.2832,38.4984],[26.2796,38.501]]],[[[26.262,38.5059],[26.2612,38.5083],[26.2621,38.5086],[26.262,38.5059]]],[[[26.2328,38.509],[26.233,38.5088],[26.2326,38.5085],[26.2328,38.509]]],[[[26.2197,38.5077],[26.2153,38.5113],[26.2163,38.5114],[26.2197,38.5077]]],[[[26.2726,38.5131],[26.2733,38.5136],[26.2733,38.5131],[26.2726,38.5131]]],[[[26.2375,38.5262],[26.2474,38.528],[26.2655,38.5192],[26.2723,38.522],[26.2692,38.5104],[26.2605,38.5146],[26.2563,38.5037],[26.249,38.5027],[26.2484,38.5064],[26.2452,38.5045],[26.2529,38.5121],[26.2499,38.5141],[26.2386,38.5066],[26.2295,38.5153],[26.2277,38.5106],[26.2094,38.5199],[26.2051,38.5142],[26.1993,38.5299],[26.1823,38.5444],[26.2104,38.5415],[26.2074,38.5389],[26.2132,38.5382],[26.2136,38.5339],[26.2245,38.5383],[26.2269,38.5339],[26.2375,38.5321],[26.2375,38.5262]]]]}},{"type":"Feature","properties":{"code":"9057","name":"Κασσάνδρας","pe":"Π.Ε. Χαλκιδικής"},"geometry":{"type":"MultiPolygon","coordinates":[[[[23.3968,40.1393],[23.4167,40.127],[23.4392,40.1023],[23.4517,40.0723],[23.4691,40.0514],[23.4935,40.034],[23.5917,39.9968],[23.6368,39.984],[23.6652,39.9825],[23.6724,39.9745],[23.6792,39.9733],[23.6762,39.9618],[23.6851,39.9587],[23.6872,39.9404],[23.6927,39.9334],[23.7115,39.9283],[23.7449,39.9344],[23.7502,39.916],[23.7314,39.9144],[23.7164,39.9078],[23.6839,39.9175],[23.6428,39.9148],[23.5931,39.9211],[23.5793,39.9315],[23.5545,39.9349],[23.5007,39.959],[23.4652,39.9697],[23.4433,39.9705],[23.414,39.9596],[23.3784,39.9623],[23.3552,39.9539],[23.3768,39.9834],[23.3817,39.9964],[23.3802,40.0065],[23.362,40.0245],[23.3589,40.0371],[23.342,40.0541],[23.3377,40.0691],[23.3113,40.0802],[23.3098,40.0961],[23.3041,40.1002],[23.3193,40.1228],[23.3248,40.1207],[23.3317,40.1342],[23.3627,40.1466],[23.3968,40.1393]]],[[[23.3595,40.0285],[23.3598,40.0282],[23.3592,40.0282],[23.3595,40.0285]]]]}},{"type":"Feature","properties":{"code":"9058","name":"Νέας Προποντίδας","pe":"Π.Ε. Χαλκιδικής"},"geometry":{"type":"MultiPolygon","coordinates":[[[[23.3222,40.1322],[23.3171,40.1481],[23.3264,40.1815],[23.3216,40.196],[23.3344,40.1967],[23.3478,40.1823],[23.3507,40.166],[23.3627,40.1466],[23.3311,40.1339],[23.3248,40.1207],[23.3204,40.1249],[23.3222,40.1322]]],[[[23.3338,40.2164],[23.331,40.2036],[23.3342,40.1973],[23.3216,40.1966],[23.315,40.2192],[23.2983,40.2333],[23.2213,40.2562],[23.195,40.258],[23.1736,40.2717],[23.1412,40.2751],[23.1164,40.2937],[23.0197,40.3248],[23.0204,40.335],[23.0053,40.3504],[23.0251,40.3587],[23.0328,40.352],[23.0397,40.3532],[23.0366,40.371],[23.0264,40.3744],[23.0283,40.3937],[23.048,40.3983],[23.0518,40.416],[23.0613,40.4188],[23.0582,40.4313],[23.0825,40.4247],[23.07,40.4231],[23.0895,40.3943],[23.0858,40.3857],[23.1068,40.3877],[23.1098,40.3762],[23.1213,40.3669],[23.1237,40.3778],[23.1507,40.4018],[23.1588,40.4183],[23.1765,40.4225],[23.1839,40.4153],[23.1731,40.4004],[23.1741,40.3859],[23.1901,40.3737],[23.2062,40.3698],[23.2764,40.3801],[23.3257,40.3719],[23.332,40.3667],[23.3412,40.3664],[23.3415,40.3623],[23.3613,40.3507],[23.3536,40.3407],[23.3542,40.333],[23.3322,40.3408],[23.3291,40.3172],[23.32,40.3216],[23.3127,40.3135],[23.3196,40.3072],[23.3279,40.3095],[23.3322,40.2883],[23.323,40.2853],[23.3316,40.2826],[23.3373,40.272],[23.336,40.264],[23.3574,40.2716],[23.3645,40.2668],[23.3664,40.254],[23.3549,40.2453],[23.3338,40.2164]]]]}},{"type":"Feature","properties":{"code":"9059","name":"Πολυγύρου","pe":"Π.Ε. Χαλκιδικής"},"geometry":{"type":"Polygon","coordinates":[[[23.1614,40.4349],[23.1571,40.4509],[23.1592,40.481],[23.1776,40.4743],[23.1818,40.48],[23.1752,40.4891],[23.1975,40.4966],[23.249,40.5039],[23.2797,40.4881],[23.3031,40.4861],[23.3162,40.4986],[23.3103,40.5076],[23.3102,40.5134],[23.3157,40.518],[23.3106,40.5226],[23.3135,40.532],[23.3107,40.5371],[23.3356,40.5381],[23.3463,40.5442],[23.3598,40.5407],[23.3597,40.5282],[23.375,40.5391],[23.3906,40.5344],[23.3956,40.538],[23.3909,40.5414],[23.4059,40.5547],[23.4027,40.5656],[23.4081,40.5747],[23.4054,40.5854],[23.4716,40.5822],[23.4855,40.5853],[23.4984,40.5703],[23.5251,40.5612],[23.5342,40.5539],[23.5106,40.5318],[23.5219,40.5225],[23.527,40.5046],[23.5368,40.4956],[23.5296,40.4764],[23.5298,40.4629],[23.5377,40.4669],[23.5588,40.4656],[23.5685,40.4544],[23.5952,40.4523],[23.6209,40.4107],[23.6089,40.4063],[23.6176,40.4026],[23.609,40.39],[23.6126,40.3838],[23.6182,40.384],[23.6201,40.3882],[23.635,40.3777],[23.6705,40.3751],[23.6788,40.3675],[23.6931,40.3719],[23.6949,40.3483],[23.6812,40.3469],[23.6431,40.3586],[23.6302,40.3531],[23.6374,40.3436],[23.6228,40.3378],[23.6218,40.3284],[23.6145,40.3287],[23.6168,40.3214],[23.6105,40.3078],[23.5961,40.2963],[23.6019,40.2929],[23.6098,40.2969],[23.6252,40.2963],[23.6412,40.2833],[23.6329,40.2678],[23.619,40.2604],[23.6156,40.2449],[23.6063,40.2402],[23.6067,40.2273],[23.5843,40.2251],[23.5572,40.2353],[23.5438,40.2343],[23.5469,40.24],[23.5456,40.2419],[23.5434,40.2346],[23.5389,40.2343],[23.5199,40.2418],[23.4965,40.2588],[23.4609,40.2622],[23.4235,40.2775],[23.4016,40.2795],[23.3899,40.275],[23.3664,40.254],[23.3616,40.2705],[23.336,40.264],[23.3373,40.272],[23.3316,40.2826],[23.323,40.2853],[23.3322,40.2883],[23.3279,40.3095],[23.3196,40.3072],[23.3127,40.3135],[23.32,40.3216],[23.3291,40.3172],[23.3322,40.3408],[23.3542,40.333],[23.3536,40.3407],[23.3613,40.3507],[23.3415,40.3623],[23.3412,40.3664],[23.332,40.3667],[23.3257,40.3719],[23.2764,40.3801],[23.2062,40.3698],[23.1901,40.3737],[23.1741,40.3859],[23.1731,40.4004],[23.1839,40.4153],[23.1614,40.4349]]]}},{"type":"Feature","properties":{"code":"9056","name":"Αριστοτέλη","pe":"Π.Ε. Χαλκιδικής"},"geometry":{"type":"MultiPolygon","coordinates":[[[[23.5444,40.5915],[23.5429,40.6056],[23.6082,40.5983],[23.6229,40.6055],[23.6422,40.6053],[23.6475,40.6299],[23.6568,40.6309],[23.6697,40.6423],[23.6828,40.6288],[23.7107,40.6367],[23.741,40.6265],[23.7569,40.6346],[23.7627,40.6334],[23.7805,40.6159],[23.7841,40.5924],[23.7961,40.5938],[23.7949,40.5887],[23.8028,40.5805],[23.8195,40.5804],[23.8228,40.569],[23.833,40.5575],[23.8518,40.5606],[23.8809,40.5526],[23.8829,40.5602],[23.8974,40.5534],[23.8932,40.5524],[23.8947,40.5448],[23.9076,40.5359],[23.9206,40.5336],[23.9116,40.5238],[23.8955,40.5195],[23.8293,40.5168],[23.8204,40.487],[23.8272,40.4598],[23.8383,40.4405],[23.8461,40.4412],[23.8522,40.4347],[23.85,40.4302],[23.8544,40.4239],[23.8919,40.3942],[23.9048,40.3929],[23.9309,40.3812],[23.9586,40.3797],[23.9607,40.3836],[23.9682,40.3774],[23.9967,40.3821],[24.011,40.3894],[24.0052,40.357],[24.0156,40.334],[24.01,40.3208],[24.0051,40.3146],[23.9982,40.3162],[23.98,40.3253],[23.9619,40.3479],[23.92,40.3648],[23.9029,40.3658],[23.8907,40.3603],[23.8595,40.3703],[23.8355,40.3668],[23.8092,40.3561],[23.7835,40.3371],[23.7675,40.3467],[23.7363,40.354],[23.7263,40.3446],[23.727,40.3334],[23.7064,40.3332],[23.694,40.3459],[23.6931,40.3719],[23.6788,40.3675],[23.6705,40.3751],[23.635,40.3777],[23.6201,40.3882],[23.6182,40.384],[23.6126,40.3838],[23.609,40.39],[23.6176,40.4026],[23.6089,40.4063],[23.6209,40.4107],[23.5952,40.4523],[23.5685,40.4544],[23.5588,40.4656],[23.5377,40.4669],[23.5298,40.4629],[23.5296,40.4764],[23.5368,40.4956],[23.527,40.5046],[23.5219,40.5225],[23.5106,40.5318],[23.5342,40.5539],[23.5106,40.569],[23.5444,40.5915]]],[[[23.9271,40.5271],[23.9273,40.5279],[23.9282,40.527],[23.9271,40.5271]]],[[[23.9256,40.5296],[23.924,40.5319],[23.9313,40.5301],[23.9256,40.5296]]],[[[23.868,40.5621],[23.8688,40.562],[23.8682,40.5613],[23.868,40.5621]]],[[[23.8051,40.6148],[23.8032,40.6168],[23.8084,40.6148],[23.8051,40.6148]]]]}},{"type":"Feature","properties":{"code":"9060","name":"Σιθωνίας","pe":"Π.Ε. Χαλκιδικής"},"geometry":{"type":"MultiPolygon","coordinates":[[[[23.7276,40.0579],[23.7276,40.0582],[23.7279,40.0581],[23.7276,40.0579]]],[[[23.7198,40.058],[23.7195,40.0582],[23.7199,40.0581],[23.7198,40.058]]],[[[23.7189,40.0581],[23.7188,40.0583],[23.7189,40.0583],[23.7189,40.0581]]],[[[23.73,40.0583],[23.7298,40.0584],[23.7301,40.0584],[23.73,40.0583]]],[[[23.7316,40.0587],[23.7312,40.0587],[23.7315,40.0589],[23.7316,40.0587]]],[[[23.7186,40.0614],[23.7189,40.0612],[23.7186,40.0612],[23.7186,40.0614]]],[[[23.7188,40.0616],[23.7185,40.0619],[23.7187,40.0619],[23.7188,40.0616]]],[[[23.7199,40.0583],[23.7167,40.0599],[23.7271,40.0654],[23.7327,40.0645],[23.7325,40.0596],[23.7199,40.0583]]],[[[23.7303,40.0656],[23.7299,40.0652],[23.7297,40.0659],[23.7303,40.0656]]],[[[23.7879,40.0902],[23.7881,40.0901],[23.7878,40.0901],[23.7879,40.0902]]],[[[23.7862,40.0913],[23.786,40.0911],[23.786,40.0914],[23.7862,40.0913]]],[[[23.7777,40.0944],[23.7774,40.0943],[23.7775,40.0945],[23.7777,40.0944]]],[[[23.7729,40.0957],[23.7727,40.0956],[23.7727,40.0959],[23.7729,40.0957]]],[[[23.7724,40.0959],[23.7721,40.096],[23.7724,40.0961],[23.7724,40.0959]]],[[[23.7724,40.0969],[23.7727,40.097],[23.7728,40.0968],[23.7724,40.0969]]],[[[23.7732,40.0972],[23.7731,40.097],[23.7729,40.0972],[23.7732,40.0972]]],[[[23.7727,40.0987],[23.7724,40.0985],[23.7725,40.0988],[23.7727,40.0987]]],[[[23.7749,40.1067],[23.7747,40.1067],[23.7746,40.1069],[23.7749,40.1067]]],[[[23.7743,40.1068],[23.7741,40.1067],[23.774,40.1069],[23.7743,40.1068]]],[[[23.7308,40.141],[23.7303,40.1407],[23.7302,40.1411],[23.7308,40.141]]],[[[23.7147,40.1732],[23.7144,40.1737],[23.7154,40.1735],[23.7147,40.1732]]],[[[23.7131,40.1757],[23.7139,40.1754],[23.7133,40.1753],[23.7131,40.1757]]],[[[23.6845,40.19],[23.6853,40.1902],[23.6852,40.1897],[23.6845,40.19]]],[[[23.7872,40.2002],[23.787,40.2003],[23.7871,40.2004],[23.7872,40.2002]]],[[[23.7872,40.2008],[23.7871,40.2007],[23.787,40.2008],[23.7872,40.2008]]],[[[23.7841,40.2027],[23.7839,40.2028],[23.7841,40.2029],[23.7841,40.2027]]],[[[23.7848,40.2029],[23.7846,40.2028],[23.7844,40.203],[23.7848,40.2029]]],[[[23.7732,40.2031],[23.7733,40.2028],[23.7731,40.203],[23.7732,40.2031]]],[[[23.7726,40.2053],[23.7725,40.2051],[23.7723,40.2052],[23.7726,40.2053]]],[[[23.7715,40.2054],[23.7713,40.2053],[23.7713,40.2054],[23.7715,40.2054]]],[[[23.7708,40.2131],[23.771,40.2129],[23.7708,40.213],[23.7708,40.2131]]],[[[23.7879,40.2069],[23.7957,40.2006],[23.7713,40.2061],[23.7753,40.2114],[23.7713,40.2131],[23.7737,40.2147],[23.7695,40.2238],[23.777,40.2231],[23.7758,40.2264],[23.7834,40.2197],[23.7774,40.2285],[23.7803,40.2297],[23.7885,40.218],[23.7887,40.218],[23.7886,40.2179],[23.789,40.2173],[23.7879,40.2069]]],[[[23.7621,40.217],[23.7619,40.217],[23.762,40.2172],[23.7621,40.217]]],[[[23.7699,40.2207],[23.7698,40.2208],[23.77,40.2208],[23.7699,40.2207]]],[[[23.77,40.222],[23.7698,40.2221],[23.77,40.2223],[23.77,40.222]]],[[[23.7628,40.2228],[23.7625,40.2229],[23.7629,40.2232],[23.7628,40.2228]]],[[[23.7689,40.2233],[23.7686,40.2234],[23.7689,40.2236],[23.7689,40.2233]]],[[[23.7638,40.2251],[23.764,40.226],[23.7644,40.2248],[23.7638,40.2251]]],[[[23.7659,40.2261],[23.7657,40.2263],[23.7659,40.2264],[23.7659,40.2261]]],[[[23.7688,40.2266],[23.7686,40.2262],[23.7685,40.2266],[23.7688,40.2266]]],[[[23.7552,40.2265],[23.7548,40.2264],[23.7549,40.2267],[23.7552,40.2265]]],[[[23.7659,40.2269],[23.765,40.2286],[23.7683,40.2286],[23.7659,40.2269]]],[[[23.769,40.2287],[23.7688,40.2284],[23.7686,40.2286],[23.769,40.2287]]],[[[23.7764,40.2316],[23.7749,40.2275],[23.7729,40.2285],[23.7764,40.2316]]],[[[23.7637,40.2304],[23.7631,40.2306],[23.7635,40.2307],[23.7637,40.2304]]],[[[23.7527,40.2328],[23.7517,40.2342],[23.7549,40.2341],[23.7527,40.2328]]],[[[23.8066,40.0193],[23.805,40.0221],[23.8069,40.0235],[23.8066,40.0193]]],[[[23.8025,40.0219],[23.8019,40.0222],[23.8019,40.0226],[23.8025,40.0219]]],[[[23.8037,40.0222],[23.8035,40.0221],[23.8034,40.0224],[23.8037,40.0222]]],[[[23.8107,40.0248],[23.8107,40.0244],[23.809,40.0247],[23.8107,40.0248]]],[[[23.8088,40.0333],[23.8084,40.0341],[23.8093,40.0341],[23.8088,40.0333]]],[[[23.8073,40.0376],[23.807,40.0377],[23.8072,40.0378],[23.8073,40.0376]]],[[[23.81,40.0384],[23.8099,40.0384],[23.8099,40.0386],[23.81,40.0384]]],[[[23.8112,40.0407],[23.811,40.0407],[23.8111,40.0409],[23.8112,40.0407]]],[[[23.8117,40.0414],[23.8114,40.0413],[23.8114,40.0416],[23.8117,40.0414]]],[[[23.8074,40.0434],[23.8072,40.0433],[23.8071,40.0435],[23.8074,40.0434]]],[[[23.8063,40.0438],[23.8066,40.0438],[23.8063,40.0435],[23.8063,40.0438]]],[[[23.8055,40.045],[23.8052,40.0449],[23.8052,40.0451],[23.8055,40.045]]],[[[23.8058,40.0456],[23.8056,40.0454],[23.8055,40.0456],[23.8058,40.0456]]],[[[23.699,40.3208],[23.695,40.3039],[23.6942,40.2854],[23.6983,40.276],[23.7102,40.2572],[23.7247,40.2523],[23.725,40.245],[23.7376,40.23],[23.7431,40.2312],[23.7398,40.2354],[23.7431,40.2387],[23.7493,40.2364],[23.7463,40.2301],[23.75,40.2244],[23.7568,40.2247],[23.7582,40.2319],[23.7613,40.2301],[23.7596,40.2116],[23.7704,40.2032],[23.7758,40.1917],[23.7912,40.1874],[23.8022,40.1894],[23.8006,40.1952],[23.8075,40.1947],[23.824,40.1807],[23.8846,40.168],[23.8964,40.1599],[23.9152,40.1581],[23.9348,40.1382],[23.9771,40.1261],[23.9813,40.1169],[23.9965,40.1091],[23.9817,40.1016],[23.9793,40.0847],[23.9849,40.0759],[24.0024,40.0656],[24.0077,40.0529],[23.9906,40.0505],[23.9859,40.0419],[23.9912,40.0356],[24.0173,40.037],[24.0172,40.0255],[24.0224,40.0175],[24.0174,40.0146],[24.0211,40.009],[24.0118,40.003],[24.0142,40.0014],[24.0075,39.9976],[24.0084,40.0006],[24.001,40.0014],[23.9997,39.9957],[23.995,39.997],[23.995,39.9936],[23.9992,39.9886],[23.991,39.991],[23.987,39.9863],[23.9993,39.9708],[23.9654,39.9634],[23.9788,39.9566],[23.9939,39.9568],[23.9906,39.9479],[23.9604,39.948],[23.9549,39.9464],[23.9572,39.9437],[23.95,39.9439],[23.9476,39.9381],[23.935,39.94],[23.9313,39.9388],[23.9289,39.9362],[23.9336,39.9454],[23.9178,39.9481],[23.9158,39.9584],[23.926,39.9594],[23.9245,39.9648],[23.9177,39.9711],[23.9172,39.9622],[23.9013,39.9607],[23.8982,39.9747],[23.9037,39.9815],[23.8909,39.9946],[23.8722,39.9959],[23.8669,40.0004],[23.8689,40.0054],[23.8672,40.0075],[23.8552,40.0156],[23.8474,40.0163],[23.837,40.0241],[23.8258,40.0232],[23.8283,40.0162],[23.8221,40.0142],[23.8298,40.0083],[23.8215,40.0058],[23.8229,40.011],[23.8177,40.0104],[23.8223,40.0201],[23.8165,40.023],[23.8131,40.0248],[23.812,40.0335],[23.8075,40.0378],[23.8125,40.038],[23.8129,40.0426],[23.7902,40.0567],[23.7937,40.0586],[23.7851,40.0667],[23.7896,40.069],[23.7864,40.0729],[23.7908,40.0776],[23.7911,40.0902],[23.7835,40.095],[23.7808,40.0923],[23.7777,40.0948],[23.7727,40.096],[23.7738,40.0973],[23.7727,40.0983],[23.7756,40.1048],[23.7732,40.117],[23.7576,40.1318],[23.7326,40.1426],[23.7263,40.1643],[23.7196,40.1727],[23.6981,40.1916],[23.6856,40.1907],[23.6792,40.1966],[23.6754,40.2089],[23.653,40.2244],[23.6067,40.2273],[23.6063,40.2402],[23.6156,40.2449],[23.619,40.2604],[23.6329,40.2678],[23.6412,40.2833],[23.6252,40.2963],[23.6098,40.2969],[23.6019,40.2929],[23.5961,40.2963],[23.6105,40.3078],[23.6168,40.3214],[23.6145,40.3287],[23.6218,40.3284],[23.6228,40.3378],[23.6374,40.3436],[23.6289,40.3507],[23.6341,40.3575],[23.6431,40.3586],[23.694,40.3459],[23.7068,40.3292],[23.699,40.3208]]],[[[23.8082,40.1948],[23.808,40.195],[23.8082,40.195],[23.8082,40.1948]]],[[[23.8075,40.1948],[23.8073,40.1948],[23.8073,40.195],[23.8075,40.1948]]],[[[23.8058,40.198],[23.805,40.1973],[23.8048,40.1977],[23.8058,40.198]]],[[[23.8062,40.1977],[23.8061,40.1976],[23.8059,40.1977],[23.8062,40.1977]]],[[[23.8063,40.1983],[23.8062,40.1981],[23.806,40.1983],[23.8063,40.1983]]],[[[23.8035,40.1984],[23.8034,40.1983],[23.8033,40.1984],[23.8035,40.1984]]],[[[23.8028,40.1987],[23.8027,40.1985],[23.8026,40.1987],[23.8028,40.1987]]],[[[23.8035,40.1989],[23.8033,40.1986],[23.8031,40.1989],[23.8035,40.1989]]],[[[23.8025,40.199],[23.8019,40.1989],[23.8023,40.1995],[23.8025,40.199]]],[[[23.7983,40.1998],[23.7981,40.1996],[23.798,40.1998],[23.7983,40.1998]]],[[[23.7986,40.2001],[23.7988,40.1999],[23.7985,40.1999],[23.7986,40.2001]]],[[[23.7904,40.2],[23.7902,40.1999],[23.7902,40.2001],[23.7904,40.2]]],[[[23.7898,40.2001],[23.7898,40.2],[23.7896,40.2],[23.7898,40.2001]]],[[[23.7951,40.2002],[23.7949,40.2002],[23.795,40.2003],[23.7951,40.2002]]],[[[23.7983,40.2003],[23.798,40.2002],[23.798,40.2004],[23.7983,40.2003]]],[[[23.7979,40.2003],[23.7977,40.2003],[23.7978,40.2004],[23.7979,40.2003]]],[[[23.7962,40.2006],[23.7964,40.2005],[23.7962,40.2004],[23.7962,40.2006]]],[[[23.7907,40.2054],[23.7905,40.2054],[23.7904,40.2056],[23.7907,40.2054]]],[[[23.7905,40.2061],[23.7908,40.2061],[23.7906,40.2059],[23.7905,40.2061]]],[[[23.7896,40.2077],[23.7895,40.2076],[23.7894,40.2078],[23.7896,40.2077]]],[[[23.7901,40.2079],[23.7899,40.208],[23.7902,40.208],[23.7901,40.2079]]],[[[23.7973,40.2107],[23.7963,40.2118],[23.7969,40.2122],[23.7973,40.2107]]],[[[23.7965,40.2123],[23.7963,40.2122],[23.7962,40.2124],[23.7965,40.2123]]],[[[23.797,40.2125],[23.797,40.2123],[23.7968,40.2125],[23.797,40.2125]]],[[[23.789,40.2128],[23.789,40.2126],[23.7888,40.2126],[23.789,40.2128]]],[[[23.7912,40.2201],[23.7911,40.2202],[23.7913,40.2202],[23.7912,40.2201]]],[[[23.7904,40.2205],[23.7892,40.2242],[23.7914,40.2242],[23.7941,40.2232],[23.7904,40.2205]]],[[[23.8221,40.0045],[23.8219,40.0044],[23.8218,40.0045],[23.8221,40.0045]]],[[[23.8251,40.0047],[23.8251,40.0045],[23.8249,40.0045],[23.8251,40.0047]]],[[[23.8258,40.0046],[23.8256,40.0048],[23.8259,40.0048],[23.8258,40.0046]]],[[[23.8222,40.0048],[23.822,40.0048],[23.8221,40.0049],[23.8222,40.0048]]],[[[23.8218,40.0051],[23.8214,40.0047],[23.8214,40.005],[23.8218,40.0051]]],[[[23.8319,40.0051],[23.8322,40.0052],[23.8321,40.005],[23.8319,40.0051]]],[[[23.8212,40.0055],[23.8213,40.0055],[23.8213,40.0053],[23.8212,40.0055]]],[[[23.8319,40.0054],[23.8317,40.0054],[23.8319,40.0055],[23.8319,40.0054]]],[[[23.8318,40.0059],[23.8314,40.0057],[23.8314,40.0062],[23.8318,40.0059]]],[[[23.831,40.0067],[23.8308,40.0069],[23.8311,40.0069],[23.831,40.0067]]],[[[23.8276,40.007],[23.8272,40.007],[23.8273,40.0072],[23.8276,40.007]]],[[[23.828,40.007],[23.8278,40.0072],[23.8281,40.0071],[23.828,40.007]]],[[[23.8306,40.0072],[23.8309,40.0072],[23.8309,40.0071],[23.8306,40.0072]]],[[[23.8306,40.0074],[23.8304,40.0075],[23.8305,40.0076],[23.8306,40.0074]]],[[[23.8301,40.008],[23.8299,40.008],[23.8298,40.0081],[23.8301,40.008]]],[[[23.8219,40.0093],[23.8216,40.0094],[23.8217,40.0095],[23.8219,40.0093]]],[[[23.8218,40.0099],[23.8215,40.0098],[23.8217,40.0101],[23.8218,40.0099]]],[[[23.8175,40.01],[23.8173,40.0102],[23.8175,40.0102],[23.8175,40.01]]],[[[23.8172,40.0107],[23.8171,40.0104],[23.817,40.0106],[23.8172,40.0107]]],[[[23.8569,40.0138],[23.8568,40.0135],[23.8568,40.0138],[23.8569,40.0138]]],[[[23.8558,40.0146],[23.8556,40.0145],[23.8554,40.0147],[23.8558,40.0146]]],[[[23.8549,40.0151],[23.8552,40.0151],[23.8549,40.0149],[23.8549,40.0151]]],[[[23.819,40.0151],[23.8187,40.0153],[23.8189,40.0153],[23.819,40.0151]]],[[[23.8468,40.0156],[23.8467,40.0154],[23.8464,40.0157],[23.8468,40.0156]]],[[[23.829,40.0159],[23.8288,40.0157],[23.8287,40.0159],[23.829,40.0159]]],[[[23.829,40.0164],[23.8287,40.0162],[23.8287,40.0164],[23.829,40.0164]]],[[[23.845,40.0169],[23.8448,40.0171],[23.8449,40.0172],[23.845,40.0169]]],[[[23.845,40.0178],[23.8447,40.0176],[23.8447,40.0178],[23.845,40.0178]]],[[[23.8298,40.0193],[23.83,40.0193],[23.8297,40.0191],[23.8298,40.0193]]],[[[23.83,40.02],[23.8298,40.0198],[23.8298,40.02],[23.83,40.02]]],[[[23.8341,40.0203],[23.8343,40.0202],[23.8341,40.0201],[23.8341,40.0203]]],[[[23.834,40.0206],[23.8337,40.0207],[23.8338,40.021],[23.834,40.0206]]],[[[23.829,40.0211],[23.8287,40.0211],[23.8287,40.0213],[23.829,40.0211]]],[[[23.818,40.0212],[23.8176,40.0212],[23.818,40.0213],[23.818,40.0212]]],[[[23.8173,40.0213],[23.817,40.0214],[23.8174,40.0215],[23.8173,40.0213]]],[[[23.8337,40.0215],[23.8339,40.0214],[23.8337,40.0214],[23.8337,40.0215]]],[[[23.8334,40.0214],[23.8331,40.0214],[23.8331,40.0216],[23.8334,40.0214]]],[[[23.8173,40.0219],[23.8175,40.0218],[23.8172,40.0218],[23.8173,40.0219]]],[[[23.8168,40.0224],[23.8164,40.0225],[23.8168,40.0226],[23.8168,40.0224]]],[[[23.8165,40.0228],[23.8163,40.0229],[23.8165,40.023],[23.8165,40.0228]]],[[[23.8149,40.023],[23.8145,40.023],[23.8146,40.0232],[23.8149,40.023]]],[[[23.8143,40.0233],[23.814,40.0233],[23.814,40.0235],[23.8143,40.0233]]],[[[23.8193,40.1867],[23.8196,40.1866],[23.8193,40.1865],[23.8193,40.1867]]],[[[23.8195,40.1873],[23.8193,40.1871],[23.8192,40.1873],[23.8195,40.1873]]],[[[23.8183,40.1879],[23.8179,40.188],[23.8183,40.1882],[23.8183,40.1879]]],[[[23.8179,40.1887],[23.8177,40.1887],[23.8179,40.1888],[23.8179,40.1887]]],[[[23.9307,39.936],[23.9305,39.936],[23.9305,39.9362],[23.9307,39.936]]],[[[23.9297,39.9364],[23.9303,39.9363],[23.9302,39.9361],[23.9297,39.9364]]],[[[23.9312,39.9363],[23.931,39.9362],[23.9309,39.9364],[23.9312,39.9363]]],[[[23.9318,39.9377],[23.9318,39.938],[23.9322,39.9379],[23.9318,39.9377]]],[[[23.9489,39.9386],[23.9486,39.9388],[23.949,39.9389],[23.9489,39.9386]]],[[[23.99,39.9592],[23.9897,39.9591],[23.9896,39.9594],[23.99,39.9592]]],[[[23.8994,39.9635],[23.8998,39.9634],[23.8994,39.9626],[23.8994,39.9635]]],[[[23.899,39.9673],[23.8988,39.9673],[23.8989,39.9675],[23.899,39.9673]]],[[[23.8987,39.9677],[23.8985,39.9677],[23.8985,39.9678],[23.8987,39.9677]]],[[[23.9899,39.9886],[23.9894,39.9887],[23.9896,39.9889],[23.9899,39.9886]]],[[[23.8916,39.9906],[23.8917,39.9904],[23.8913,39.9905],[23.8916,39.9906]]],[[[23.8869,39.9935],[23.8868,39.9933],[23.8866,39.9934],[23.8869,39.9935]]],[[[23.8863,39.9936],[23.8861,39.9936],[23.8864,39.9937],[23.8863,39.9936]]],[[[23.867,40.0019],[23.8668,40.0018],[23.8668,40.002],[23.867,40.0019]]],[[[23.8673,40.0023],[23.867,40.0022],[23.867,40.0025],[23.8673,40.0023]]],[[[23.8676,40.0053],[23.8674,40.005],[23.8674,40.0053],[23.8676,40.0053]]],[[[23.8681,40.0055],[23.8679,40.0054],[23.868,40.0056],[23.8681,40.0055]]],[[[23.8677,40.0062],[23.8677,40.006],[23.8674,40.0062],[23.8677,40.0062]]],[[[23.8672,40.0065],[23.8669,40.0064],[23.8668,40.0066],[23.8672,40.0065]]],[[[23.8624,40.0089],[23.8627,40.0089],[23.8625,40.0087],[23.8624,40.0089]]],[[[23.8624,40.0091],[23.8621,40.009],[23.8621,40.0092],[23.8624,40.0091]]],[[[23.8593,40.0107],[23.859,40.0107],[23.859,40.0109],[23.8593,40.0107]]],[[[23.8585,40.0116],[23.8587,40.0114],[23.8584,40.0114],[23.8585,40.0116]]],[[[23.8576,40.0137],[23.8573,40.0135],[23.8573,40.0137],[23.8576,40.0137]]],[[[23.9901,40.0807],[23.9906,40.0807],[23.9904,40.0802],[23.9901,40.0807]]],[[[23.9866,40.0816],[23.9863,40.0815],[23.9863,40.0817],[23.9866,40.0816]]],[[[23.9352,40.1395],[23.9349,40.1394],[23.9349,40.1395],[23.9352,40.1395]]],[[[23.934,40.1408],[23.9338,40.1407],[23.9337,40.1409],[23.934,40.1408]]],[[[23.9326,40.1416],[23.9328,40.1416],[23.9326,40.1414],[23.9326,40.1416]]],[[[23.9174,40.1576],[23.9168,40.1576],[23.9172,40.1579],[23.9174,40.1576]]],[[[23.9542,40.3085],[23.9541,40.3081],[23.9538,40.3083],[23.9542,40.3085]]],[[[23.9375,40.3087],[23.9377,40.3085],[23.9371,40.3085],[23.9375,40.3087]]],[[[23.952,40.3095],[23.9534,40.3082],[23.951,40.3082],[23.952,40.3095]]],[[[23.9595,40.3109],[23.9623,40.3094],[23.9584,40.3074],[23.954,40.309],[23.9595,40.3109]]],[[[23.9486,40.3091],[23.9487,40.3094],[23.9495,40.3092],[23.9486,40.3091]]],[[[23.9505,40.3089],[23.95,40.3094],[23.9506,40.3096],[23.9505,40.3089]]],[[[23.9668,40.311],[23.9672,40.3103],[23.9665,40.3106],[23.9668,40.311]]],[[[23.9672,40.3111],[23.9668,40.3111],[23.9668,40.3114],[23.9672,40.3111]]],[[[23.9613,40.3127],[23.9649,40.314],[23.9661,40.31],[23.9613,40.3127]]],[[[23.957,40.3121],[23.9562,40.3118],[23.9564,40.3125],[23.957,40.3121]]],[[[23.9606,40.3124],[23.9592,40.312],[23.9598,40.3127],[23.9606,40.3124]]],[[[23.9649,40.3179],[23.9639,40.3174],[23.9637,40.3189],[23.9649,40.3179]]],[[[23.926,40.3281],[23.9222,40.3237],[23.9241,40.3185],[23.937,40.3181],[23.949,40.3101],[23.9212,40.312],[23.9109,40.3223],[23.9075,40.3185],[23.8827,40.3303],[23.9158,40.3424],[23.926,40.3281]]],[[[23.8811,40.3337],[23.8808,40.3348],[23.8813,40.3348],[23.8811,40.3337]]],[[[23.8859,40.3343],[23.8852,40.3341],[23.8851,40.3344],[23.8859,40.3343]]],[[[23.8863,40.3347],[23.885,40.3359],[23.8865,40.3359],[23.8863,40.3347]]],[[[23.9969,39.9507],[23.9966,39.9506],[23.9966,39.9509],[23.9969,39.9507]]],[[[23.9958,39.9515],[23.9959,39.9513],[23.9956,39.9513],[23.9958,39.9515]]],[[[23.9952,39.9542],[23.9949,39.9541],[23.9949,39.9544],[23.9952,39.9542]]],[[[23.9942,39.957],[23.9939,39.9568],[23.994,39.9571],[23.9942,39.957]]],[[[23.9981,39.9762],[23.9981,39.976],[23.9978,39.9761],[23.9981,39.9762]]],[[[23.9971,39.9761],[23.9969,39.9762],[23.9971,39.9764],[23.9971,39.9761]]],[[[23.9977,39.9765],[23.9977,39.9763],[23.9975,39.9765],[23.9977,39.9765]]],[[[23.9981,39.9878],[23.9978,39.9878],[23.998,39.988],[23.9981,39.9878]]],[[[23.9989,39.9881],[23.9986,39.988],[23.9986,39.9882],[23.9989,39.9881]]],[[[23.993,39.9886],[23.9929,39.9888],[23.9932,39.9888],[23.993,39.9886]]],[[[23.9926,39.9889],[23.9924,39.9888],[23.9925,39.989],[23.9926,39.9889]]],[[[23.9936,39.9892],[23.9934,39.989],[23.9934,39.9891],[23.9936,39.9892]]],[[[23.9915,39.9896],[23.9913,39.9895],[23.9915,39.9897],[23.9915,39.9896]]],[[[23.9979,39.9948],[23.9979,39.995],[23.9981,39.995],[23.9979,39.9948]]],[[[23.9986,39.995],[23.999,39.9949],[23.9986,39.9949],[23.9986,39.995]]],[[[23.996,39.9951],[23.9963,39.995],[23.9961,39.9949],[23.996,39.9951]]],[[[23.9998,39.9951],[23.9994,39.9953],[23.9997,39.9953],[23.9998,39.9951]]],[[[23.9959,39.9952],[23.9958,39.9953],[23.9959,39.9953],[23.9959,39.9952]]],[[[24.0014,39.9958],[24.0009,39.9957],[24.0011,39.9961],[24.0014,39.9958]]],[[[24.0254,40.0195],[24.0251,40.0195],[24.0254,40.0198],[24.0254,40.0195]]],[[[24.025,40.0202],[24.0253,40.02],[24.0248,40.0198],[24.025,40.0202]]],[[[24.026,40.0274],[24.0257,40.0273],[24.0257,40.0275],[24.026,40.0274]]],[[[24.0265,40.0275],[24.0263,40.0279],[24.0267,40.0278],[24.0265,40.0275]]],[[[24.0262,40.0281],[24.0255,40.0278],[24.0258,40.0284],[24.0262,40.0281]]],[[[24.0259,40.0287],[24.0257,40.0291],[24.0261,40.029],[24.0259,40.0287]]],[[[24.0237,40.03],[24.0233,40.0298],[24.0231,40.0307],[24.0237,40.03]]],[[[24.0248,40.0306],[24.0254,40.0304],[24.0247,40.0303],[24.0248,40.0306]]],[[[24.0197,40.0311],[24.0201,40.031],[24.0197,40.0308],[24.0197,40.0311]]],[[[24.0199,40.0314],[24.0197,40.0313],[24.0196,40.0315],[24.0199,40.0314]]],[[[24.0222,40.0327],[24.0227,40.0325],[24.0228,40.0322],[24.0222,40.0327]]],[[[24.0186,40.0327],[24.0183,40.0328],[24.0186,40.0329],[24.0186,40.0327]]],[[[24.0219,40.0328],[24.0215,40.0328],[24.0217,40.0332],[24.0219,40.0328]]],[[[24.0064,40.0499],[24.006,40.0497],[24.0061,40.05],[24.0064,40.0499]]],[[[24.0059,40.0504],[24.0056,40.0504],[24.0056,40.0507],[24.0059,40.0504]]],[[[24.0054,40.0512],[24.005,40.0511],[24.0049,40.0517],[24.0054,40.0512]]],[[[24.0082,40.0549],[24.0081,40.0546],[24.0078,40.055],[24.0082,40.0549]]],[[[23.9993,40.0682],[23.999,40.0684],[23.9993,40.0684],[23.9993,40.0682]]],[[[23.999,40.0688],[23.9988,40.0687],[23.9988,40.0688],[23.999,40.0688]]],[[[23.9976,40.0702],[23.9973,40.0702],[23.9973,40.0704],[23.9976,40.0702]]],[[[23.9953,40.0718],[23.9949,40.0718],[23.9952,40.072],[23.9953,40.0718]]],[[[23.9957,40.0723],[23.9959,40.0722],[23.9955,40.0721],[23.9957,40.0723]]],[[[23.9946,40.0746],[23.9944,40.0741],[23.9942,40.0746],[23.9946,40.0746]]]]}},{"type":"Feature","properties":{"code":"9321","name":"Καντάνου - Σέλινου","pe":"Π.Ε. Χανίων"},"geometry":{"type":"MultiPolygon","coordinates":[[[[23.6701,35.2218],[23.6702,35.2222],[23.6716,35.2227],[23.6701,35.2218]]],[[[23.5814,35.2364],[23.581,35.2367],[23.581,35.2371],[23.5814,35.2364]]],[[[23.8269,35.2498],[23.8064,35.2471],[23.7992,35.2388],[23.7875,35.2405],[23.7842,35.2317],[23.7751,35.2334],[23.7665,35.2291],[23.7613,35.2372],[23.7506,35.2409],[23.7424,35.2372],[23.73,35.2408],[23.7193,35.2359],[23.698,35.239],[23.685,35.2331],[23.6819,35.2244],[23.6745,35.2229],[23.6781,35.2314],[23.6637,35.2389],[23.6404,35.2353],[23.6368,35.2288],[23.6349,35.2339],[23.6158,35.2297],[23.6138,35.2337],[23.6069,35.2317],[23.5973,35.2365],[23.5902,35.2313],[23.5743,35.2426],[23.575,35.2509],[23.5799,35.2536],[23.5775,35.2626],[23.5421,35.2712],[23.5522,35.2867],[23.5698,35.2943],[23.5647,35.3017],[23.5682,35.3095],[23.5639,35.3133],[23.565,35.3182],[23.5719,35.3178],[23.5765,35.3254],[23.5825,35.3213],[23.5913,35.3231],[23.6031,35.3313],[23.6121,35.3317],[23.6192,35.3441],[23.6292,35.3437],[23.6336,35.348],[23.658,35.3456],[23.6631,35.3389],[23.662,35.3276],[23.6837,35.337],[23.688,35.3454],[23.6976,35.348],[23.6974,35.3616],[23.7138,35.3664],[23.7108,35.3969],[23.7294,35.4003],[23.732,35.3953],[23.7469,35.3907],[23.7587,35.3708],[23.7987,35.3672],[23.8024,35.3624],[23.851,35.3504],[23.8636,35.3529],[23.8714,35.3445],[23.8837,35.3491],[23.8923,35.3402],[23.8927,35.3314],[23.909,35.3219],[23.8847,35.314],[23.875,35.3059],[23.8769,35.298],[23.9003,35.2936],[23.8904,35.2728],[23.8753,35.2644],[23.8676,35.2509],[23.8693,35.2362],[23.8269,35.2498]]]]}},{"type":"Feature","properties":{"code":"9322","name":"Κισσάμου","pe":"Π.Ε. Χανίων"},"geometry":{"type":"MultiPolygon","coordinates":[[[[23.5254,35.2663],[23.5219,35.2689],[23.5388,35.2703],[23.5254,35.2663]]],[[[23.5315,35.3675],[23.5307,35.3673],[23.5304,35.368],[23.5315,35.3675]]],[[[23.5343,35.3726],[23.5335,35.3724],[23.5345,35.3737],[23.5343,35.3726]]],[[[23.5599,35.475],[23.5594,35.4744],[23.5583,35.4747],[23.5599,35.475]]],[[[23.5623,35.504],[23.564,35.5062],[23.5635,35.5052],[23.5623,35.504]]],[[[23.476,35.5896],[23.4811,35.5865],[23.4773,35.5838],[23.4734,35.5837],[23.476,35.5896]]],[[[23.5294,35.2885],[23.516,35.2894],[23.5151,35.2923],[23.5236,35.2946],[23.5129,35.3061],[23.517,35.3076],[23.5205,35.3025],[23.5245,35.3137],[23.5324,35.3118],[23.5306,35.3192],[23.536,35.3159],[23.5479,35.3224],[23.5468,35.3305],[23.5391,35.3303],[23.5282,35.3393],[23.5377,35.35],[23.529,35.3606],[23.5376,35.3773],[23.5306,35.3825],[23.5407,35.3856],[23.5506,35.3956],[23.543,35.4042],[23.5457,35.4119],[23.5541,35.4131],[23.5522,35.4182],[23.5608,35.4157],[23.5678,35.4247],[23.5664,35.4359],[23.5693,35.4369],[23.5663,35.4394],[23.5699,35.4452],[23.5567,35.45],[23.5536,35.4647],[23.5565,35.4711],[23.5637,35.4705],[23.5645,35.478],[23.5791,35.4867],[23.577,35.5041],[23.5648,35.5107],[23.5729,35.5163],[23.5674,35.5254],[23.57,35.5369],[23.5762,35.5428],[23.5746,35.55],[23.5864,35.5636],[23.5812,35.5744],[23.5868,35.5821],[23.579,35.5844],[23.5768,35.5913],[23.5886,35.5872],[23.5884,35.58],[23.5914,35.5826],[23.5932,35.5996],[23.5997,35.6112],[23.596,35.6286],[23.61,35.6029],[23.6017,35.5924],[23.6068,35.578],[23.6044,35.5698],[23.6129,35.5626],[23.6119,35.521],[23.6286,35.514],[23.6376,35.5203],[23.6353,35.5162],[23.6391,35.5069],[23.6551,35.4996],[23.6877,35.5011],[23.7166,35.5077],[23.7304,35.5019],[23.7379,35.4969],[23.734,35.4784],[23.7402,35.4735],[23.7417,35.4636],[23.7292,35.4642],[23.7267,35.4601],[23.7227,35.4462],[23.7283,35.4443],[23.726,35.4367],[23.7307,35.4316],[23.7248,35.42],[23.7274,35.4003],[23.7108,35.3969],[23.7141,35.3672],[23.6974,35.3616],[23.6971,35.3473],[23.688,35.3454],[23.6837,35.337],[23.6633,35.3279],[23.6631,35.3389],[23.658,35.3456],[23.635,35.3481],[23.6292,35.3437],[23.6192,35.3441],[23.6121,35.3317],[23.6031,35.3313],[23.5913,35.3231],[23.5825,35.3213],[23.5765,35.3254],[23.5719,35.3178],[23.565,35.3182],[23.5639,35.3133],[23.5682,35.3095],[23.5647,35.3017],[23.5698,35.2943],[23.5522,35.2867],[23.5405,35.2723],[23.5294,35.2885]]],[[[23.5677,35.4825],[23.5677,35.4818],[23.566,35.4822],[23.5677,35.4825]]],[[[23.5631,35.4823],[23.5629,35.4827],[23.565,35.4825],[23.5631,35.4823]]],[[[23.5772,35.6059],[23.5742,35.612],[23.5802,35.617],[23.5854,35.6085],[23.5772,35.6059]]],[[[23.5935,35.6403],[23.5941,35.6345],[23.5763,35.6477],[23.5823,35.644],[23.5859,35.6462],[23.5935,35.6403]]]]}},{"type":"Feature","properties":{"code":"9323","name":"Πλατανιά","pe":"Π.Ε. Χανίων"},"geometry":{"type":"MultiPolygon","coordinates":[[[[23.7231,35.5181],[23.7222,35.5348],[23.7291,35.5463],[23.7239,35.5562],[23.7239,35.5723],[23.7079,35.597],[23.7114,35.6002],[23.7082,35.6086],[23.7163,35.6187],[23.7086,35.627],[23.7108,35.6322],[23.7053,35.6409],[23.7084,35.6591],[23.7171,35.6661],[23.7194,35.6749],[23.7252,35.6756],[23.7343,35.6861],[23.7369,35.6956],[23.7737,35.6684],[23.7616,35.6527],[23.7646,35.6411],[23.7722,35.6355],[23.7671,35.6346],[23.7707,35.6322],[23.7775,35.5998],[23.7786,35.5468],[23.8051,35.5369],[23.8312,35.536],[23.8415,35.5279],[23.9137,35.5197],[23.9194,35.5057],[23.916,35.4965],[23.9217,35.4901],[23.9161,35.4888],[23.9098,35.4779],[23.9168,35.4655],[23.9289,35.4577],[23.9379,35.4599],[23.9379,35.456],[23.9491,35.4553],[23.9651,35.4444],[23.9637,35.4132],[23.9865,35.391],[23.9788,35.3722],[23.9687,35.3627],[23.9782,35.3537],[23.9814,35.3395],[23.9751,35.3362],[23.9724,35.3417],[23.957,35.3443],[23.9503,35.3285],[23.9324,35.3242],[23.9093,35.2943],[23.8825,35.2968],[23.8769,35.298],[23.8769,35.3081],[23.9092,35.3209],[23.8927,35.3314],[23.8923,35.3402],[23.8837,35.3491],[23.8714,35.3445],[23.8636,35.3529],[23.851,35.3504],[23.8024,35.3624],[23.7987,35.3672],[23.7572,35.3714],[23.7469,35.3907],[23.732,35.3953],[23.7251,35.4072],[23.7253,35.4233],[23.7307,35.4316],[23.726,35.4367],[23.7283,35.4443],[23.7227,35.4462],[23.7267,35.4601],[23.7292,35.4642],[23.7417,35.4636],[23.7402,35.4735],[23.734,35.4784],[23.7379,35.4969],[23.7177,35.5081],[23.7231,35.5181]]],[[[23.9284,35.5314],[23.9248,35.5321],[23.9286,35.5418],[23.9392,35.539],[23.9284,35.5314]]],[[[23.9328,35.543],[23.9317,35.5421],[23.9316,35.5438],[23.9328,35.543]]]]}},{"type":"Feature","properties":{"code":"9325","name":"Χανίων","pe":"Π.Ε. Χανίων"},"geometry":{"type":"MultiPolygon","coordinates":[[[[23.9306,35.5228],[23.9454,35.5146],[23.9717,35.5123],[23.9881,35.5185],[23.9943,35.5117],[24.0229,35.5191],[24.0165,35.5198],[24.0242,35.52],[24.0275,35.516],[24.044,35.5214],[24.0494,35.5289],[24.0471,35.5353],[24.0538,35.539],[24.0523,35.5519],[24.0628,35.5483],[24.0587,35.5557],[24.0657,35.5477],[24.0874,35.5555],[24.0695,35.5826],[24.0781,35.5862],[24.0782,35.5927],[24.0949,35.5941],[24.097,35.5892],[24.0996,35.5976],[24.12,35.6018],[24.1759,35.5862],[24.1904,35.5663],[24.1969,35.5417],[24.2016,35.5382],[24.1858,35.5199],[24.1838,35.5061],[24.1649,35.5007],[24.1664,35.4948],[24.1528,35.497],[24.1523,35.4937],[24.1523,35.4968],[24.1153,35.5028],[24.1068,35.5082],[24.0916,35.5045],[24.0813,35.509],[24.0615,35.4994],[24.0581,35.4933],[24.0645,35.4897],[24.0774,35.4911],[24.0761,35.4886],[24.1092,35.4786],[24.1189,35.471],[24.1493,35.4727],[24.156,35.4664],[24.1394,35.4506],[24.1187,35.4555],[24.1096,35.4363],[24.0943,35.4196],[24.0867,35.4208],[24.0828,35.3977],[24.072,35.3789],[24.0454,35.3489],[24.0388,35.3462],[24.0295,35.3562],[24.0134,35.3552],[24.009,35.3518],[24.0081,35.336],[23.9903,35.3299],[23.9809,35.3297],[23.9754,35.3356],[23.9814,35.3395],[23.9804,35.3486],[23.9687,35.3619],[23.9788,35.3722],[23.9865,35.391],[23.9637,35.4132],[23.9656,35.4437],[23.9491,35.4553],[23.9379,35.456],[23.9379,35.4599],[23.9289,35.4577],[23.9168,35.4655],[23.9098,35.4779],[23.9161,35.4888],[23.9217,35.4901],[23.916,35.4965],[23.9194,35.5048],[23.9137,35.5197],[23.9306,35.5228]]],[[[24.1509,35.4897],[24.1535,35.4906],[24.1522,35.486],[24.1509,35.4897]]],[[[24.1495,35.4916],[24.1509,35.4912],[24.1507,35.4903],[24.1495,35.4916]]],[[[24.1771,35.5004],[24.1816,35.499],[24.1791,35.4974],[24.1771,35.5004]]]]}},{"type":"Feature","properties":{"code":"9319","name":"Αποκορώνου","pe":"Π.Ε. Χανίων"},"geometry":{"type":"MultiPolygon","coordinates":[[[[24.176,35.4521],[24.2012,35.4495],[24.2074,35.4621],[24.217,35.4636],[24.2209,35.4602],[24.2421,35.4754],[24.248,35.462],[24.2583,35.4553],[24.2595,35.4384],[24.2545,35.4308],[24.2634,35.4258],[24.2631,35.3973],[24.2573,35.3801],[24.2629,35.3695],[24.2587,35.3638],[24.264,35.3668],[24.2641,35.3618],[24.276,35.358],[24.3174,35.3538],[24.3229,35.3256],[24.3312,35.3122],[24.332,35.2923],[24.3276,35.2858],[24.2916,35.2709],[24.2776,35.2614],[24.2702,35.2492],[24.2549,35.2751],[24.2376,35.29],[24.2505,35.299],[24.2501,35.311],[24.2194,35.3145],[24.2117,35.3218],[24.1744,35.3125],[24.1199,35.3363],[24.1079,35.3194],[24.0907,35.3243],[24.0688,35.3226],[24.0578,35.3412],[24.0435,35.3476],[24.072,35.3789],[24.0828,35.3977],[24.0867,35.4208],[24.0943,35.4196],[24.1096,35.4363],[24.1187,35.4555],[24.1394,35.4506],[24.157,35.4652],[24.176,35.4521]]],[[[24.1948,35.456],[24.1944,35.4543],[24.192,35.4559],[24.1948,35.456]]]]}},{"type":"Feature","properties":{"code":"9324","name":"Σφακίων","pe":"Π.Ε. Χανίων"},"geometry":{"type":"Polygon","coordinates":[[[24.2842,35.2401],[24.3046,35.2383],[24.2941,35.2155],[24.2921,35.2],[24.2844,35.1916],[24.2885,35.1814],[24.2853,35.1752],[24.2713,35.1805],[24.2585,35.1791],[24.2491,35.1842],[24.24,35.18],[24.2305,35.1813],[24.1974,35.2012],[24.1547,35.192],[24.1416,35.1937],[24.1362,35.2014],[24.1264,35.2031],[24.1083,35.2027],[24.1019,35.1985],[24.0864,35.2034],[24.0788,35.2006],[24.0809,35.1974],[24.0745,35.1925],[24.0713,35.1931],[24.0723,35.2],[24.067,35.2008],[24.0505,35.194],[24.0306,35.196],[24.0149,35.2035],[23.9999,35.2235],[23.9902,35.229],[23.9523,35.2297],[23.9458,35.225],[23.9226,35.2215],[23.8823,35.2393],[23.8693,35.2362],[23.8668,35.2434],[23.8753,35.2644],[23.8904,35.2728],[23.8998,35.2957],[23.9093,35.2943],[23.9324,35.3242],[23.9503,35.3285],[23.957,35.3443],[23.9724,35.3417],[23.9809,35.3297],[23.9903,35.3299],[24.0081,35.336],[24.01,35.3533],[24.0295,35.3562],[24.0388,35.3462],[24.0578,35.3412],[24.0688,35.3226],[24.0907,35.3243],[24.1079,35.3194],[24.1199,35.3363],[24.1744,35.3125],[24.2117,35.3218],[24.2194,35.3145],[24.2501,35.311],[24.2505,35.299],[24.2376,35.29],[24.2549,35.2751],[24.2702,35.2492],[24.2842,35.2401]]]}},{"type":"Feature","properties":{"code":"9320","name":"Γαύδου","pe":"Π.Ε. Χανίων"},"geometry":{"type":"MultiPolygon","coordinates":[[[[24.1054,34.8682],[24.1096,34.8608],[24.1222,34.8608],[24.1257,34.8541],[24.1171,34.8486],[24.1119,34.8324],[24.1333,34.8073],[24.1232,34.802],[24.0724,34.8257],[24.051,34.8395],[24.0446,34.8522],[24.0365,34.8563],[24.0598,34.8573],[24.0641,34.8611],[24.0613,34.8651],[24.0664,34.8672],[24.0632,34.8686],[24.0649,34.8725],[24.1054,34.8682]]],[[[24.0639,34.8767],[24.0657,34.8766],[24.0658,34.8762],[24.0639,34.8767]]],[[[24.0119,34.9287],[24.0132,34.9204],[24.0075,34.9196],[23.9892,34.9399],[24.0119,34.9287]]]]}}]}